feature,importance_global,importance_mean,importance_median,importance_variance
nBondsM,0.45615388052604233,0.9578286739126585,1.0,0.006935398871666164
SlogP_VSA8,0.43169784508735454,0.8063120283737722,0.822782112060694,0.017799772981833047
SpDiam_A,0.40007819104344744,0.7669837184168584,0.8034068800723688,0.022599131714413606
SMR_VSA3,0.38038205603716646,0.7203110635695203,0.7352523354741233,0.020094594640039147
PEOE_VSA3,0.3771777550235118,0.7992798328317431,0.8121989756686463,0.017839455354723584
VSA_EState8,0.36060079739869355,0.5623853002240833,0.5837835794912486,0.02750540087349941
SMR_VSA7,0.35034322517782535,0.6732608839671633,0.6878082542953454,0.022728567795999573
SpMax_A,0.34208563721767105,0.7853573613472374,0.782811145372119,0.01597224484652082
Xch-5dv,0.3409590195684298,0.6534438333186118,0.6865347486532237,0.02407233421840056
BCUTc-1l,0.32629886242020856,0.6185921698870293,0.63155905742166,0.023972904322358497
Xch-6d,0.3221260122664473,0.5558328308740157,0.5835718752565765,0.025276248809157947
piPC3,0.3123798662415096,0.6727970884126385,0.6709307235425838,0.014241569261283796
piPC4,0.29758424690781204,0.5758549070958999,0.5894638347534984,0.017551821304311335
EState_VSA6,0.2973199541197111,0.5008010516835697,0.5424871078713218,0.023782306994329115
SaasN,0.2905515865905106,0.6622233885877373,0.6666745604999468,0.0193715511056174
SMR_VSA9,0.28580057886405896,0.5791829208482627,0.5894397410782568,0.020116899818850353
SlogP_VSA6,0.2742882818780763,0.5234936336524374,0.5522983490601269,0.024344623514201837
BCUTc-1h,0.27345892927155635,0.468499211311687,0.49864868581322674,0.023098655367883976
PEOE_VSA10,0.2673592884670284,0.4917447235736516,0.5123038322982292,0.020513617117646762
VSA_EState1,0.26302078734131573,0.4858514366499229,0.5291682461645242,0.03188803257269258
BalabanJ,0.26105343571769435,0.5729825129218142,0.5671815488001574,0.018545386870693258
VSA_EState7,0.26017680612988014,0.5543663790394887,0.5524193165848443,0.015456791253173984
piPC5,0.25982348253846066,0.5601126034373304,0.5487159442147114,0.017132765954136698
TopoPSA,0.2582333956796474,0.5028513712435757,0.5391883781984601,0.021787408577985376
BCUTs-1l,0.25785806041673576,0.43686539465493524,0.45022775268060733,0.0220156973405883
Xch-5d,0.2569295546213417,0.5116641396458135,0.5393433428150296,0.01684135757301682
AATS8p,0.2543449528388284,0.5448991726764516,0.5467445843968854,0.017655038872165355
SlogP_VSA4,0.25387026157223147,0.4169184999569158,0.42204643102975303,0.013676225979099139
AMID_N,0.2536379679429084,0.5282686613600134,0.5240187808828582,0.01508603917337289
PEOE_VSA4,0.2480338293313893,0.4455580807853297,0.4556268268489127,0.014979383351998112
NaaCH,0.24484765881646275,0.43871104010385537,0.4499031078795029,0.017361262624602553
AETA_alpha,0.24393739467443742,0.35514577304804557,0.38850799489905974,0.022637903822293047
SdssC,0.24391902834909907,0.4883706394740642,0.5072781038527946,0.01224367781234617
BCUTare-1l,0.2434238652234102,0.48632657214588154,0.5024043372523594,0.01737689934484666
VSA_EState2,0.24264383734287032,0.5739110737487882,0.5758271098682853,0.014167781205420725
AXp-5d,0.2414676689934092,0.5245801446344028,0.5562683368976453,0.019172405327381147
Xch-6dv,0.23542338059184997,0.5082660404195708,0.5217360683589859,0.01691291999595134
GGI7,0.23403640021853978,0.3739417949380392,0.394894405199993,0.0184440573688753
piPC6,0.2271194908416736,0.5047565701772423,0.4979010385262021,0.014060853165111162
BCUTi-1h,0.22692394645606573,0.33102140790390716,0.32784639857525594,0.01638781316517391
SaaCH,0.225581486002306,0.43840433983153015,0.46589493308884766,0.019606895466600348
ETA_dAlpha_B,0.2247244967894737,0.34447567760843095,0.3712064066514312,0.018821341085757715
MDEC-23,0.22217666085109844,0.4656795231333902,0.47812029478502444,0.01571395868823427
EState_VSA4,0.22024388594198996,0.40709366382179335,0.39782240852726153,0.016674694642976873
TopoPSA(NO),0.21750024960690784,0.4254185212185652,0.4507096638105657,0.02055662162685613
SssNH,0.2145096087371119,0.3969627873942582,0.41322487665075675,0.01417854486403199
SMR_VSA5,0.2138689753506271,0.33572767404802917,0.3436163518826685,0.016072394658223712
MINaaCH,0.21313871422656305,0.45267670043277036,0.45375385504440585,0.01753364794044106
MATS1i,0.21191042951830763,0.43455292745042723,0.44285542085372315,0.01870130919862401
nBondsKD,0.2116702227911098,0.4519968364146933,0.4533543283511631,0.013757987169003758
AXp-0d,0.21119695069925903,0.37835566771652285,0.42152354361286337,0.02279032604710295
Xch-7d,0.20987149945618855,0.4113262323994408,0.4110642953008236,0.01489326404245648
AXp-4d,0.2097372152117023,0.4976473703369219,0.5059169684523549,0.015866857445556336
GGI10,0.20916092578817258,0.38015090133060603,0.4001633498861719,0.01720997616617603
VE1_A,0.20744436908490238,0.3719577451471133,0.38685003298461357,0.01611151582120536
AATS1i,0.20651897259380503,0.41119299250328917,0.40355111685094336,0.01441054155249976
SIC5,0.20644473379060857,0.37385138608772656,0.3803833715711695,0.022404905670878137
SssCH2,0.20613933730934786,0.3819575052890077,0.3880060174589361,0.01217571023153853
GGI5,0.20394559165095982,0.33669774131663993,0.3564714691173893,0.021870312421057955
PEOE_VSA11,0.20389953030090258,0.31913170640509886,0.3519412555104527,0.016336735740442886
GATS7p,0.2032416919787341,0.4122954028125995,0.406391552005686,0.014292998925813344
SM1_Dzv,0.20181446943242287,0.3622392294596945,0.39592657498263806,0.016952584638375616
JGI5,0.20138987500424266,0.4455856474104774,0.4408092391082264,0.014734779391408676
MIC2,0.2008260263394539,0.3714584268625124,0.39561581010136027,0.01989960407567454
SlogP_VSA5,0.20047640325049665,0.32088267785426644,0.31984379520671136,0.01575254151775504
ATSC1c,0.19933871619900723,0.42380266928711974,0.43400683637129944,0.01601927010726515
SaaaC,0.19911807947978444,0.3764416094791624,0.38473530541542544,0.011959085641857747
ETA_beta,0.19901232786383094,0.3750732189279802,0.385552923194175,0.011248321389759406
SdsN,0.19883860022067523,0.39263690105325944,0.40352016851309275,0.007797931351306636
MATS1p,0.19742925484769014,0.3385062680062359,0.3592973489298594,0.017321790599091818
VR3_A,0.1973422227587247,0.4341789216213076,0.44196891826567053,0.01336471183212671
SdsCH,0.19690684240668244,0.4222724053650153,0.42830975044359276,0.009154845321500205
SlogP_VSA2,0.1962980056077246,0.3733935093664591,0.378718741195128,0.01629674022847486
GGI6,0.19573462173807377,0.3067785451245917,0.32386212757533395,0.016685275310771876
JGI3,0.1954774456026982,0.39637898374846814,0.3979342107664633,0.016490181103889643
MDEC-22,0.19274962625779368,0.3595810289674497,0.37295841934348944,0.017177048617628164
EState_VSA8,0.19176211581265834,0.3873591442396523,0.41640779339440853,0.026929140076298465
ATSC1i,0.19170578277934114,0.3238585592899501,0.34016913147393935,0.016689424313835122
SM1_Dzp,0.19091061695166545,0.2812536412830824,0.2892803217259763,0.021347883312583964
ATS1p,0.19090842460405577,0.2913135327458968,0.3019814749634006,0.015463188954899482
AATS8v,0.19057116773746285,0.4437608856325768,0.4368733622068331,0.018708647700618763
GGI3,0.18984816147567773,0.3229395286860085,0.3217863846177656,0.016349047948593976
AETA_eta_F,0.18975064237236916,0.3243822520853477,0.34814993105785985,0.01601968465998131
MPC10,0.18948636151271891,0.3961400203570605,0.40701228652155136,0.01892020631907201
VSA_EState3,0.18894709785469344,0.40835796588332934,0.42104520896450154,0.02026538575236026
ETA_dEpsilon_D,0.18882716940143318,0.4018388182826083,0.38884521179634723,0.01961335752710863
Synthetic_Accessibility,0.18722331122841096,0.44283015235592355,0.44037712317639877,0.009518942394826908
AATS7p,0.1859624990981077,0.3315269366899685,0.3418061566213313,0.018447117054197684
SsCH3,0.1854865599467148,0.36907637216627764,0.3597340181907752,0.012356488998676522
BertzCT,0.18528970024340996,0.3525183765764991,0.36189643510719766,0.01700483799105541
PEOE_VSA8,0.18452384971544422,0.33292214378024265,0.34010330108936193,0.01426664492867083
NssCH2,0.1844186017656857,0.3649194810449403,0.36389843972680413,0.011278522585210306
GATS6d,0.1835569261250778,0.30978525939279394,0.3094092699921783,0.01565867792581621
ETA_shape_p,0.18296911589923104,0.38383696212144924,0.3937157073101707,0.015334380111516723
AETA_eta_RL,0.18245838259968972,0.2942054377344404,0.2903900082874739,0.01792354814492685
nBondsS,0.18184854922085547,0.35678496185726877,0.3760613781426835,0.020105364080224567
RotRatio,0.17969458569504893,0.4080656124756944,0.4087738642259847,0.014580874540005694
SMR_VSA4,0.17894575323841821,0.3197498428974746,0.32443345949958396,0.007278715990671175
AATSC0i,0.1785615283995119,0.3830455727168662,0.37322820267100276,0.018175592388906016
C1SP3,0.17815957408068206,0.3366284343569352,0.33648510344884797,0.012826658525919849
EState_VSA7,0.17681368139095088,0.26315644996052806,0.2924706602388735,0.01739635416804551
SIC4,0.17597427976174362,0.3340575110849321,0.3406653301529637,0.018068083866396027
ETA_beta_ns,0.17577598329471344,0.43282640443008846,0.43186458277012174,0.01238117080125728
AETA_dBeta,0.17543139789340056,0.32709609086918817,0.3390411612581429,0.016591043335886124
MDEC-33,0.17526200765675126,0.3029981243321904,0.33697233241580155,0.022911438572572683
ETA_eta_FL,0.17490525401873436,0.3504059905927874,0.351262017685846,0.010710117580273872
ATSC0c,0.17467434453067066,0.30199880268905993,0.3217545169834282,0.015011405769410327
ATSC7v,0.1745994711354948,0.37714282758950723,0.3862987228179803,0.013107132976511839
BCUTse-1h,0.1741201971283366,0.2568837206791848,0.26861670111751584,0.01500432738452567
SsssN,0.1722820246728105,0.37824539862637097,0.3740220609643472,0.0074055998641706375
BCUTp-1l,0.17213181663004917,0.29559209682141574,0.3103160478039236,0.014279779359155203
CIC5,0.17148629701393325,0.3304201671478706,0.3331777650571726,0.01658461715416004
AETA_beta_ns,0.17133121228708736,0.3392102761597931,0.3461391536360928,0.015054103079031178
GATS1are,0.1711430642581,0.32030349696298355,0.3380532713680432,0.014999859665844224
AXp-3d,0.17068156865378326,0.393007599527469,0.39462003475048085,0.014948540769656331
EState_VSA3,0.17060011950927345,0.28256402862883256,0.29951371686763706,0.015936326137611947
MIC1,0.17017085699179546,0.33039071843305845,0.3358915001505335,0.017204063353219754
RNCS,0.16984274403913302,0.3925497634015996,0.40345683976361707,0.016259244479114403
AATS0p,0.16958407159866784,0.2666356220403652,0.27314079588178763,0.013064688078785395
AATS8d,0.16927023058720891,0.3450363952799962,0.3398661813185007,0.013207229638470055
PEOE_VSA1,0.1689764501780342,0.37949365606284546,0.3775191393777314,0.010272946181160128
AATSC7i,0.167611059205778,0.24552891584661185,0.2549371193963351,0.01387251366074858
SlogP_VSA3,0.1675028709830806,0.35170437032217405,0.358883924997599,0.010454122899668964
Xp-6d,0.16736738036482368,0.31920419127462496,0.3398182837087761,0.020511923189543
piPC2,0.1667052652662524,0.3561378867354997,0.35755037885770463,0.01362814566876844
PEOE_VSA9,0.1665281953628024,0.27662910671883634,0.29320666662093686,0.014482404724762598
AATS8dv,0.16648039199753528,0.259796840518761,0.27123811640787865,0.01623157493176076
AATS4d,0.1658152633450487,0.3906250321477236,0.3723987479570605,0.021962996935062783
FCSP3,0.16536279372936935,0.3657502541692598,0.3926273159334542,0.01784337467251347
IC1,0.16501948009237166,0.3411384181775203,0.3392839311724389,0.011687811892238992
AATS8s,0.16484384241941097,0.31693300105635724,0.3217407956131481,0.013413127161849786
GATS3c,0.16440816819627635,0.36295059145964775,0.36489655621658695,0.017923178161118217
ETA_eta_B,0.164390246136064,0.22953934986565933,0.2291210088522499,0.014667212957463864
GATS1pe,0.16410312238529468,0.26608501021247694,0.28779340516207025,0.01468083539826942
GATS1se,0.16395466409383808,0.24635985494651597,0.2643972307164146,0.01765673025600556
PEOE_VSA12,0.16370794131712207,0.29267922043056177,0.2997970256656384,0.007493707357423785
AETA_beta,0.16358087313818848,0.3132694074755829,0.3205500242854375,0.01598306742327675
iLOGP,0.16322829221101243,0.38821853295437403,0.36420476288789433,0.016227774119554537
nRot,0.16317365294991282,0.32554306051578685,0.32070795763020515,0.013221219163536519
AETA_beta_s,0.16285489930041708,0.28440864797853693,0.2954589615368939,0.01324552592713568
Xp-7d,0.16281623828758285,0.268840724294718,0.2879750900403206,0.016898099737896376
MATS7p,0.1622455689528226,0.3168350517373511,0.33262382723316175,0.016106548199241115
GeomRadius,0.16201564690849812,0.3370975115082853,0.3257870570219309,0.015159991410427138
AATS3pe,0.16164562235446933,0.3336017695328224,0.34357910270535635,0.014643164886931126
AATS7dv,0.16107492400451529,0.34376325219871534,0.3312585808372591,0.014652043296747375
SlogP_VSA10,0.1608696709891042,0.3131026578186776,0.32595940922137934,0.012248690935333135
MATS1s,0.16019784897324785,0.3517957850768962,0.35059336164208504,0.014276084862798449
SaaNH,0.15957698288695754,0.2888030078029293,0.30280631206201847,0.011939826380811964
WPSA3,0.15853385419360455,0.3004958401336563,0.3236148063292725,0.01651394370836363
ATSC1v,0.1584377389556031,0.3121673071249796,0.33090670269411077,0.014799981437764233
SM1_Dzi,0.15813399220285662,0.3300519405036189,0.34110835986481924,0.015050019474345536
AATSC1dv,0.1569267925693798,0.3035177314798898,0.31195781081536467,0.013156954330677293
Xpc-6d,0.15670833277891472,0.33930041728176463,0.34185834459213715,0.016073464534270093
AETA_beta_ns_d,0.15655596026963048,0.3210606531213365,0.32646613410769054,0.009194782223449962
TIC2,0.1560419148947516,0.25864525151529827,0.2781112073428288,0.01488691015084672
MINaasC,0.1560043850424755,0.3128469253138737,0.3150478253446768,0.013309214218696748
AETA_eta_FL,0.15349648070206579,0.29856566099302656,0.2939685495863055,0.012540224908120153
mZagreb1,0.153235632051405,0.22405256083920094,0.23398381895709683,0.014440328818256512
AATS7v,0.15246811574916652,0.2508223279733986,0.24049018215953621,0.012981125879646654
ZMIC1,0.15187190884435564,0.27957559897426876,0.2783445924715789,0.013789619600434781
SlogP_VSA1,0.15166141092557917,0.3178602572497903,0.3330121850195735,0.013428028478098852
C2SP2,0.15065044836580377,0.3399875844310359,0.3294202086866384,0.015561444910646705
Xp-1dv,0.15031205385422375,0.2535406217125253,0.25566374116683943,0.013138134276185922
ZMIC5,0.15003852671263251,0.21565242727616374,0.2132318657037429,0.011947031653181023
Mor02p,0.15002965993604933,0.34993722146294504,0.34443267861835825,0.011714712534221293
AETA_eta_L,0.14990468006385127,0.34012480063933753,0.34894523384263243,0.013106353482358956
CIC4,0.14899484869679336,0.29785544499048144,0.30477380712100205,0.015351625583952061
ETA_eta_BR,0.1485726217411023,0.21472721325826258,0.21722465886841777,0.013721522569919367
JGI1,0.14829683273159855,0.26833930690098057,0.27646437272507673,0.013715538067909294
AMID,0.14822051974490025,0.28822537417669636,0.2933866373359813,0.010702505293405646
AATS6i,0.14807020853358877,0.3279116571858572,0.33059847114236907,0.015230508506911248
WPath,0.14798615529950565,0.2614067427564215,0.27773331690898895,0.01420339779216621
IC5,0.14792666022772494,0.36488462109367,0.36179957048622446,0.016459102246390064
AATSC0p,0.14734684693803235,0.3814385607948124,0.373824357926831,0.014473591212965918
ATS2p,0.147319395332965,0.2781448237757117,0.28849486908195615,0.013051741792128814
AXp-3dv,0.14709381316171344,0.29872731801071156,0.2926154664010463,0.013223489553204012
AXp-4dv,0.14671578809906105,0.3415642572098969,0.33901813469850134,0.014133570545039484
PEOE_VSA7,0.14646723838010134,0.30955688381031027,0.3239690214179692,0.013828001199749885
ATSC6d,0.14637849983623363,0.29432608313035785,0.2905450180372504,0.015061183600490484
ETA_dBeta,0.14636318022553318,0.3193766287199368,0.33908824790873326,0.015296612344678382
BCUTdv-1h,0.14617208499129442,0.2212917768238935,0.23327069935072833,0.009670235590850198
AATSC1i,0.14610981988584149,0.3355655949491553,0.3342759879474665,0.016461860698975667
AETA_eta_B,0.145830521330645,0.2657922240648128,0.2625104313903308,0.015406426869520802
Xch-7dv,0.14504251977562665,0.3056398008511099,0.3148136272136662,0.02003721146925577
AATS3v,0.14438647360370904,0.27872575573209846,0.2938466774327448,0.013121089613080346
SM1_Dzse,0.144318965538083,0.20519954673494367,0.2216357336073886,0.011971257502968615
Mor27m,0.14329117277076575,0.29368532069080966,0.285498829061221,0.017234878890994388
WPSA1,0.14317813016141345,0.2834981713260906,0.2799865645183255,0.01794722098398723
GATS3p,0.1430678118555262,0.301791457963572,0.30753795298406994,0.015602031857426986
GATS1dv,0.14292487528083608,0.29346827438092954,0.2933679696843708,0.013699911497864238
ATSC7p,0.1425691328405314,0.36687806117768645,0.3611166219792495,0.016740259721862
EState_VSA9,0.14233362633111968,0.23590580781052017,0.24808147915607745,0.016346637509940632
AXp-1dv,0.1401323680331581,0.2611605166252092,0.2623685548645861,0.013385872857776659
PPSA4,0.14011721894397766,0.2901559281308488,0.28645963054310225,0.014025903920406707
Xpc-5d,0.14003388229131453,0.29923443659953036,0.31342685214375254,0.016284551391324228
Xc-5dv,0.13994121215992017,0.2815544776244584,0.2808258887247995,0.012976902256403262
GATS7v,0.13971116811032624,0.2578230480300139,0.2715810276405701,0.013036024182140935
fragCpx,0.1394293067768566,0.2547379018408526,0.2708636132422206,0.011288353699548954
AATSC0v,0.13878839833054668,0.19318244791875283,0.2070883002365414,0.01371436244884192
AATSC1p,0.13845823167193316,0.3240520906620513,0.31365224623168064,0.013413718505012306
AETA_eta,0.13778335016357035,0.27843569649783184,0.28072577648912,0.014574521405908984
AATSC0s,0.13753921186893514,0.20385616043674873,0.2037737425565104,0.012636025936093958
FNSA2,0.13730905566402862,0.2661502024560259,0.2789198697753419,0.011770595500620824
ATS7p,0.1370963908728151,0.22862903709685778,0.23805616058999876,0.013050994792103983
AATS3are,0.13686626272121627,0.2880727029145806,0.2954308481787301,0.01323380354273178
nH,0.13621698770723478,0.2524308486568247,0.2756778474849116,0.01631361702573844
AATS6dv,0.1360669135414776,0.25840728098119925,0.2574527889248165,0.015167184861453114
ATS0s,0.13566216781056673,0.22522395635670137,0.24508462343796916,0.011333531550419185
GATS1s,0.13554748096710378,0.2752759208818246,0.2671640535724074,0.012274984184251053
ATSC3dv,0.1353176534859739,0.25041942845667853,0.25135146983780043,0.012753676719077704
ZMIC4,0.1350730123668744,0.18392893226632054,0.18806606139325094,0.010121837267679665
MATS4c,0.13435250664167908,0.27551884334623833,0.27033238970847967,0.012948690557508878
Mor26p,0.13267865456762218,0.23165174460873136,0.2267066721731056,0.012314723511846749
AXp-5dv,0.13245732175911984,0.3190464420250308,0.3050146799823886,0.013881493776134719
Mor31m,0.13167360880336076,0.26326031111774656,0.2778830934281904,0.011117187545825276
AMID_C,0.13163631681622956,0.342966697662608,0.31683849252440155,0.01849163531424083
AATSC1pe,0.13067553179397606,0.2234996135593914,0.22587433099834564,0.011729721056686099
AATSC0d,0.13041951423675702,0.2516671737069748,0.2536221583125734,0.010173963219594262
ATSC0i,0.13033333591758556,0.1836366845065224,0.17970229805708474,0.010099168877334254
GGI2,0.12965445030072953,0.22870468723083856,0.22358918714588202,0.011535275225788016
PNSA4,0.1293339173084993,0.26768844115997587,0.2687036624115109,0.012356778224218821
AMID_h,0.12929079165931068,0.3229493874092138,0.3226320497510682,0.01774361506502148
GATS1c,0.12853249957968282,0.32233946954613224,0.32261372371321523,0.009979374852599117
BCUTv-1l,0.12818841463272923,0.18314803474915164,0.17274039753229561,0.008619949429704312
Mor02v,0.1280008790704854,0.29243493547844535,0.28805752661224904,0.012170552335367624
AXp-2dv,0.1279594223358207,0.2762383017649607,0.29709412663079426,0.011284988690584507
AATSC3i,0.12794399405510815,0.2577369374687411,0.26474280262989847,0.011810843318092745
SRW08,0.12697597621785262,0.19772837120401657,0.20650013079868515,0.011594694290990148
ATS0p,0.1267785508776207,0.27617593560538567,0.28881322391023145,0.012705303511173955
Xp-0dv,0.12670019091606255,0.2241140562575951,0.2305774355870593,0.012729502827147054
AATS3i,0.12619257706721232,0.23394183760449958,0.23943335318374656,0.012039787542039356
IC4,0.12561282983274058,0.2845759322559026,0.29608580519838495,0.013441556270143559
PNSA3,0.12556557372380883,0.2635707028879086,0.25918323646531555,0.018572171936249503
TSRW10,0.12544630373438093,0.1882914246691159,0.18201246525850379,0.010124001817781567
ATSC0s,0.12541343673098115,0.20611895738618907,0.20724352807434046,0.011833385728128192
AATS7i,0.12520450239669323,0.2737204813782633,0.2727633263302379,0.01368911976437175
WNSA1,0.1250353109418656,0.27107710925266754,0.2791662575920947,0.013942160180470686
Xp-5d,0.12487793725525043,0.23836451443374823,0.2505276080730445,0.01425997413996349
AXp-2d,0.1248710394835073,0.27960884134593966,0.27374762073602105,0.01219978976514941
ATSC1are,0.12484241414414754,0.1933363531562105,0.21367725433308707,0.01169037090229809
TIC1,0.12443080726981881,0.20689021839596713,0.21626700618000388,0.012392889444388185
JGT10,0.12373767496126442,0.2673711863037462,0.2637399095774346,0.013520273314754363
AATS4p,0.1233131284788227,0.2932643920662395,0.2934485862879835,0.012844312814991841
AATS3dv,0.1232744643874577,0.21593796721867667,0.2247518551295978,0.011866527127347495
AATSC1se,0.12319622026242039,0.21851083963055265,0.2338570222044182,0.009115689697828824
ETA_dEpsilon_B,0.12296744251709724,0.2294802591587128,0.24843334396787572,0.016451081066913203
SaaS,0.12296584557511525,0.23380455694863478,0.23436353925875983,0.007554177867851677
MATS5i,0.12257736115167539,0.21765695623661938,0.23014443273153964,0.01563645571954479
AATSC3p,0.12166498064021702,0.23809076995733547,0.2418995378258444,0.014572981588722797
AATS4pe,0.12112678455138948,0.2200420924565317,0.24103485599797841,0.014485813737597083
MATS7i,0.12079275130189959,0.22464013192660362,0.23830883362573474,0.010791584095724885
RNCG,0.12054330482106135,0.20997071529956368,0.21995366958976156,0.009901683851533189
Mor25v,0.12008547451239959,0.24412161117021824,0.2504353670190666,0.013514601030698199
SIC2,0.1200817358485966,0.26196350508391253,0.2743283957088044,0.009894417323688072
AATSC7p,0.12007411448993288,0.2868822669381298,0.2955740157752728,0.013482119258921064
WNSA4,0.12005704745927348,0.2818848748055476,0.2795773767689844,0.010596740209561748
BIC2,0.11997091360373968,0.2627267215180566,0.25277782271804455,0.01030653894140926
GeomDiameter,0.11940034127856514,0.3047574827706716,0.2936629809570875,0.012797189889701226
AATSC1are,0.11906413069005373,0.2203673075612205,0.2164583200066374,0.011264900140065533
Mor15m,0.1189794535980222,0.21455798034060852,0.2234901754843589,0.01008230274506494
Mor17v,0.11878304141033169,0.20290600059481442,0.20897711171756247,0.012408131714328995
TPSA_x,0.11862532207537102,0.2307574898178066,0.24270579046690924,0.013256344025844765
MPC5,0.11829280768905726,0.2610352333657162,0.2513456758338548,0.017459978154828647
AATS1v,0.11807511223920786,0.22222934427708207,0.22594941556505901,0.010470761290398376
MPC4,0.11796489536539623,0.2875159661950755,0.29498801765876376,0.014111900347935849
RPSA,0.11770108773616483,0.2337295797027588,0.23106347015661477,0.013566618351679048
RASA,0.11770108773616483,0.2337295797027588,0.23106347015661477,0.013566618351679048
Vabc,0.11757957719335899,0.2131004386318054,0.22236485583549975,0.013477890032533272
Mor12p,0.11748868700372794,0.20000200583374608,0.20225257113996908,0.014368149610523545
ATSC0p,0.11741372609063383,0.23190190754371237,0.2399889541958608,0.011497173477715268
RPCG,0.11733466670850357,0.2514970383278139,0.2614677017740849,0.008272196521065847
GATS3d,0.11732522523838851,0.22146649985929442,0.213742335728913,0.013376669745296438
ATSC3v,0.1172846510092369,0.21844775869161076,0.23894765624512074,0.013873543852460783
IC0,0.11706421392325694,0.24533386901371437,0.24859523349917267,0.012325138026248395
VE2_A,0.11661324245553706,0.2165884180969352,0.21117742573307924,0.015144352999474382
AATSC5se,0.11656581638393204,0.24482880246721045,0.2447760304933868,0.013311266641403724
bpol,0.11646214573752411,0.2397307351692913,0.24227981294054787,0.012358941458027146
Radius,0.11639969648139825,0.25379696345460606,0.2717024060790515,0.00937671038613973
PEOE_VSA2,0.11627315522000936,0.25235656067616163,0.25494566985766365,0.010043148097614028
SpMAD_A,0.11607436825592155,0.2016239612441646,0.20659981156149504,0.013092586296904163
Mor25p,0.11588583576231803,0.20992474092998084,0.22131167440948912,0.012869605608164851
ATSC5pe,0.11588550017778232,0.21027997582644373,0.21300713973173116,0.011876371776164034
PEOE_VSA6,0.11564460135876597,0.17735377774594765,0.18315142529150227,0.012797856158322796
ETA_eta_F,0.11557718664866456,0.2049304213483278,0.2077087071518425,0.009360037388207797
MATS1dv,0.1152497485005215,0.2201442457221531,0.2252739044289328,0.00863238844184653
ATSC6v,0.11501330233138018,0.21569491597316337,0.2165415353864032,0.009855161787102058
AATS5d,0.11488122549383029,0.18974176953651858,0.1967045584329285,0.010784554488203112
AATS1d,0.11425281124117959,0.170982739982969,0.175615441381624,0.011594120792865984
Kier2,0.1136238759077548,0.2756345593749096,0.26951496531684194,0.013616611080823019
AATS4v,0.11262868117215108,0.2785155696837961,0.2840212365651028,0.01171316207785419
MATS3i,0.11251181666386945,0.2354279180951634,0.24262880088560856,0.01165331140872792
Xpc-6dv,0.11224948344342822,0.28619989542001417,0.28703323408926523,0.010070573834366173
MATS8se,0.11217559479584516,0.21127279875046076,0.21304577888145843,0.00861673512263434
ATSC2v,0.11203773448171894,0.20775937048831072,0.22101507174252621,0.012116683307849643
GATS1i,0.11197524406029391,0.1799689062140418,0.18783964269325437,0.010506155470019802
Mor23m,0.11196881204719311,0.2488556137050915,0.24817067701803674,0.010796480059306609
ATS6dv,0.11180610908634492,0.1983815755662326,0.19968529793383463,0.009982953264430886
ATS2d,0.11132445285191395,0.19140009244032133,0.1866062170688343,0.009183919147200908
MAXaasC,0.11084000413450079,0.2451890102709803,0.25228786497752054,0.012426222266498423
ATSC1p,0.1106524586402533,0.26342385818381675,0.2561002889622175,0.011423242675116168
SdS,0.11043039802886079,0.229224398223222,0.22777906798858172,0.0069362869049921245
Mor08p,0.11017213737323495,0.1505970813177902,0.16155540688853212,0.010619036154467769
AETA_eta_BR,0.1101345220159895,0.24279177449759662,0.22571128698415735,0.011129445439399229
ETA_eta_L,0.10957760582486564,0.23705292333984668,0.23286627944534422,0.010279393592080788
Xc-5d,0.10955359000580644,0.19862458199699407,0.20288529425210253,0.009146590564463064
SpMAD_Dzp,0.10931339830561004,0.230941511070611,0.23030075849340237,0.0104487449973803
GATS6c,0.10896332100221473,0.22466088996492975,0.22545397083290983,0.012024188976816624
Kier3,0.10796148566302488,0.2274456320394154,0.22841310317442393,0.012182810526340059
AATSC0c,0.10782473413950866,0.22100955457445218,0.21126454518891882,0.010628842347599084
GATS2v,0.10779961768728885,0.21416185182537084,0.2150318293077477,0.013215859426923455
FNSA3,0.1077485925230941,0.21373697569111905,0.21884423161691927,0.011837295419138569
DPSA3,0.10748589188027635,0.27093350874183725,0.26943654712415144,0.016494527566438436
AATS2i,0.10694383777319239,0.2782924268158971,0.2681278533307425,0.01210502707403998
RPCS,0.10604944878839939,0.2307209424615339,0.22887181318421995,0.014903901823873507
BCUTd-1h,0.10599958519877584,0.22947373337330437,0.22877213012672196,0.010762044219438601
PNSA1,0.10597448976997859,0.2066109805494953,0.2036155792321007,0.015790652784726186
GGI9,0.10564394408526212,0.20108770949685825,0.19433340771787794,0.011172763778462403
ATSC3i,0.10560214222803754,0.2363972499433148,0.22258990300243392,0.014177139602175334
AATS3s,0.10520717895295251,0.19718395269599187,0.2028475984600672,0.01096777004409043
CIC2,0.10509172980109316,0.19708476366129496,0.2021280962224714,0.009863521007806143
AATSC1c,0.10476372398453915,0.28283440950921024,0.2682693090144485,0.011380620056242302
AATSC4i,0.10460511012505114,0.1457859867490886,0.1515807032470723,0.010423685101891593
ATSC7i,0.10453500891655665,0.19697713906465228,0.19578169121484776,0.011271517193712778
AATS7se,0.10448119626719032,0.29340495649403636,0.2836513393267611,0.017196222367863705
AATS1s,0.1039432637303217,0.20629172927423253,0.20718813194549507,0.011813344060014913
Mor07p,0.10375143563315614,0.1487036130955912,0.1514800399654415,0.007364062809668795
AATS0s,0.10358182517724135,0.19826291136559282,0.20189015450443465,0.011472472282070373
AATS1dv,0.10354298332061607,0.1853906782513443,0.19092766843808803,0.011612522221593834
AATS0d,0.10350989230041208,0.17558276331183478,0.1793918586759953,0.010576362743954666
GATS5p,0.10347104124177253,0.2129067645753154,0.20643872844402822,0.012454185281628026
MATS6p,0.10346274095591523,0.23961711009204617,0.2346436043567127,0.01257569225109015
AATS4se,0.10346129483886024,0.1882196054786434,0.18975648238116422,0.012439035599013793
AATSC2s,0.1031612024743751,0.18884023175840875,0.20967717655480667,0.010542349618779527
ATSC7d,0.10284732193209711,0.2278917203426444,0.22847981203311193,0.01507854097229542
PPSA2,0.10199500788128901,0.20846893130434113,0.2055142224353019,0.013240860631978693
BCUTdv-1l,0.10194265091855836,0.15393112023508332,0.15662115302083335,0.006989349643543283
Mor11se,0.10172829624405333,0.24251275992124202,0.24894587567537957,0.014912464968625935
AATS6v,0.1014973184681498,0.18761586412995956,0.1869736484765248,0.013205019351320374
Mp,0.10129895637713826,0.1863607198882576,0.1875750937810099,0.01111386381427593
AATS7d,0.10127066369848103,0.24896628375202026,0.24274503031446196,0.011155178733588554
ATSC5p,0.10088722797914684,0.15868653075132955,0.15620165377948142,0.009522101486959623
piPC1,0.10027025268664813,0.21107651982759779,0.20450138105199264,0.00957951062483546
ATSC4d,0.10006776579414023,0.21489899469335422,0.22624521863320915,0.01395660671914806
MATS1are,0.09986223967841035,0.1971969301396428,0.2005427903761147,0.011123788733013541
ATSC4c,0.09969708751314244,0.29103882125883124,0.2695865350595609,0.015878558270143547
PNSA2,0.09961623386029661,0.21526027239715972,0.2083488775297238,0.011729955229539596
Xp-6dv,0.09958882373321964,0.20603136230599586,0.20405425069769131,0.011510404261987333
Mor30se,0.09940164099492632,0.19240095940891805,0.1731217980876411,0.00860259545368976
MR,0.09939795896635983,0.262510506636321,0.24029554957855842,0.014920529492863387
MATS3p,0.09922617253040045,0.253024528907469,0.24535512449791713,0.01394114914973813
ATSC1s,0.09916101012499201,0.18456087644819016,0.18100914695720555,0.012291286553068955
SpMAD_Dzv,0.09905028584239561,0.27290198626721973,0.25355742891256217,0.010603074529737766
CIC1,0.09895502894191655,0.2184943011567057,0.20709561427120132,0.010818524033838591
AMID_O,0.0989403006674423,0.16076300455786655,0.16521881227350807,0.0074056901365033715
Rotatable_bonds,0.098928540196773,0.21544046230683203,0.2123562480669199,0.008575383734236936
MIC0,0.0983760079872984,0.21032506949007193,0.20545036610361814,0.009899946349682423
MOMI-Z,0.09836395650759444,0.1717922552051353,0.1690817060010386,0.010031191308947971
FPSA4,0.0981572185538635,0.19821865443530937,0.201670054976425,0.01221145238018608
ATS8p,0.0976687680811037,0.183424955110553,0.1905121945587888,0.00955581125961799
Xc-3dv,0.09763456746383614,0.2233182652877523,0.22072261138324853,0.007451389031341426
EState_VSA2,0.0976232307592011,0.14390842541773088,0.16014231237300025,0.008409328634499379
ATS7dv,0.0975415303015077,0.1936284387525758,0.1961417176355881,0.009663394746450246
GGI1,0.09737399159040905,0.2103837696646273,0.20900798084220615,0.015600655191643225
Mor25m,0.09733232691670768,0.1962040100997923,0.20720477083827496,0.009468683764503123
Mor26v,0.09719928926615884,0.1989381525412533,0.19342855540910722,0.01047284506591531
GGI4,0.09682744394791687,0.1870450515842563,0.19874221090651806,0.009516895221992618
BCUTs-1h,0.09661945242291026,0.13525684446203204,0.13920690072574962,0.009344684214589609
GATS8d,0.09643601710647731,0.17727380549318386,0.17607247595482567,0.010166034405537311
ATSC6i,0.09629527256015358,0.18313275356236206,0.19109553335422105,0.007620579473492392
Mor20m,0.09613349336104404,0.23424283124776418,0.23790480899053046,0.011459864862198958
SRW10,0.09612955193246542,0.17576081213853084,0.1773692099669741,0.010350411498587649
Mor06p,0.09604336871233432,0.1746869665877881,0.19105956840113825,0.010066812593059117
ATS5dv,0.09597200073256218,0.2367578159709891,0.23215632515757323,0.012022149104583834
ATSC5are,0.09582226759421264,0.16388696012346768,0.16487419791856375,0.010988148909142728
Xp-3dv,0.09563437493525084,0.205172898941584,0.20514642375775577,0.008700939756463707
AATSC1s,0.0953556947722034,0.1623471675978021,0.16099395942773984,0.010383749387292338
Mor11,0.09530762460727926,0.24825757880088672,0.23633300802944426,0.015799471278991704
AATSC5pe,0.0950918414520796,0.22279802355743492,0.21526504816493974,0.012799082928316524
GATS6p,0.09505143464984434,0.19834284497221868,0.20837581068088215,0.011084122620990707
WPSA4,0.09500985701308551,0.22115302671577342,0.21070833743321177,0.012952949233334482
C3SP2,0.09496090708570293,0.17078596895006676,0.1760517996495299,0.008762102292565953
Mor05m,0.09473294462360737,0.20601723218142903,0.21585070626675312,0.009355357756584238
GATS4c,0.09472677286055342,0.2503524723719757,0.247904060599403,0.013588466900936326
SsF,0.09469976792425872,0.10122838996271123,0.09669027010185038,0.004784702833737787
GATS2d,0.09469397226578158,0.2134137892480948,0.20655542586976502,0.012741622957207216
AATSC5are,0.09454388229111732,0.20640006487081827,0.19348436777247077,0.013768559438550182
MATS8pe,0.09453372187400433,0.1607728199045595,0.1545548463432844,0.010373122875021111
SMR_VSA6,0.09446194158907062,0.2242716161554461,0.21803660166232308,0.010757527857796132
MATS1c,0.09421193801830396,0.278124771144532,0.28151210195429527,0.010250415942855324
ETA_psi_1,0.09387465689361019,0.18847494408222526,0.19661313347460732,0.009861907865409686
MATS2c,0.09332636835315,0.22117964454321432,0.20636996575565758,0.013801947505772577
VE3_A,0.09313732929754481,0.18295924373380265,0.1839336941989521,0.009523765232912687
PNSA5,0.09292921194552761,0.17775007781413202,0.16305905477096053,0.011191105127828388
ETA_dPsi_A,0.09252885912677833,0.18849997797985543,0.19563138016757925,0.010033258469041347
Mor04p,0.09247967713599925,0.1915257028132537,0.20126946724273895,0.010189966697854023
MATS1pe,0.09237130460672383,0.18113425588745438,0.177859332406183,0.010896350308202579
AMID_X,0.09217121431311881,0.15101996353036243,0.16416385691931804,0.005547175623975956
GATS5i,0.09215137374904492,0.17424615176511887,0.17182427374387207,0.013601629805101219
Mor32p,0.09203332896441108,0.20236097420042437,0.19561850506351666,0.01081264480397511
MATS5are,0.0917981182831773,0.21899802104568292,0.20893865078760337,0.010622671141965658
IC2,0.09179431162362262,0.21901962045006362,0.20430285069390058,0.012299412124962935
ETA_epsilon_5,0.09171470741087573,0.17102240433554924,0.18490559815130064,0.010441653506446753
DPSA2,0.09157552568539629,0.18507967967407377,0.17464866359527667,0.011760642733414648
Xp-4d,0.09144411986849521,0.17993303677772812,0.1859470664862419,0.010299126826381259
ZMIC3,0.0913453238099109,0.18507996023412715,0.19002977273779548,0.011332538073394986
AATS3p,0.09126399246253758,0.21422152547007314,0.21158051324958277,0.008186672183995889
MATS8p,0.09113937087155266,0.16193554792220635,0.16227237366148725,0.008781708125372274
BIC5,0.09109788275447661,0.21421075584978916,0.21280142688372553,0.01219943342243973
Mor13se,0.09094622826320808,0.18770716581895036,0.1915507986929829,0.010581572054213527
Silicos-IT_Log_P,0.09053440565297333,0.14923333171811892,0.14969715962719612,0.00923089183837068
Xp-2d,0.09049165025262784,0.14398754312085416,0.1494010763745723,0.009496600927825286
ATSC7dv,0.09032038577208068,0.17463677455702128,0.1658598540296869,0.011393247272742489
EState_VSA5,0.0901488619583306,0.1425267656971691,0.13871279183803414,0.011152227658879969
GATS3dv,0.08997297930460091,0.16292450857655857,0.16145812235245918,0.012760994491453785
GATS7i,0.08943439553177335,0.18781852206835262,0.17966205807685878,0.013214693700964295
PPSA3,0.08922349171420674,0.24548986140193746,0.23463121794240502,0.01287368707235349
Xp-7dv,0.08912622256323699,0.2433413594694374,0.2373921106259536,0.010220221822788488
Mor03m,0.08890425347504438,0.17271445968688118,0.16564130481187814,0.009421500117280001
GATS6v,0.08871739466036033,0.20944551399414768,0.19822877660778213,0.00988552002614269
AATSC0dv,0.08861430972291195,0.17645838862240626,0.17234927614082657,0.01072683596985679
AATS4s,0.08853189655452542,0.16962507929072912,0.17522557597099267,0.01009785191073693
AATSC5i,0.08832483714638961,0.1780184084739506,0.17625835901384504,0.012898005291321447
ATSC1dv,0.08808251780755993,0.2253829866670399,0.2153771702346969,0.012330599056501645
ATSC5v,0.08758954039496247,0.20175352611600378,0.20075435541480516,0.01303587882742391
Mor18m,0.0875032435509775,0.19283172734927445,0.18619094100183523,0.01099377398162687
ATSC5se,0.08726680961333066,0.21335366976906348,0.21354014952975797,0.012502896248315666
ATSC3p,0.08719295549531036,0.21344872251769825,0.19605860615450782,0.014968639682624624
ETA_eta,0.0871902273533034,0.2139023025586522,0.21621801495091508,0.011101907089864872
AATSC6i,0.0869632823812787,0.2151678065398984,0.21544456950662078,0.009018143475088407
MID_O,0.0868157688228468,0.11407200939000127,0.11451057300315813,0.006488900832127339
GATS7c,0.08661203125373707,0.2580133940362617,0.24418988615598647,0.012991363620681996
GATS2dv,0.08611772699928233,0.13255647658676767,0.1239368221435496,0.010501833529124777
AATS3d,0.08598787335387037,0.25502151482742685,0.23969856794097183,0.013403534613151389
GGI8,0.08563268519845568,0.17473131822034957,0.1673595240448535,0.011734618246447451
VSA_EState5,0.08556882405602284,0.16076613533367254,0.15636034728330603,0.010351624808303803
ATS8v,0.08519158295037821,0.1805511727754511,0.17762400878668844,0.00842132912547464
AETA_eta_R,0.08512561785792538,0.1551612359226507,0.15384730763170343,0.008651838286952835
AATSC5s,0.08507759136043047,0.12643674858246928,0.12750322829786198,0.008695520071764275
AATS4are,0.08496252248215841,0.18466101546158212,0.1862584669545693,0.010742234126456883
EState_VSA10,0.08477965327946135,0.12731260131618738,0.13598633365694585,0.005895894769093362
ATSC5c,0.08440355440293468,0.2324122074142887,0.22180997245640094,0.0139011872436398
fMF,0.08426542400915915,0.131648359244369,0.13178884443157046,0.008406322476814176
VSA_EState6,0.08413525686641776,0.19564066729944907,0.1967109421882655,0.01018571500038485
JGI4,0.08411126515665401,0.20827888161976751,0.2061990394130919,0.009342002174194978
SpMAD_D,0.08390529186507889,0.21903987849281276,0.20280600397193252,0.011562610671624642
ATS0dv,0.08384613888305514,0.20093952647342084,0.19881406225069087,0.00951545599697624
ATSC8c,0.08377654620065478,0.17791627548251462,0.17661735030986175,0.013042970712154727
Mor18p,0.08365826707478519,0.23624786319165464,0.22882981914447087,0.011953641772910062
PEOE_VSA5,0.08363056841795324,0.20346192825662476,0.19797841636422459,0.00563052037052522
ETA_epsilon_2,0.08328617168137065,0.2149889162863199,0.1992505291365911,0.01288215226252204
AATSC2i,0.08311152273501854,0.14217200749035697,0.14291728843302465,0.011380779926806788
Xpc-5dv,0.08289311736380967,0.22765998015627273,0.22400032486370053,0.010510687775753532
AATS2s,0.08281606317119605,0.15853278737116783,0.16339194063457246,0.009269509049030764
ATS3p,0.08273581032337507,0.19744482691571094,0.19156748543898774,0.013291047343818177
Mor18v,0.08265056060913256,0.19004063256149645,0.1826678364720376,0.009826138896228707
AATS2dv,0.08237934349942044,0.19264398757830994,0.1912140461459976,0.008825333854422817
Mor21m,0.08211591708188637,0.17319280605042608,0.16520661126771954,0.012235250638697326
AATS5i,0.08189848435691394,0.1547557863547391,0.14761647379895,0.010933219612845449
MATS5p,0.08173382859036371,0.20634963662076627,0.19216533738262725,0.00948016509897133
BIC4,0.08127083317741768,0.20944790571990968,0.20584922202729108,0.011834010663929216
GATS4p,0.08115240077877006,0.17004267941984239,0.1682615426653632,0.00814525391667276
NaasC,0.08114413137123044,0.15579735401282432,0.15617767358132592,0.010720257148297987
ATS5s,0.08086922956096965,0.1720386578950815,0.18296057530788307,0.011678020585058109
JGI2,0.08076945789478174,0.23459791018405038,0.2288193151893015,0.00862599205004128
AATS2p,0.08061430319069984,0.14694850464148157,0.14514774093966695,0.008387064238815762
GATS8v,0.08034419690384631,0.19670774201943877,0.18778348230206016,0.011615420481847525
AATSC6p,0.08033880138669591,0.19637970385683515,0.18441441246300724,0.011740546700445368
MATS5se,0.08002931599616936,0.21295079910838163,0.20524407740269746,0.012654522204221103
Diameter,0.07986278471549291,0.19278505098416057,0.18611286625546172,0.009543653517397003
Ali_Log_S,0.07978439187994146,0.1648936518499405,0.16792702947541766,0.010840131781262028
ATS4dv,0.07961250263792952,0.16322739964877578,0.1694799391141128,0.010302459759548114
SdO,0.0795912644885084,0.11092301855444327,0.11915914684591551,0.005760073425663487
GATS2i,0.0788973653471916,0.13544633976251724,0.12538383403274606,0.009276149874434505
ATS1s,0.07870148602908422,0.14706387482064284,0.15650129504554094,0.008374205383321098
ATSC0v,0.07857842493425737,0.19498299422750967,0.1815245201174893,0.014346025983667281
ETA_beta_s,0.07852141355491993,0.17290619322792475,0.16166606080227525,0.009628554964244945
WLOGP,0.0785199387523754,0.19388113110228403,0.1951392528216889,0.008748595903035184
AATS5s,0.07849356529781426,0.15776312985058027,0.16364118639895503,0.01004280255632321
Mor10m,0.07846244625946852,0.10839917335021618,0.12199755425124639,0.006737256400148094
ATSC1pe,0.0780779751135583,0.16276213015333094,0.1536359572017531,0.008510708922058227
BCUTi-1l,0.07765568868392636,0.11763299408946908,0.11801225114969092,0.006346587612100574
MATS5pe,0.07750511114024095,0.1793645650707377,0.17334308296556655,0.010098371215021128
MATS4p,0.07740883812441934,0.1621119034370035,0.16694979507930782,0.009760868016150037
VSA_EState4,0.07739931303389858,0.21598719984168976,0.19838387575304428,0.011483681391402108
Mor11m,0.07733648402777638,0.14562808593718796,0.15304781733267256,0.007971072749180276
GATS2p,0.07724303923958331,0.13399063896431054,0.14282529853770762,0.00916203280835746
AXp-1d,0.07704716308910342,0.2009889438853791,0.1910236449305079,0.011250764721868952
Mor10p,0.07703331048945072,0.19853639151821326,0.1962149229872301,0.00992472000935361
ATSC5i,0.07665175538710844,0.18241345307193554,0.17106673514388884,0.011946407304990414
MPC3,0.07636774555682324,0.16227090048561102,0.15755515537131565,0.01130211318777513
ATS3v,0.0762359499440759,0.1675590874319806,0.18064641247565863,0.01206169219850784
Mor07v,0.07563586898436903,0.1275500864086776,0.1284783612367061,0.008242308090994787
AATS3se,0.07559068530538404,0.1763487489230563,0.1658943558938888,0.009198986695250247
TASA,0.07546559366375094,0.18731053575500797,0.17405908234944914,0.012960890972687763
ATSC8v,0.0752722324825732,0.15219146011474677,0.1495447705508773,0.009382975921275476
AATS0dv,0.07446482965523504,0.14960339258676436,0.14672983741120532,0.008820857914426545
MLOGP,0.07439560968679615,0.10907090113595819,0.10538760488038962,0.007203052299425519
ZMIC0,0.07438866363367103,0.16239907466512532,0.15054104897037923,0.009457335733381854
ATSC4dv,0.07379587857810321,0.1448631996354167,0.146725773239518,0.008627445464715493
Mor09p,0.07371110485975096,0.18748830162218202,0.16863121579087123,0.012080356536052786
Xp-5dv,0.07364496014685029,0.19449293615398194,0.1951687708104488,0.012289932768632213
ATS7v,0.0735238146548216,0.12082904373752283,0.12187378657377583,0.009066917786456562
AATSC8p,0.07343615233072542,0.15439863282781113,0.1612048241162031,0.009014012177179495
ETA_epsilon_4,0.07332421547349144,0.18531098214255812,0.17954939590126,0.011368568951420572
DPSA1,0.07332283156491703,0.12640514639130532,0.12343350962772397,0.008613283675283837
MAXaaCH,0.07314938009402461,0.14824086767748876,0.15477390964583737,0.00836926044793674
SIC3,0.07305443002695533,0.10343504038082832,0.09767255569747421,0.007501114243677645
Mor21v,0.07300676747080592,0.17099144840901437,0.16506883768813987,0.012497230543494171
ATS5p,0.07287557913159981,0.1608339565445642,0.15123689316419966,0.008640996237388072
ABCGG,0.07266142268404874,0.10039690968994698,0.09162907209520153,0.007594510597222866
MATS1se,0.07245199699219995,0.18528836299137935,0.18871128654289038,0.010035994813674726
GATS8s,0.07240813538694324,0.1440692680946054,0.1424522824286582,0.009604318196585977
Mor08v,0.07215002716406582,0.14989814870014906,0.14641105884939445,0.010048855792334726
ATSC8d,0.07210790975213355,0.16539608735293757,0.1674645384176613,0.008941335486176455
Mor06m,0.07196292093765866,0.15289005623293647,0.16055008177826952,0.008284355004077202
ATSC2s,0.07185981227417626,0.14855525644697704,0.15753414657200027,0.008146738379928636
Consensus_Log_P,0.07175067115023825,0.15319243515991635,0.1435743164046377,0.008979482474482563
CIC0,0.07138211914515269,0.1541992150362492,0.14773825113504271,0.0077046345533336395
Mor30m,0.0713068976496034,0.15335808073756804,0.1563220235403268,0.008571686450903605
AATS6p,0.07088712478841241,0.19900626082514583,0.19517440829974786,0.01520527810300272
MATS4s,0.07077401367530722,0.13437131196763308,0.12622584526887295,0.008078393178065238
IC3,0.07064848771444154,0.18994897557243862,0.1930844319363963,0.00872873530853583
PPSA5,0.07057571317134936,0.168979077372568,0.16858528815317297,0.009706039694892083
MATS2dv,0.07052963023863912,0.1206799381337844,0.11385105764020971,0.008278853511054245
TIC0,0.07047375331677852,0.15593548219322956,0.1553003445356866,0.007699325992650693
ATSC0d,0.07044290495857553,0.1438166475242944,0.13661227512750979,0.00948427582662071
Mor30,0.07028067697679408,0.18051166699232996,0.17159090787218315,0.010332489224726429
AATS4i,0.07014132498438919,0.15242313901536028,0.14102625534403998,0.010496345846054233
BIC3,0.06990838079385497,0.1151731394486442,0.09864228311830546,0.010690923647436823
Mor28m,0.06988536476582619,0.12349456438995708,0.11754141081551983,0.007683715990592121
Mor04v,0.0698208254982986,0.15133180456792666,0.14913075742041934,0.009285551279173207
GATS4d,0.06953150826201426,0.14481228867435822,0.14684149512233424,0.009194156955119163
ATSC6dv,0.0694784971593867,0.13264055429808222,0.1338344248185825,0.007534803521952972
FPSA5,0.06924663609947945,0.14045618372678448,0.14371517624679503,0.007995884999378674
GATS8i,0.06914956781852988,0.10660980630707707,0.09704423348712034,0.010029214700379116
AATS2se,0.06891577842005203,0.12984924523665867,0.13360618484695524,0.007683844912554294
Mor29p,0.0688985898348573,0.16664782894989807,0.15491597763782042,0.009563331491896145
C2SP3,0.06885520607135742,0.16105399609902707,0.14866207667138032,0.006860315385411472
GATS6i,0.06875807501866271,0.11078599182659048,0.10349339442485957,0.0071009009638809345
AATS4dv,0.06868338925497453,0.19067434544447515,0.18155954327336005,0.011259571451167032
Mor22p,0.06848011519017883,0.13741317902990066,0.12836446594119824,0.008847449124184182
ATS3dv,0.06828063706734167,0.1607110501369837,0.1496877259678238,0.010546240418369079
CIC3,0.06786617741621814,0.09574685931009852,0.07516918851185886,0.00831677396889431
WNSA5,0.06775418127537725,0.19809994563758734,0.1948733787017568,0.010309058135946809
ETA_dEpsilon_C,0.06749315031987813,0.19833134212386597,0.18799085141361122,0.012447458950168308
AATSC5p,0.06736792233430133,0.1503334159637271,0.1434735315220573,0.008658071447923845
AATS7s,0.06709725323960969,0.17098619831280792,0.14703148333348237,0.015493074676760669
MATS7d,0.0670825684642482,0.1639450063385754,0.1580484585398265,0.010553571003836667
GATS5d,0.06706405643770363,0.1128803998089169,0.10644861435662094,0.007824942311328173
MATS5c,0.06702829000847821,0.13266943140577578,0.1329290363950389,0.011799209056038026
ATSC0se,0.06693755805996027,0.14416949012366137,0.14797950777606858,0.008053148477659103
MATS6i,0.06675727040730939,0.17715393763514137,0.17795175930901616,0.008812580134072249
ATS2v,0.06657156787149665,0.17786149490259326,0.16849942652343583,0.01202581474848282
GATS2se,0.06645695023118581,0.133437518603762,0.13329357086866295,0.009253896912313314
Mor22v,0.06610691315121953,0.15544421616909845,0.15007990853293016,0.010639121528841554
Xp-4dv,0.06604954842218991,0.18190247392467265,0.1690882358649441,0.011536191761156328
ZMIC2,0.06603734712849407,0.13805513193262262,0.14583509565718697,0.009598703820277558
ATS7d,0.06600290637666317,0.1567282546845686,0.14776291404450678,0.011076109913185535
GATS4i,0.06527947353946706,0.09376900041181195,0.09766890972722574,0.0056210217303403875
Mor13m,0.0649837310640029,0.10842235021084479,0.10884381459403515,0.007851691806532689
Mor16m,0.06492254676984599,0.0898905744509014,0.08681346515523987,0.00618521381251683
MATS8c,0.06391238711944736,0.15647628397668745,0.14011146204816408,0.012159731681044058
Mor29v,0.06380594900636538,0.15097749211866718,0.1312362443199256,0.010180122658167912
GATS6se,0.06345640259001373,0.09361354901821409,0.08159241924110411,0.006580974778244517
Mor12v,0.06318499636712538,0.12340009314416094,0.11593828427525368,0.011111353941125272
ATS6p,0.06305326688778345,0.16892162805436728,0.16362001230852516,0.008170537399785313
GATS1v,0.06286259752555035,0.16863663156299968,0.1601043942263648,0.011708929606976377
Mor10se,0.06267106322377414,0.1113807527982426,0.09352028346473543,0.008362404372889593
AATSC7se,0.06252319756294566,0.08108060409492247,0.07521425272200441,0.005706327716783395
ATSC2i,0.06197016304319947,0.13834380852921435,0.14039614853533813,0.008016092694906158
MOMI-Y,0.06192632978319734,0.2250603641662252,0.21242093047582777,0.013672927578350232
ATS3d,0.0619008098247984,0.17198087628069048,0.16686925054406576,0.010792535447711974
Mor13v,0.0618392454030805,0.1005654628196612,0.09790530817842125,0.007533530756701232
GATS5se,0.061754182909025346,0.12144472580395622,0.11880396596155364,0.008668144578661446
Mor23p,0.06143456371667222,0.1511047280318709,0.14115925701344764,0.011408390578144764
ATSC2c,0.06130871674325622,0.20194060972148917,0.1978257070676428,0.012478142653025999
ATSC2dv,0.06115202766782879,0.12087914492991378,0.10897894476729308,0.009201725031826494
Mor17p,0.0609375466082529,0.1824673707741517,0.1689147651348092,0.011030480652584518
Mor13,0.06090154550810256,0.1705360145052465,0.16113572008313787,0.010002559002345023
ATS2dv,0.06066458985294876,0.12049898932673592,0.11386761930917962,0.00797402129056769
AXp-0dv,0.06030794138552542,0.13948516501403382,0.13005557144845634,0.009214701595320307
AATSC7are,0.060301984696920385,0.10192867708822052,0.09580866584225069,0.008149843192996241
Mor31p,0.06020885858953218,0.14561338272781923,0.1374844524542788,0.008376292106559224
GATS3v,0.060086983761493684,0.1684813280984662,0.15883309172271956,0.009734520499462069
GATS5s,0.05982151996598439,0.11515537998705633,0.11521114337978094,0.006762405059111167
Mor09m,0.05980996200874378,0.20478658066306368,0.21070129214007305,0.010236598626699253
AATS1p,0.05933985956462262,0.12408423489253738,0.11521447895615025,0.01238183039757565
Xp-3d,0.05897511806246847,0.13798580924455686,0.12974670218365827,0.008808830665720767
GATS6are,0.058927519539952566,0.09631334532063268,0.08656262066712972,0.006443874442208581
ATS4p,0.05865482386620258,0.16218068492961338,0.1450798724646521,0.009522356420553992
GATS5c,0.058633341510653025,0.09453404977962267,0.0879206809682669,0.00632819874792286
ATSC5dv,0.05842348403240205,0.11578247324152711,0.10421150290759079,0.007258285057799765
AATSC0se,0.058095202911086385,0.17470115356967086,0.17217511798359333,0.00949966367335238
MATS7se,0.05800126654522186,0.10299135380336255,0.08875430323303482,0.006725968919816904
Mor06v,0.05794691785314621,0.17733589464716135,0.1769706852509387,0.009775171132152217
Mor03se,0.05789824541517685,0.12947905392219378,0.11804851600981955,0.009345347946202245
ATSC2d,0.05750028360406434,0.12389670249515053,0.10316372766475042,0.009278777764139386
ATS6s,0.05748783610769692,0.13709906422693774,0.1372259163945858,0.009458884741987443
Xp-2dv,0.05736338347546255,0.13403941479190226,0.11997196747152707,0.008293222865205402
ATSC8pe,0.05613484240222899,0.12123121760557445,0.11165477888181617,0.008054521012779432
nHBAcc,0.05611844324952031,0.17348081985785538,0.16669961955764304,0.008215978508219476
AATSC3are,0.05601197905185096,0.10430277872457083,0.10489819890694427,0.007632325566840867
ATSC5d,0.05579433945749379,0.14067819663930506,0.13138254001321303,0.010535477494512073
FilterItLogS,0.05506317471061095,0.07890538352808445,0.07513785150032713,0.005373446326345605
ATS5v,0.0549744199965585,0.17216952814952793,0.16157180585820383,0.00937059663583894
Mor08m,0.05482273778437996,0.16629904773618032,0.1531988046088529,0.0101538754658064
MATS3are,0.05476205987896998,0.12747645369561125,0.11176164557975107,0.008689066039147767
Mor08,0.05472977647497901,0.1467773743447392,0.13526469876773692,0.011569949695852464
AATSC8se,0.054461894104189223,0.12484222447169407,0.13210289496247915,0.008126221453862471
MOMI-X,0.053968518231363394,0.21999600899533617,0.20065063612101836,0.013362793091086622
Mor24m,0.053888292378658775,0.1300126537181054,0.12301668747130046,0.01017868584842155
WNSA2,0.05361336326183297,0.16978189437767655,0.14789293554331637,0.01008855077888571
AATS6se,0.05345015885862514,0.16717243649039112,0.15381900262775022,0.00960640295173923
SRW05,0.05313300651673103,0.09702303103751987,0.09224524004659164,0.0074747468972168
GATS1p,0.053032966688039807,0.11134734695374214,0.09577152412739445,0.00971872570878407
ATSC7c,0.05273873832407494,0.14117805586567142,0.1395516275471578,0.006857096358734229
AATS5p,0.05268165216718801,0.11782254736547734,0.11375706895656985,0.008489953439358463
BCUTd-1l,0.0520546256994896,0.12791607980553935,0.11778495699869575,0.008583499512567004
WPSA2,0.05195769993784349,0.1811463081314267,0.15871185456793283,0.013837351920925865
ATSC8se,0.05182144028976543,0.13241807169882733,0.12922917512566418,0.008576051026288226
ATS3s,0.05161063028895718,0.07942424984136495,0.06328224989694202,0.0058155358192006215
GATS5v,0.05146838848483215,0.12415616013671593,0.11309494667340826,0.01072596216283567
GATS4s,0.051285892727767735,0.10054644012545048,0.08183985320249465,0.007625111293460916
Mor30p,0.051229717914594186,0.1246021047665598,0.11193346457375898,0.010517961393012894
Mor09v,0.05114645630251724,0.18161579455435364,0.1674128593316531,0.012680089313545494
XLOGP3,0.05104667523465656,0.09202074578309238,0.06801960857950358,0.009393312936829008
SMR_VSA1,0.05100994429907679,0.10265204202002787,0.09013569372606267,0.008571961624945642
AATS8i,0.05044064850712715,0.08708908121287641,0.07262581808283496,0.0068811668999609905
Mor29m,0.050383545030146415,0.11454724712470438,0.10820671812739538,0.008812558818496052
ATSC6c,0.05017873621210622,0.09657263169372136,0.07923450024249752,0.008738128616739066
AATSC4p,0.04987350648500399,0.1027922835675814,0.0863033856398842,0.008493226685698152
Xc-4dv,0.049730731837609676,0.09200570417684854,0.0932650818380757,0.001960239577090685
ATS4v,0.04972029983692483,0.12437061626572411,0.11309294418489124,0.00948327736629157
AATSC8s,0.04960810979751118,0.10133157804883577,0.08972530234568653,0.007407872481460466
ETA_shape_y,0.049260324889562224,0.11180606983700159,0.10239559839030483,0.006612091312263486
Mor31v,0.04921813376953743,0.15012518586574022,0.14155500468522592,0.008404010718732261
MID_X,0.04919778534917407,0.07692148440090112,0.0727112809299711,0.0038813205210965636
Mor11v,0.04915829254842086,0.19233548830463734,0.18503850284373569,0.01322189935969062
ATSC4i,0.049069019255568946,0.1064424998888914,0.08876083041881132,0.009594079512637216
GATS7d,0.04903081473168758,0.12992504107813663,0.11362059637143876,0.009819603914200158
GATS8are,0.0488205891273501,0.11639013142193196,0.10410582961537136,0.01143491342981109
ETA_shape_x,0.04879033192183235,0.07578236785851286,0.07861215608952764,0.0020581013024339864
GATS8p,0.04841293320014861,0.12482733499392883,0.1069186831444027,0.012130828803644043
Mor11p,0.04833729256575703,0.152245719943084,0.12330603747759576,0.013240738329820291
MATS2se,0.048217868882154846,0.13908425963064333,0.13215852717505203,0.009785835981113947
ATSC3d,0.04749304029463719,0.11828313228017515,0.10654690399757293,0.009126119223404621
GATS8c,0.0474872125296133,0.08374400951598657,0.05929982434334864,0.007461323058542142
SssO,0.04746751584204145,0.09932750337066226,0.090951835644152,0.005555612643936882
Xpc-4d,0.0470092620689897,0.12646208180210342,0.10792501423183748,0.009594354627835356
ATSC5s,0.0464773589589047,0.09866527725673227,0.088482349208343,0.00702038467177297
PPSA1,0.04626161888262281,0.14313229616989867,0.12103309339761728,0.01262618489303629
WPSA5,0.0462195143115558,0.13260886226975566,0.12064131520149769,0.008751079309106341
AATS8se,0.045985989022817364,0.1606753769353484,0.1597073121911229,0.009829440046607414
ATSC4se,0.045862263534272696,0.09040073422610367,0.07643211260628295,0.006343017904027862
Xc-3d,0.045568822244111296,0.12541428444666333,0.11948215640459724,0.010444123134082245
ATS1dv,0.04508228446893092,0.12422041865818141,0.1210477157751604,0.008039433933671212
FPSA2,0.044751400663307184,0.15467369373594939,0.13008010221172162,0.011562734714793986
GATS8dv,0.04457790644030002,0.05899563739001571,0.05144147015712783,0.0036363278178714433
AATSC6are,0.04446197266021246,0.08987117811872486,0.06955064297699676,0.008886857783889326
ATS2s,0.044364274095530565,0.09519535562792139,0.09101829624615076,0.006230714566155172
ATSC1d,0.044282994879043525,0.11142807590682936,0.09112951540459811,0.010139467452192854
MATS4i,0.04422776096411685,0.10507042374351033,0.0878928938552608,0.009290823200940341
Mor22m,0.04397407399337716,0.1307612356917165,0.11278244320348944,0.010572480549366704
ATSC8are,0.04369472685498765,0.08364695092753766,0.07424932104769763,0.007754591899540078
MATS3se,0.04355228840335146,0.08991098281092715,0.07872918337278424,0.006566725862408454
VSA_EState9,0.04339090242951693,0.04192592688451514,0.0373029292376894,0.001502597131301043
AATSC2dv,0.04328175488216379,0.13137860857323735,0.10468421718693226,0.01134775664682569
AATS2v,0.04306425810355474,0.1370404189918787,0.13018357627326102,0.009737582785112752
MATS6c,0.04305066315778783,0.1399097069984742,0.12611257237486187,0.013877136321827719
Mor32m,0.04301463417814455,0.0861590131742788,0.0759926544403553,0.007000820897700462
WPol,0.042384175353434195,0.0939252819298367,0.07629868307837259,0.007816343126741693
AATSC7d,0.04213439805302599,0.17777539624266384,0.15154267537912663,0.014080353459838478
FNSA5,0.04191587470392255,0.14004010635220002,0.11592047368322263,0.009645102999867325
Mor05p,0.04147680815820953,0.08414312917228445,0.058638259582993554,0.007783088805295786
AATS5se,0.04131074730961881,0.10169043164548801,0.0801779440119078,0.008740678700816724
C1SP2,0.04119583761861456,0.1801739541799753,0.16872321245649888,0.010796180370433762
GATS2c,0.04096249174669753,0.13175817072101173,0.12364219615821921,0.00806792353907298
GATS8se,0.04093120140482753,0.06130156551793323,0.043746336899359826,0.004216764648687485
WNSA3,0.04035852301894094,0.17368869086819835,0.15901085149102873,0.01432660748867599
GATS3s,0.04001061754374913,0.08664327525085345,0.0812665158725727,0.005800665951519158
GATS4v,0.03994988769684671,0.14177674073917365,0.13329462331644248,0.008546915576491627
FNSA4,0.039827321877861976,0.18498684863625828,0.1666414431480801,0.011265373764250027
SssssC,0.039770819708823346,0.06187697750134429,0.06573921261831803,0.0015197280213095747
ATSC1se,0.03901336201650052,0.16861130279573724,0.15381981258598443,0.008791393958119058
Mor21p,0.038746488471955054,0.11549731457082814,0.09877104450562826,0.008553702337263509
ATS7s,0.03854624718577604,0.10464350929527513,0.08941420557806101,0.008365821786793867
SsssCH,0.03820441614803949,0.08812784849530399,0.09303700416174038,0.002392324580709236
ATSC4p,0.03710208975180285,0.11846061963560754,0.1022145782459889,0.008311194041371789
Mor32v,0.03704190023585996,0.1169252222624649,0.10908076417230905,0.008356823087823385
Mor05v,0.03689057290343811,0.13197317922713322,0.13033647863820044,0.0076920308956934195
Mor28v,0.03662887115023272,0.05933692130950778,0.03853843381064529,0.004921241109927205
ATSC8dv,0.036621808314568405,0.08791042171538317,0.08066700421173686,0.006791686243538964
AATS2d,0.03662112071989165,0.14797191807592966,0.13560859916743212,0.012083880480165444
MATS3c,0.03622491885163681,0.09005909603254898,0.07009979637806031,0.007508844439962908
H-bond_acceptors,0.0359177259428729,0.08473212761504714,0.07153696598954408,0.0057272594078408
ATS8dv,0.03569475467943484,0.13516862987236766,0.12028523465860991,0.00987510944037675
AATS6s,0.035382939162932114,0.09514541773622688,0.07756798894734397,0.007451754452999723
Silicos-IT_LogSw,0.03534854741175186,0.1310052340688415,0.1170849625814495,0.009179622108069597
ATSC4s,0.03517460930985772,0.06868990442751101,0.044640433098456174,0.006225169537647152
AATSC6s,0.035001874142178924,0.09950437894361447,0.08035323655190643,0.008032936382859172
ATS8s,0.03483286542648223,0.11984609769741021,0.09436839222382987,0.012494695367890907
Xc-4d,0.03483285114086532,0.08631448563963984,0.084389390868765,0.0019383768694357254
Mor07m,0.03452470439390698,0.06852251193893949,0.04730556455929935,0.007401674509702677
AATSC3se,0.034474448185159545,0.09157972091103565,0.07651754588580602,0.007345781426386216
Mor14m,0.03447049465066909,0.08110346886232107,0.06840813605077045,0.005759146709150693
Mor19m,0.034115908729109634,0.1087909007689779,0.09407159802989917,0.009018692810157027
Mor16p,0.03388987501587515,0.08787057430492116,0.07729409316998143,0.0075901570423056435
MATS8are,0.03379468263418195,0.10254485146493757,0.09097180675493773,0.006517140004974307
GATS4se,0.03377243072751268,0.08082793867743625,0.06531503957368333,0.005889493729677348
ESOL_Log_S,0.03318058730676521,0.05967264722612319,0.02706860862831416,0.005266580687640601
GATS3se,0.032689907685974795,0.15804660362101589,0.14471590484131122,0.01067841765069864
MATS2s,0.03267424436562516,0.06998214613389452,0.04457553815996018,0.0071187919100682475
ATSC0dv,0.032626112401958896,0.07460081429225796,0.055310336519672536,0.006081356702780455
Xc-6d,0.03240976506224236,0.062305013063739825,0.06415739247441823,0.0011215339114025867
MATS6are,0.032358939639391515,0.06664621561533286,0.05738781960150285,0.005227569665666006
ATS4s,0.03206328336691788,0.07935563648541688,0.05911798297160675,0.00803446335647017
Mor02m,0.03196400070327643,0.12857413537025797,0.11791234303081723,0.00863619847460176
Mor03v,0.031554046254424595,0.059802625500021335,0.027005540740545446,0.0059461457539760915
MATS2i,0.03095184963151354,0.0705586012671864,0.05990701456290314,0.005112621802280635
AATS1se,0.030784832040477106,0.1131623555225686,0.09349181048291852,0.00934288316002478
AATS5v,0.030778816549679178,0.11181302223657855,0.08578074522865302,0.010591927465229594
GATS2s,0.029874937202780227,0.07923528507254596,0.06544328911550208,0.005256176179732895
Mor03,0.02981278840149848,0.06322896707354046,0.04241554398619537,0.0053772578435798395
Xc-6dv,0.029618759458329258,0.06000078015950599,0.06445930898835348,0.0013164133682641488
ATSC8i,0.0294878609950171,0.09881537146034294,0.08778262034478193,0.008443949012913473
MATS8s,0.029486015889780948,0.13969475056811023,0.1250702595772485,0.010330672993631941
GATS8pe,0.02914801605731565,0.069401254160979,0.03802361291221611,0.007528739688650036
Mor09se,0.028688439880191652,0.10042682278500314,0.084782089155578,0.007379367408286664
ATSC7se,0.028603817171741763,0.06721518232035165,0.05159342314530939,0.004432223108142491
ATSC6p,0.02805086940118784,0.13745684614727255,0.10758604732249959,0.012629140579014658
ATSC6se,0.027560406267128634,0.10068359618481798,0.08890352564949529,0.011008107990784497
SsCl,0.027440867230768884,0.024797007644608966,0.01189080246173556,0.0009561368254543367
Mor19v,0.02648212089972901,0.08925742910457245,0.062274755497155394,0.007431250634363001
Mor14v,0.02578922963621011,0.09155969669829342,0.07502811683094554,0.006390974537720412
GATS5are,0.024994202152959666,0.06868388469812764,0.043026984954092816,0.00654436018385118
AATSC1d,0.024968031134577462,0.0670815032836229,0.04258562478308894,0.006887100607810865
Ali_Solubility_(mg/ml),0.023955550849850127,0.08576493399780759,0.07688226165621957,0.006061425349522212
SLogP,0.023896239508869765,0.0464556622629028,0.020934752263601274,0.003718641216256469
ATSC8p,0.023424597998130015,0.10616036685223076,0.08335492145838486,0.010226973131666614
Mor04m,0.02316305813902897,0.1043933300183602,0.09574047659066445,0.007765614958937874
AATS6d,0.023072476711120338,0.09342600844359744,0.07852644849377563,0.007271476667811203
Mor17m,0.02306157581430046,0.0595677510585676,0.030388532015287188,0.0052879497923353745
Mor30v,0.022763462808028656,0.07522372412580668,0.056162728103601615,0.006668320373932516
Mor10v,0.022563371605555105,0.1220272317321029,0.09673354844086013,0.01116213527710786
GATS3i,0.02254395799014075,0.13332635082757038,0.11230420069334053,0.011346960746564612
ATSC8s,0.02166399064687452,0.076276816530192,0.06777931084908115,0.005322554467985526
MATS8i,0.02124161787513712,0.09259037825189376,0.07283077269669493,0.008015142599946104
ATSC3s,0.020030433262637093,0.08327017983533555,0.06414230139096053,0.006313991849193985
SsOH,0.01943131067776438,0.044479483326611655,0.04361594831439842,0.0010280404371649503
AATSC4s,0.019378042813369856,0.06081725833383346,0.04042719279626267,0.0050676655171985946
ATSC6s,0.018967297312278752,0.07464928516870148,0.041580918462001085,0.008908445988269384
FPSA3,0.018381001650300988,0.07249069520860356,0.054115317151115956,0.006333244831468437
Mor16v,0.017820566679256356,0.08157919257935664,0.0721680444350905,0.004990314297619925
Mor24p,0.017590080234612504,0.09870869445610805,0.08242575282424192,0.008912295430726557
SsNH2,0.01753425970307121,0.06614067817851847,0.058005004461396455,0.002635616071017139
MATS1d,0.016730555801807157,0.060185952246520076,0.045031344566723246,0.005259618763238183
ATSC7are,0.016488437304384096,0.07480535936853297,0.055831723963779,0.005630613280091662
GATS7dv,0.016247623328750294,0.052876216741002825,0.04101911976335309,0.003888396152717193
ATSC3are,0.015525377792937167,0.052279405664184944,0.03259564566516383,0.00436741566925196
SdCH2,0.014848204240908491,0.013080340628526331,0.004582475561506818,0.0003214286123418756
GATS5dv,0.014785868472897423,0.08194656480419366,0.04439314094026724,0.010461509597088125
Mor08se,0.014488255814105067,0.07625303852135647,0.05407612557354269,0.006404552745816831
MATS3s,0.014254139596909354,0.06702001149930178,0.04950019740882084,0.004618543763558581
GATS5pe,0.014070695744693218,0.06141323494714093,0.03674735159093585,0.006308472098636786
ATSC3pe,0.01399982579807002,0.07446503033425103,0.05058854904437476,0.0064845560979612145
AATSC6se,0.01354385699045979,0.06734692710821766,0.04770403462921216,0.0060864205771366565
Mor12m,0.01348264166104629,0.051241906302710985,0.0250225478489644,0.004123033456693235
MATS6se,0.012754558783186098,0.0706783365036796,0.05257936388489356,0.006687462567550133
Mor32,0.012337869878918717,0.07065000931820212,0.04798197910228153,0.007490910036880129
EState_VSA1,0.01209035917264667,0.04198743858606434,0.031058770505459108,0.002376945386499169
ATS8d,0.01083379911189608,0.13714194056111084,0.11671314954503048,0.012681326510064424
Mor24v,0.010356777611948864,0.08073103694739793,0.06134339190792232,0.007401197291677713
AATSC8are,0.009877452729535996,0.07492862053999008,0.05730372191485511,0.006373532026838244
MATS4se,0.009455450614073602,0.0538221799385308,0.02721265172728643,0.004305771450157818
MATS7s,0.008967989755706007,0.056852450549110166,0.025919036399218987,0.00549725893037361
MATS4pe,0.008937782852512122,0.03368096207563271,0.011091399223619016,0.0024010102330684806
AATSC7s,0.008332488835271157,0.03837021088706843,0.0,0.003640459699913271
Mor23se,0.008209964492857935,0.08706044216840245,0.06993242103223139,0.007656084668351552
ATSC3c,0.00801087229182551,0.1167185349154759,0.09370608113511118,0.01089642843636335
Mor32se,0.007744422871471812,0.07458077686526018,0.048562959489195,0.007893275233420375
SddssS,0.0076518540764525245,0.010954320656737345,0.0010825481317300394,0.0003122850316409762
ATSC4v,0.00732805454852592,0.04584718154811056,0.016192070861442753,0.0044376870979866015
Mor23v,0.006975679401439283,0.1057772744685497,0.09681564550461863,0.008025059507232113
Mor14p,0.0067925765501684054,0.0640889137686361,0.03915559108114859,0.007716053326797279
Xpc-4dv,0.005884334424773652,0.1006773718503856,0.08101295722876727,0.009956537541078522
AATSC4se,0.005882294805880317,0.08114939129889266,0.06872022255936791,0.007165569583302722
Mor10,0.005604326654446989,0.07515043130894934,0.04307090879214126,0.008209716056514434
log_Kp_(cm/s),0.00471323222931197,0.06562953086929263,0.041255508193080034,0.00644251417446777
Mor13p,0.004433744052443789,0.11011164560043459,0.08809094856192697,0.009579574811318195
MATS6s,0.004166817275508272,0.058312648644716525,0.03763639071967451,0.005496110060009115
MATS3pe,0.0041014914658030754,0.07389139821428466,0.040897934216193685,0.00813786160906494
MATS7are,0.0030804319344346354,0.06501361842591957,0.02307168185453504,0.007791682021017993
GATS6s,0.002968881788582678,0.041948712838000106,0.021736742449012653,0.003495071809091075
AATSC6pe,0.002874619862184513,0.04433652648244524,0.01023206616659112,0.003748686625842145
GATS6dv,0.0006588337521860055,0.05458608623169006,0.016914951442989018,0.006390631127636753
AATSC8i,0.000597015630892539,0.047034119334708906,0.022087084504244764,0.0042161860237564085
GATS1d,0.0003784579000112309,0.10585164125134672,0.07852186657799703,0.01230354519539458
Mor28p,0.0,0.038401093106525834,0.0,0.004048561104969617
GATS4dv,0.0,0.05791372520583608,0.03616360207355143,0.005108886135447023
ATSC3se,0.0,0.027844777869739254,0.0,0.0025771483760144015
AATSC8pe,0.0,0.07106085204843293,0.0456838589523268,0.006285409001189273
Mor26m,0.0,0.037346550163917684,0.0,0.004259875762156014
ATSC2p,0.0,0.026892418859035084,0.0,0.002851189670270148
FNSA1,0.0,0.052021321329031006,0.012517048402759088,0.006940521422878149
ATSC7pe,0.0,0.018231766653397978,0.0,0.00305900321078004
AATSC7pe,0.0,0.025602764677466045,0.0,0.002939243445065833
ESOL_Solubility_(mg/ml),0.0,0.03986051894279238,0.0,0.004882414639996049
Silicos-IT_Solubility_(mg/ml),0.0,0.025781919308983554,0.010246454242902448,0.0012738153028260374
MATS7c,0.0,0.05915672847125426,0.0,0.01001529540108351
AATS5dv,0.0,0.07376347473195874,0.04033753966196609,0.008918864869337465
GATS7s,0.0,0.04115986483242817,0.0,0.004122334508456038
AATSC3s,0.0,0.03673295074409089,0.0,0.004279128301795099
SaasC,0.0,0.07427262626301116,0.037795068276084025,0.008648337670334577
MATS6pe,0.0,0.037462480640737525,0.0,0.00449962194044873
Mor16se,0.0,0.036060897033865655,0.0,0.005230147040765623
Mor03p,0.0,0.03206924211368084,0.0,0.007948426369018085
MATS7pe,0.0,0.026507091897027577,0.0,0.004017826303150974
GATS6pe,0.0,0.04447894597010371,0.0,0.006105370340675411
GATS7se,0.0,0.05153939864295312,0.016821228129149237,0.006914883210501895
MATS4are,0.0,0.026844704879637436,0.0,0.002024902281381636
Mor23,0.0,0.05225413782162143,0.0011135765187084332,0.007646635958776943
Mor19p,0.0,0.05600952323656619,0.046317038676546456,0.0040864900083474095
SssS,0.0,0.006883618387020686,0.0,0.00014488534528509393
Mor09,0.0,0.06918987220295643,0.025311435117380227,0.008311612571591343
ATSC7s,0.0,0.03029192211805791,0.0,0.004424367780556308
AATSC3pe,0.0,0.05653102702484848,0.03382044266989546,0.004979556661363499
MATS5s,0.0,0.08368333740094482,0.040497551100024225,0.011836669428751272
FPSA1,0.0,0.052021321329031006,0.012517048402759088,0.006940521422878149
Mor16,0.0,0.035915408827446184,0.0,0.003877697224581635
