sample,strategy,imputation,upstream,mean_gain,std_gain,prob_positive,n_runs,mean_rmse,mean_best,profile,cluster
5,LH,Gaussian,2,-0.031798831628244574,0.300187229083449,0.43333333333333335,120,1.683569848537445,1.79007492462794,Unstable,0
5,LH,Gaussian,3,-0.1402383925326516,0.32169652191161036,0.275,120,1.860508966445923,1.79007492462794,Unstable,0
5,LH,Gaussian,4,-0.11378053419380763,0.31353233672196856,0.30833333333333335,120,1.8173380970954895,1.79007492462794,Unstable,0
5,LH,Ground Truth,2,0.46056018904643437,0.15155944349829162,1.0,120,0.880195415019989,1.79007492462794,Consistent Positive,3
5,LH,Ground Truth,3,0.33043102318306844,0.19786693951696194,0.95,120,1.0925251185894012,1.79007492462794,Consistent Positive,3
5,LH,Ground Truth,4,0.34692115835960197,0.19104934922992664,0.975,120,1.0656184256076813,1.79007492462794,Consistent Positive,3
5,LH,Mean,2,-0.14533138240963633,0.32184172446092524,0.25,120,1.8688191175460815,1.79007492462794,Unstable,0
5,LH,Mean,3,-0.12010152972629252,0.31487977315472754,0.2916666666666667,120,1.8276519656181336,1.79007492462794,Unstable,0
5,LH,Mean,4,-0.2893445540653911,0.3621036894822303,0.25,120,2.1038031339645387,1.79007492462794,Unstable,0
5,LH,Pseudo-Feature,2,0.26404836557847483,0.20678828724842915,0.9166666666666666,120,1.2008406519889832,1.79007492462794,Consistent Positive,3
5,LH,Pseudo-Feature,3,0.08561305217111088,0.2579501262986744,0.625,120,1.4919907331466675,1.79007492462794,Unstable,3
5,LH,Pseudo-Feature,4,0.13543708539723925,0.24321682612404344,0.675,120,1.410693645477295,1.79007492462794,Unstable,3
5,LH-E2E,Gaussian,2,-0.034503455564188476,0.29642711894328594,0.4166666666666667,120,1.687982940673828,1.79007492462794,Unstable,0
5,LH-E2E,Gaussian,3,-0.09744347963470167,0.31619267203508056,0.31666666666666665,120,1.7906811833381653,1.79007492462794,Unstable,0
5,LH-E2E,Gaussian,4,-0.24874483168704345,0.35345915304504294,0.25,120,2.0375572085380553,1.79007492462794,Unstable,0
5,LH-E2E,Ground Truth,2,0.23058174846735233,0.23738134395637617,0.85,120,1.2554476022720338,1.79007492462794,Consistent Positive,3
5,LH-E2E,Ground Truth,3,0.37790375697474304,0.17877373499544755,0.9916666666666667,120,1.0150646090507507,1.79007492462794,Consistent Positive,3
5,LH-E2E,Ground Truth,4,0.2213026871710916,0.22693364690577011,0.8333333333333334,120,1.2705880999565125,1.79007492462794,Consistent Positive,3
5,LH-E2E,Mean,2,0.16154723382221742,0.24506274931417868,0.7333333333333333,120,1.3680901288986207,1.79007492462794,Unstable,3
5,LH-E2E,Mean,3,0.0348692055657943,0.2921531629928633,0.5333333333333333,120,1.5747886657714845,1.79007492462794,Unstable,3
5,LH-E2E,Mean,4,-0.24882092268262918,0.35937679057062166,0.25,120,2.0376813650131225,1.79007492462794,Unstable,0
5,LH-E2E,Pseudo-Feature,2,0.30660816716303596,0.1968469158823916,0.925,120,1.1313964962959289,1.79007492462794,Consistent Positive,3
5,LH-E2E,Pseudo-Feature,3,0.02682828321460431,0.28912806713517913,0.5416666666666666,120,1.5879089117050171,1.79007492462794,Unstable,3
5,LH-E2E,Pseudo-Feature,4,0.13962871660985568,0.254755380929572,0.7166666666666667,120,1.4038542270660401,1.79007492462794,Unstable,3
5,MLP,Gaussian,2,0.030323917433031998,0.2743722162388518,0.55,120,1.5822051405906676,1.79007492462794,Unstable,3
5,MLP,Gaussian,3,-0.05734499344782311,0.29785831370045984,0.35,120,1.7252531170845031,1.79007492462794,Unstable,0
5,MLP,Gaussian,4,-0.07736006682581788,0.30351686804329436,0.3333333333333333,120,1.7579113960266113,1.79007492462794,Unstable,0
5,MLP,Ground Truth,2,0.42170230389445007,0.1686401025355129,0.9916666666666667,120,0.9435992121696473,1.79007492462794,Consistent Positive,3
5,MLP,Ground Truth,3,0.49736629493161044,0.14200041522673496,1.0,120,0.8201394736766815,1.79007492462794,Consistent Positive,3
5,MLP,Ground Truth,4,0.3726813356932651,0.1784344613686151,0.9916666666666667,120,1.0235859513282777,1.79007492462794,Consistent Positive,3
5,MLP,Mean,2,-0.12776668749025624,0.3180283081049412,0.2833333333333333,120,1.8401590824127196,1.79007492462794,Unstable,0
5,MLP,Mean,3,-0.10841987058698416,0.31332126070168353,0.3,120,1.8085911870002747,1.79007492462794,Unstable,0
5,MLP,Mean,4,-0.2900913490137141,0.3625220227620496,0.25,120,2.105021667480469,1.79007492462794,Unstable,0
5,MLP,Pseudo-Feature,2,0.2744269947287573,0.20384311945147357,0.9166666666666666,120,1.1839060068130494,1.79007492462794,Consistent Positive,3
5,MLP,Pseudo-Feature,3,0.03647823605977583,0.27635463827506074,0.5416666666666666,120,1.5721632361412048,1.79007492462794,Unstable,3
5,MLP,Pseudo-Feature,4,0.14368471370504063,0.24259726285233815,0.7,120,1.3972361207008361,1.79007492462794,Unstable,3
5,MLP-E2E,Gaussian,2,-0.2264932017580488,0.354164829144987,0.25833333333333336,120,2.001249575614929,1.79007492462794,Unstable,0
5,MLP-E2E,Gaussian,3,-0.37612866146152246,0.3909686026819959,0.25,120,2.2454073905944822,1.79007492462794,Unstable,0
5,MLP-E2E,Gaussian,4,-0.5757333519375739,0.450899531575586,0.14166666666666666,120,2.5710992097854612,1.79007492462794,Consistent Negative,0
5,MLP-E2E,Ground Truth,2,-0.13649822238400305,0.3511790296637629,0.31666666666666665,120,1.854406189918518,1.79007492462794,Unstable,0
5,MLP-E2E,Ground Truth,3,0.25122361000600885,0.21176349945474632,0.9,120,1.2217666029930114,1.79007492462794,Consistent Positive,3
5,MLP-E2E,Ground Truth,4,0.0654959883660036,0.27026581849790265,0.5916666666666667,120,1.5248154282569886,1.79007492462794,Unstable,3
5,MLP-E2E,Mean,2,0.11006625067435459,0.2597641009186643,0.6583333333333333,120,1.4520908355712892,1.79007492462794,Unstable,3
5,MLP-E2E,Mean,3,-0.18465959977696608,0.3618252165539727,0.3,120,1.932990348339081,1.79007492462794,Unstable,0
5,MLP-E2E,Mean,4,-0.3930224990041704,0.3960530657212732,0.25,120,2.2729727983474732,1.79007492462794,Unstable,0
5,MLP-E2E,Pseudo-Feature,2,0.27573157356954164,0.2043969267837901,0.9166666666666666,120,1.1817773461341858,1.79007492462794,Consistent Positive,3
5,MLP-E2E,Pseudo-Feature,3,-0.2836230591401822,0.3823629735097895,0.25833333333333336,120,2.0944674611091614,1.79007492462794,Unstable,0
5,MLP-E2E,Pseudo-Feature,4,0.1732106720356505,0.25025781442471384,0.7583333333333333,120,1.3490590810775758,1.79007492462794,Unstable,3
10,LH,Gaussian,2,-0.057637274300432646,0.323021652546218,0.4166666666666667,120,1.4908295273780823,1.5548800925413768,Unstable,0
10,LH,Gaussian,3,-0.3778056081894355,0.4049767276282015,0.25,120,1.9421339750289917,1.5548800925413768,Unstable,0
10,LH,Gaussian,4,-0.28392918959390095,0.3768193969022338,0.25,120,1.8098071932792663,1.5548800925413768,Unstable,0
10,LH,Ground Truth,2,0.4032951819834674,0.17482073528074052,1.0,120,0.8411060988903045,1.5548800925413768,Consistent Positive,3
10,LH,Ground Truth,3,0.2925732556912965,0.21978739874806583,0.8916666666666667,120,0.997178053855896,1.5548800925413768,Consistent Positive,3
10,LH,Ground Truth,4,0.32927416875774024,0.20495713046756595,0.95,120,0.9454450011253357,1.5548800925413768,Consistent Positive,3
10,LH,Mean,2,-0.12704804127180316,0.3301287744140359,0.3333333333333333,120,1.5886698961257935,1.5548800925413768,Unstable,0
10,LH,Mean,3,-0.18731048819316498,0.34789767216064393,0.25,120,1.6736149311065673,1.5548800925413768,Unstable,0
10,LH,Mean,4,-0.4352588770456528,0.4204565233747863,0.25,120,2.0231192350387572,1.5548800925413768,Unstable,0
10,LH,Pseudo-Feature,2,0.23497519369405703,0.22414505693808898,0.8333333333333334,120,1.0783674120903015,1.5548800925413768,Consistent Positive,3
10,LH,Pseudo-Feature,3,0.08346488058340958,0.2700318378872406,0.5833333333333334,120,1.291934061050415,1.5548800925413768,Unstable,3
10,LH,Pseudo-Feature,4,-0.026389568105596773,0.3010984519650639,0.43333333333333335,120,1.4467832326889039,1.5548800925413768,Unstable,0
10,LH-E2E,Gaussian,2,-0.017695120977285365,0.30133161680090015,0.44166666666666665,120,1.4345276713371278,1.5548800925413768,Unstable,0
10,LH-E2E,Gaussian,3,-0.253342790825931,0.37304484673038213,0.25,120,1.7666930675506591,1.5548800925413768,Unstable,0
10,LH-E2E,Gaussian,4,-0.31901422270812413,0.3900563528800671,0.25,120,1.8592625260353088,1.5548800925413768,Unstable,0
10,LH-E2E,Ground Truth,2,0.21870693035426958,0.23536069797525241,0.85,120,1.1012989103794097,1.5548800925413768,Consistent Positive,3
10,LH-E2E,Ground Truth,3,0.3666939437000438,0.1908969327492673,0.9666666666666667,120,0.8926986515522003,1.5548800925413768,Consistent Positive,3
10,LH-E2E,Ground Truth,4,0.24637516929132303,0.23303564865932386,0.8416666666666667,120,1.0622981786727905,1.5548800925413768,Consistent Positive,3
10,LH-E2E,Mean,2,0.12900175258405946,0.2565125836181327,0.6916666666666667,120,1.2277459740638732,1.5548800925413768,Unstable,3
10,LH-E2E,Mean,3,-0.05564628192662229,0.3170540950870629,0.4083333333333333,120,1.488023054599762,1.5548800925413768,Unstable,0
10,LH-E2E,Mean,4,-0.31525168147567445,0.3882688699211014,0.25,120,1.8539589047431946,1.5548800925413768,Unstable,0
10,LH-E2E,Pseudo-Feature,2,0.3035375367943302,0.20616494853579645,0.9083333333333333,120,0.9817229688167572,1.5548800925413768,Consistent Positive,3
10,LH-E2E,Pseudo-Feature,3,0.02032037274605751,0.29391411580925597,0.5,120,1.3809416055679322,1.5548800925413768,Unstable,0
10,LH-E2E,Pseudo-Feature,4,0.022738513765785073,0.2982564249618861,0.5166666666666667,120,1.3775330305099487,1.5548800925413768,Unstable,0
10,MLP,Gaussian,2,0.013531358023813828,0.29824611673535706,0.5,120,1.3905112981796264,1.5548800925413768,Unstable,0
10,MLP,Gaussian,3,-0.2871952597473419,0.37746972868976053,0.25,120,1.8144109964370727,1.5548800925413768,Unstable,0
10,MLP,Gaussian,4,-0.23775158616732597,0.3629263259534455,0.25,120,1.744715940952301,1.5548800925413768,Unstable,0
10,MLP,Ground Truth,2,0.37061133350513037,0.18868188197279717,0.975,120,0.8871767580509186,1.5548800925413768,Consistent Positive,3
10,MLP,Ground Truth,3,0.49093434912407385,0.1494007768491932,1.0,120,0.7175712525844574,1.5548800925413768,Consistent Positive,3
10,MLP,Ground Truth,4,0.36108307628690767,0.18802603668331852,0.9833333333333333,120,0.9006076455116272,1.5548800925413768,Consistent Positive,3
10,MLP,Mean,2,-0.11501848909663541,0.3268936047265068,0.3333333333333333,120,1.5717132210731506,1.5548800925413768,Unstable,0
10,MLP,Mean,3,-0.19433077784254688,0.3504988073149846,0.25833333333333336,120,1.6835106253623962,1.5548800925413768,Unstable,0
10,MLP,Mean,4,-0.4338513618740236,0.42039310513627604,0.25,120,2.021135222911835,1.5548800925413768,Unstable,0
10,MLP,Pseudo-Feature,2,0.24131929150980946,0.2222252960954262,0.8333333333333334,120,1.0694248676300049,1.5548800925413768,Consistent Positive,3
10,MLP,Pseudo-Feature,3,0.01408252929767861,0.28959458554238626,0.5,120,1.3897343754768372,1.5548800925413768,Unstable,0
10,MLP,Pseudo-Feature,4,-0.010384450083225116,0.2971134425181527,0.45,120,1.4242226600646972,1.5548800925413768,Unstable,0
10,MLP-E2E,Gaussian,2,-0.2963157053628661,0.397112693511254,0.25833333333333336,120,1.8272670388221741,1.5548800925413768,Unstable,0
10,MLP-E2E,Gaussian,3,-0.4887303641234325,0.4382785088392776,0.25,120,2.098491835594177,1.5548800925413768,Unstable,0
10,MLP-E2E,Gaussian,4,-0.6017067325606043,0.47416612712947553,0.16666666666666666,120,2.257741618156433,1.5548800925413768,Consistent Negative,0
10,MLP-E2E,Ground Truth,2,-0.23074901403622228,0.38559522904570925,0.2916666666666667,120,1.734845221042633,1.5548800925413768,Unstable,0
10,MLP-E2E,Ground Truth,3,0.2079708880976763,0.23503371161204298,0.8166666666666667,120,1.1164322733879088,1.5548800925413768,Consistent Positive,3
10,MLP-E2E,Ground Truth,4,0.13465225395872824,0.27050263881923703,0.7,120,1.2197811126708984,1.5548800925413768,Unstable,3
10,MLP-E2E,Mean,2,0.11829621913280687,0.25921668439362294,0.65,120,1.242836332321167,1.5548800925413768,Unstable,3
10,MLP-E2E,Mean,3,-0.37020335514969666,0.4137607966454663,0.25,120,1.931417953968048,1.5548800925413768,Unstable,0
10,MLP-E2E,Mean,4,-0.4790718472034054,0.4379727568519801,0.24166666666666667,120,2.084877336025238,1.5548800925413768,Unstable,0
10,MLP-E2E,Pseudo-Feature,2,0.3282106060095643,0.1977946020053683,0.9333333333333333,120,0.9469441831111908,1.5548800925413768,Consistent Positive,3
10,MLP-E2E,Pseudo-Feature,3,-0.37297197320641046,0.4137471057714153,0.25,120,1.9353205561637878,1.5548800925413768,Unstable,0
10,MLP-E2E,Pseudo-Feature,4,0.03663108624479368,0.2889899240770656,0.525,120,1.3579502701759338,1.5548800925413768,Unstable,3
20,LH,Gaussian,2,-0.2614783508336323,0.3361938727673012,0.23333333333333334,120,1.3304235100746156,1.132521390914917,Unstable,0
20,LH,Gaussian,3,-0.7064054682572716,0.42776475671119685,0.08333333333333333,120,1.7996677875518798,1.132521390914917,Consistent Negative,0
20,LH,Gaussian,4,-0.662225733186273,0.41531999623453963,0.08333333333333333,120,1.7530734419822693,1.132521390914917,Consistent Negative,0
20,LH,Ground Truth,2,0.18209429161249954,0.20394402169339634,0.75,120,0.8626077353954316,1.132521390914917,Unstable,3
20,LH,Ground Truth,3,0.11988089686894586,0.24029235690690742,0.7166666666666667,120,0.9282213568687439,1.132521390914917,Unstable,3
20,LH,Ground Truth,4,0.1202859005025403,0.2314968995471416,0.7083333333333334,120,0.9277942180633545,1.132521390914917,Unstable,3
20,LH,Mean,2,-0.4575559358154124,0.3633723660703566,0.08333333333333333,120,1.5372175693511962,1.132521390914917,Consistent Negative,0
20,LH,Mean,3,-0.388978899861707,0.3463367733191253,0.16666666666666666,120,1.4648925065994263,1.132521390914917,Consistent Negative,0
20,LH,Mean,4,-0.7611989977237699,0.4390871902851127,0.08333333333333333,120,1.8574560165405274,1.132521390914917,Consistent Negative,0
20,LH,Pseudo-Feature,2,-0.0016433307840518741,0.24970978120121126,0.5,120,1.0563874006271363,1.132521390914917,Unstable,3
20,LH,Pseudo-Feature,3,0.006196723926093907,0.2492755595004126,0.5333333333333333,120,1.0481188535690307,1.132521390914917,Unstable,3
20,LH,Pseudo-Feature,4,-0.04510937283981839,0.26126745599842094,0.3416666666666667,120,1.1022290468215943,1.132521390914917,Unstable,0
20,LH-E2E,Gaussian,2,-0.16447972626659899,0.29312486169652185,0.26666666666666666,120,1.2281234979629516,1.132521390914917,Unstable,0
20,LH-E2E,Gaussian,3,-0.4205310351069341,0.3587180283668662,0.13333333333333333,120,1.4981691002845765,1.132521390914917,Consistent Negative,0
20,LH-E2E,Gaussian,4,-0.4101983277690169,0.35504724147039585,0.15833333333333333,120,1.4872716665267944,1.132521390914917,Consistent Negative,0
20,LH-E2E,Ground Truth,2,0.1376361709398766,0.21924752465216849,0.7333333333333333,120,0.9094956815242767,1.132521390914917,Unstable,3
20,LH-E2E,Ground Truth,3,0.2600359302959971,0.18749153030480856,0.8833333333333333,120,0.780406254529953,1.132521390914917,Consistent Positive,3
20,LH-E2E,Ground Truth,4,0.16800607445703186,0.21170670489237436,0.7833333333333333,120,0.8774659335613251,1.132521390914917,Unstable,3
20,LH-E2E,Mean,2,-0.058075638035514264,0.26410721580013874,0.3333333333333333,120,1.1159039735794067,1.132521390914917,Unstable,0
20,LH-E2E,Mean,3,-0.04183190769519388,0.2682858697197883,0.4166666666666667,120,1.0987724542617798,1.132521390914917,Unstable,0
20,LH-E2E,Mean,4,-0.10148312970692033,0.27693253764348563,0.325,120,1.1616838693618774,1.132521390914917,Unstable,0
20,LH-E2E,Pseudo-Feature,2,0.28002538191470644,0.18044103405286596,0.9166666666666666,120,0.7593242943286895,1.132521390914917,Consistent Positive,3
20,LH-E2E,Pseudo-Feature,3,-0.03300413173752969,0.27547374851036294,0.4083333333333333,120,1.0894622027873992,1.132521390914917,Unstable,0
20,LH-E2E,Pseudo-Feature,4,-0.01818164981016262,0.2665462195148292,0.45,120,1.073829609155655,1.132521390914917,Unstable,0
20,MLP,Gaussian,2,-0.19071830109948562,0.29916791132141185,0.25,120,1.2557961225509644,1.132521390914917,Unstable,0
20,MLP,Gaussian,3,-0.5765348041915512,0.39316695404309493,0.08333333333333333,120,1.6626991391181947,1.132521390914917,Consistent Negative,0
20,MLP,Gaussian,4,-0.5857181946120641,0.3957046150105835,0.08333333333333333,120,1.6723844408988953,1.132521390914917,Consistent Negative,0
20,MLP,Ground Truth,2,0.1255482123738209,0.22199539988350073,0.7333333333333333,120,0.9222442984580994,1.132521390914917,Unstable,3
20,MLP,Ground Truth,3,0.36724871462736225,0.15778983592541534,1.0,120,0.6673338353633881,1.132521390914917,Consistent Positive,3
20,MLP,Ground Truth,4,0.14957323227982958,0.21382211621425876,0.75,120,0.8969062089920044,1.132521390914917,Unstable,3
20,MLP,Mean,2,-0.4419898640066676,0.3595292032404354,0.09166666666666666,120,1.5208007454872132,1.132521390914917,Consistent Negative,0
20,MLP,Mean,3,-0.37938206234483574,0.34402485070076866,0.16666666666666666,120,1.4547711610794067,1.132521390914917,Consistent Negative,0
20,MLP,Mean,4,-0.7467876796538343,0.43564284177707313,0.08333333333333333,120,1.842257058620453,1.132521390914917,Consistent Negative,0
20,MLP,Pseudo-Feature,2,0.0017569545297735204,0.2488615506191905,0.5,120,1.0528012752532958,1.132521390914917,Unstable,3
20,MLP,Pseudo-Feature,3,-0.04230240185523318,0.2602809089790304,0.3416666666666667,120,1.099268662929535,1.132521390914917,Unstable,0
20,MLP,Pseudo-Feature,4,-0.029744316481935852,0.2575713741587654,0.39166666666666666,120,1.0860242247581482,1.132521390914917,Unstable,0
20,MLP-E2E,Gaussian,2,-0.5502252454949998,0.39495056047426913,0.09166666666666666,120,1.634951651096344,1.132521390914917,Consistent Negative,0
20,MLP-E2E,Gaussian,3,-0.595236576874525,0.4034328403017997,0.08333333333333333,120,1.6824230432510376,1.132521390914917,Consistent Negative,0
20,MLP-E2E,Gaussian,4,-0.6200824098715543,0.4104071025062468,0.08333333333333333,120,1.7086268067359924,1.132521390914917,Consistent Negative,0
20,MLP-E2E,Ground Truth,2,-0.39155832687185976,0.36162501395448726,0.16666666666666666,120,1.467612910270691,1.132521390914917,Consistent Negative,0
20,MLP-E2E,Ground Truth,3,0.1242156655325411,0.22121217282324437,0.7333333333333333,120,0.9236496746540069,1.132521390914917,Unstable,3
20,MLP-E2E,Ground Truth,4,-0.056226960513566696,0.2928313553285072,0.45,120,1.1139542579650878,1.132521390914917,Unstable,0
20,MLP-E2E,Mean,2,-0.0828575064331042,0.27037001178391534,0.3333333333333333,120,1.1420402765274047,1.132521390914917,Unstable,0
20,MLP-E2E,Mean,3,-0.32469955254536237,0.3437702779966545,0.2,120,1.397100019454956,1.132521390914917,Unstable,0
20,MLP-E2E,Mean,4,-0.16565196599857535,0.3017651043341697,0.26666666666666666,120,1.2293598055839539,1.132521390914917,Unstable,0
20,MLP-E2E,Pseudo-Feature,2,0.2945420906764908,0.1766568291263692,0.9583333333333334,120,0.7440141856670379,1.132521390914917,Consistent Positive,3
20,MLP-E2E,Pseudo-Feature,3,-0.5170420638283032,0.39079257223130875,0.1,120,1.599954867362976,1.132521390914917,Consistent Negative,0
20,MLP-E2E,Pseudo-Feature,4,-0.07463126785576554,0.27594265032195037,0.35833333333333334,120,1.1333644390106201,1.132521390914917,Unstable,0
50,LH,Gaussian,2,-0.28984495712486075,0.2949219751099498,0.15833333333333333,120,1.1914008498191833,0.9632539302110672,Consistent Negative,1
50,LH,Gaussian,3,-0.7521975623045187,0.3672982260937404,0.0,120,1.6184655785560609,0.9632539302110672,Consistent Negative,1
50,LH,Gaussian,4,-0.8070423043624654,0.3778604793350662,0.0,120,1.669124436378479,0.9632539302110672,Consistent Negative,1
50,LH,Ground Truth,2,0.10954915975194192,0.18572895159991243,0.8333333333333334,120,0.8224894642829895,0.9632539302110672,Consistent Positive,2
50,LH,Ground Truth,3,0.08985456341771093,0.21753532717133353,0.7333333333333333,120,0.8406809210777283,0.9632539302110672,Unstable,2
50,LH,Ground Truth,4,0.07631234572051043,0.2063391778178429,0.725,120,0.8531895637512207,0.9632539302110672,Unstable,2
50,LH,Mean,2,-0.6844330174073419,0.35127664178900014,0.0,120,1.5558729887008667,0.9632539302110672,Consistent Negative,1
50,LH,Mean,3,-0.5296159458829249,0.31902597830240076,0.075,120,1.4128719329833985,0.9632539302110672,Consistent Negative,1
50,LH,Mean,4,-0.9353094529804588,0.40360097180736915,0.0,120,1.787601923942566,0.9632539302110672,Consistent Negative,1
50,LH,Pseudo-Feature,2,-0.14923988296223203,0.23970032620108345,0.25,120,1.0615270972251891,0.9632539302110672,Unstable,2
50,LH,Pseudo-Feature,3,-0.10399219285878064,0.23125846854993656,0.25,120,1.0197328209877015,0.9632539302110672,Unstable,2
50,LH,Pseudo-Feature,4,-0.026813428032435287,0.21484656652915257,0.5333333333333333,120,0.948444527387619,0.9632539302110672,Unstable,2
50,LH-E2E,Gaussian,2,-0.04411303647128284,0.2200568611607083,0.4166666666666667,120,0.9644237875938415,0.9632539302110672,Unstable,2
50,LH-E2E,Gaussian,3,-0.431863038331777,0.2988271396225386,0.08333333333333333,120,1.3225797653198241,0.9632539302110672,Consistent Negative,1
50,LH-E2E,Gaussian,4,-0.4825004562500633,0.3114509771528631,0.075,120,1.3693524122238159,0.9632539302110672,Consistent Negative,1
50,LH-E2E,Ground Truth,2,0.009299468689008206,0.20985351810192596,0.5583333333333333,120,0.9150878548622131,0.9632539302110672,Unstable,2
50,LH-E2E,Ground Truth,3,0.1008290729996467,0.18884261965192672,0.7916666666666666,120,0.8305440127849579,0.9632539302110672,Unstable,2
50,LH-E2E,Ground Truth,4,0.0433446722005789,0.2004331692592427,0.6,120,0.8836410641670227,0.9632539302110672,Unstable,2
50,LH-E2E,Mean,2,-0.1730390721389362,0.2455990353884816,0.25,120,1.083509874343872,0.9632539302110672,Unstable,2
50,LH-E2E,Mean,3,-0.11192778548228614,0.23431323297572237,0.25833333333333336,120,1.027062749862671,0.9632539302110672,Unstable,2
50,LH-E2E,Mean,4,-0.225971721475017,0.2567147971611347,0.19166666666666668,120,1.1324025750160218,0.9632539302110672,Consistent Negative,1
50,LH-E2E,Pseudo-Feature,2,0.20044197198538086,0.16800661841769277,0.9166666666666666,120,0.7385338127613068,0.9632539302110672,Consistent Positive,2
50,LH-E2E,Pseudo-Feature,3,-0.06766666429226102,0.22581178312041256,0.375,120,0.9861797451972961,0.9632539302110672,Unstable,2
50,LH-E2E,Pseudo-Feature,4,-0.000952546908822128,0.21112584819245261,0.55,120,0.9245574116706848,0.9632539302110672,Unstable,2
50,MLP,Gaussian,2,-0.22237386753364363,0.2590482928887776,0.2,120,1.12907931804657,0.9632539302110672,Unstable,1
50,MLP,Gaussian,3,-0.6632263738310075,0.34688443833352817,0.0,120,1.5362848877906798,0.9632539302110672,Consistent Negative,1
50,MLP,Gaussian,4,-0.7234641218130208,0.35960077406670127,0.0,120,1.5919251441955566,0.9632539302110672,Consistent Negative,1
50,MLP,Ground Truth,2,0.06861027320897771,0.19635819023472573,0.675,120,0.860303795337677,0.9632539302110672,Unstable,2
50,MLP,Ground Truth,3,0.3023955377572195,0.14548432349747145,0.9166666666666666,120,0.6443615913391113,0.9632539302110672,Consistent Positive,2
50,MLP,Ground Truth,4,0.10591926680990683,0.1875986373466582,0.8,120,0.8258423149585724,0.9632539302110672,Unstable,2
50,MLP,Mean,2,-0.6649888092510916,0.3472357485855617,0.0,120,1.5379128098487853,0.9632539302110672,Consistent Negative,1
50,MLP,Mean,3,-0.5077116845254157,0.31457794060086114,0.08333333333333333,120,1.3926394581794739,0.9632539302110672,Consistent Negative,1
50,MLP,Mean,4,-0.919231140272574,0.40031719736687044,0.0,120,1.7727507472038269,0.9632539302110672,Consistent Negative,1
50,MLP,Pseudo-Feature,2,-0.1485107488710408,0.2395127337653919,0.25,120,1.060853612422943,0.9632539302110672,Unstable,2
50,MLP,Pseudo-Feature,3,-0.1794523831084452,0.2479383847873346,0.23333333333333334,120,1.0894337058067323,0.9632539302110672,Unstable,1
50,MLP,Pseudo-Feature,4,-0.019129856188555543,0.21290899413091433,0.55,120,0.9413473844528198,0.9632539302110672,Unstable,2
50,MLP-E2E,Gaussian,2,-0.6609031107074981,0.35522711768755755,0.0,120,1.5341389417648315,0.9632539302110672,Consistent Negative,1
50,MLP-E2E,Gaussian,3,-0.45842526060079086,0.30437229203128024,0.08333333333333333,120,1.3471146941184997,0.9632539302110672,Consistent Negative,1
50,MLP-E2E,Gaussian,4,-0.6348271585157976,0.34756572871430225,0.0,120,1.5100531697273254,0.9632539302110672,Consistent Negative,1
50,MLP-E2E,Ground Truth,2,-0.4680690836885783,0.3254685311008922,0.06666666666666667,120,1.3560224771499634,0.9632539302110672,Consistent Negative,1
50,MLP-E2E,Ground Truth,3,-0.004510295635872822,0.2116699862705843,0.5416666666666666,120,0.9278436243534088,0.9632539302110672,Unstable,2
50,MLP-E2E,Ground Truth,4,-0.197276276076348,0.26306903934974346,0.23333333333333334,120,1.1058972358703614,0.9632539302110672,Unstable,1
50,MLP-E2E,Mean,2,-0.20528409035048906,0.25218450436430456,0.21666666666666667,120,1.1132938742637635,0.9632539302110672,Unstable,1
50,MLP-E2E,Mean,3,-0.26379907577768874,0.2662052577158717,0.14166666666666666,120,1.1673428535461425,0.9632539302110672,Consistent Negative,1
50,MLP-E2E,Mean,4,-0.2853647884683873,0.2710926839607775,0.13333333333333333,120,1.1872626185417174,0.9632539302110672,Consistent Negative,1
50,MLP-E2E,Pseudo-Feature,2,0.1983312761772383,0.16769666334309408,0.9166666666666666,120,0.7404834151268005,0.9632539302110672,Consistent Positive,2
50,MLP-E2E,Pseudo-Feature,3,-0.5154274115234339,0.32310033523615783,0.041666666666666664,120,1.3997663021087647,0.9632539302110672,Consistent Negative,1
50,MLP-E2E,Pseudo-Feature,4,-0.06146550119500851,0.2301804252218485,0.4166666666666667,120,0.9804518699645997,0.9632539302110672,Unstable,2
75,LH,Gaussian,2,-0.3196972599012834,0.2533346269560817,0.075,120,1.2029739618301392,0.9364026188850403,Consistent Negative,1
75,LH,Gaussian,3,-0.8344649241123204,0.31282981103216984,0.0,120,1.6722119569778442,0.9364026188850403,Consistent Negative,1
75,LH,Gaussian,4,-0.7594250953086793,0.2976303385974206,0.0,120,1.6038091778755188,0.9364026188850403,Consistent Negative,1
75,LH,Ground Truth,2,0.10590869850780084,0.15094255046447533,0.8333333333333334,120,0.8150115847587586,0.9364026188850403,Consistent Positive,2
75,LH,Ground Truth,3,0.07112087216090517,0.18978712521919947,0.7416666666666667,120,0.8467225313186646,0.9364026188850403,Unstable,2
75,LH,Ground Truth,4,0.0844286421455716,0.17007364143635798,0.8083333333333333,120,0.8345917940139771,0.9364026188850403,Consistent Positive,2
75,LH,Mean,2,-0.6839382216847198,0.28423675271641524,0.0,120,1.534998893737793,0.9364026188850403,Consistent Negative,1
75,LH,Mean,3,-0.549185280746236,0.2615344353530326,0.0,120,1.4121644496917725,0.9364026188850403,Consistent Negative,1
75,LH,Mean,4,-0.9629574590121845,0.33134181214287317,0.0,120,1.7893397092819214,0.9364026188850403,Consistent Negative,1
75,LH,Pseudo-Feature,2,-0.1717410390353043,0.19790924748261818,0.25,120,1.0681040287017822,0.9364026188850403,Unstable,2
75,LH,Pseudo-Feature,3,-0.11157498408067096,0.18841968000858805,0.25,120,1.013259482383728,0.9364026188850403,Unstable,2
75,LH,Pseudo-Feature,4,-0.005917652656839329,0.17037983799911,0.4166666666666667,120,0.9169472277164459,0.9364026188850403,Unstable,2
75,LH-E2E,Gaussian,2,-0.13066063574357575,0.19236047710614995,0.25,120,1.0306570649147033,0.9364026188850403,Unstable,2
75,LH-E2E,Gaussian,3,-0.40471346980801287,0.23756994585410257,0.0,120,1.2804707407951355,0.9364026188850403,Consistent Negative,1
75,LH-E2E,Gaussian,4,-0.37624731807518735,0.2327662611490366,0.03333333333333333,120,1.2545223355293273,0.9364026188850403,Consistent Negative,1
75,LH-E2E,Ground Truth,2,0.12315214730668247,0.14852313575036147,0.8833333333333333,120,0.7992932677268982,0.9364026188850403,Consistent Positive,2
75,LH-E2E,Ground Truth,3,0.203270245199264,0.13562216762228216,0.9166666666666666,120,0.7262613773345947,0.9364026188850403,Consistent Positive,2
75,LH-E2E,Ground Truth,4,0.11838772110097426,0.14974957197896246,0.875,120,0.8036362946033477,0.9364026188850403,Consistent Positive,2
75,LH-E2E,Mean,2,-0.08942133956140533,0.18529783313168485,0.275,120,0.9930652618408203,0.9364026188850403,Unstable,2
75,LH-E2E,Mean,3,-0.14341977407887435,0.19422759371444737,0.25,120,1.0422876954078675,0.9364026188850403,Unstable,2
75,LH-E2E,Mean,4,-0.25301785188852993,0.21207229374397898,0.08333333333333333,120,1.1421921491622924,0.9364026188850403,Consistent Negative,1
75,LH-E2E,Pseudo-Feature,2,0.14448965124485721,0.14491242946896873,0.9166666666666666,120,0.7798430025577545,0.9364026188850403,Consistent Positive,2
75,LH-E2E,Pseudo-Feature,3,-0.07450748285567282,0.18554678202162037,0.30833333333333335,120,0.9794704914093018,0.9364026188850403,Unstable,2
75,LH-E2E,Pseudo-Feature,4,-0.0025609389948216114,0.17211622840675328,0.4666666666666667,120,0.9138874053955078,0.9364026188850403,Unstable,2
75,MLP,Gaussian,2,-0.2867777393162975,0.22053153706043468,0.08333333333333333,120,1.1729660749435424,0.9364026188850403,Consistent Negative,1
75,MLP,Gaussian,3,-0.7091193054098722,0.2885235847736311,0.0,120,1.5579527854919433,0.9364026188850403,Consistent Negative,1
75,MLP,Gaussian,4,-0.7031068245907584,0.2877159758570205,0.0,120,1.5524720907211305,0.9364026188850403,Consistent Negative,1
75,MLP,Ground Truth,2,0.07233710896341003,0.15900667464235205,0.7833333333333333,120,0.8456138670444489,0.9364026188850403,Unstable,2
75,MLP,Ground Truth,3,0.29374082955153175,0.11921651930675738,0.975,120,0.6437926471233368,0.9364026188850403,Consistent Positive,2
75,MLP,Ground Truth,4,0.11838772110097426,0.1492933405651545,0.875,120,0.8036362946033477,0.9364026188850403,Consistent Positive,2
75,MLP,Mean,2,-0.658589823092052,0.28000984478489827,0.0,120,1.5118924856185914,0.9364026188850403,Consistent Negative,1
75,MLP,Mean,3,-0.5237302081365035,0.25739182918690884,0.0,120,1.3889608025550841,0.9364026188850403,Consistent Negative,1
75,MLP,Mean,4,-0.9454108190386523,0.32845874649079027,0.0,120,1.7733450174331664,0.9364026188850403,Consistent Negative,1
75,MLP,Pseudo-Feature,2,-0.1735135644244078,0.19808856101764644,0.25,120,1.0697197794914246,0.9364026188850403,Unstable,2
75,MLP,Pseudo-Feature,3,-0.1855639358475022,0.2018347437878611,0.23333333333333334,120,1.0807043313980103,0.9364026188850403,Unstable,2
75,MLP,Pseudo-Feature,4,0.006694839964305292,0.16796966405919422,0.44166666666666665,120,0.9054502725601197,0.9364026188850403,Unstable,2
75,MLP-E2E,Gaussian,2,-0.8116034411907456,0.31338050090073793,0.0,120,1.651372504234314,0.9364026188850403,Consistent Negative,1
75,MLP-E2E,Gaussian,3,-0.4329341810661212,0.24230665604925752,0.0,120,1.3061954140663148,0.9364026188850403,Consistent Negative,1
75,MLP-E2E,Gaussian,4,-0.4930812604171306,0.2585105495986436,0.0,120,1.361022663116455,0.9364026188850403,Consistent Negative,1
75,MLP-E2E,Ground Truth,2,-0.3948421410990744,0.25809578433216956,0.03333333333333333,120,1.2714725017547608,0.9364026188850403,Consistent Negative,1
75,MLP-E2E,Ground Truth,3,0.1456856569937396,0.14555344261592568,0.9,120,0.7787527799606323,0.9364026188850403,Consistent Positive,2
75,MLP-E2E,Ground Truth,4,-0.11061559796250556,0.20187466431411652,0.2833333333333333,120,1.0123849511146545,0.9364026188850403,Unstable,2
75,MLP-E2E,Mean,2,-0.10532902225583647,0.18756071541053465,0.25,120,1.0075659573078155,0.9364026188850403,Unstable,2
75,MLP-E2E,Mean,3,-0.2890539486292998,0.22053741573873636,0.08333333333333333,120,1.1750409603118896,0.9364026188850403,Consistent Negative,1
75,MLP-E2E,Mean,4,-0.3232531389357279,0.22741115231019593,0.06666666666666667,120,1.2062153339385986,0.9364026188850403,Consistent Negative,1
75,MLP-E2E,Pseudo-Feature,2,0.14806356429542677,0.14392333399905133,0.9166666666666666,120,0.776585191488266,0.9364026188850403,Consistent Positive,2
75,MLP-E2E,Pseudo-Feature,3,-0.5463994371994458,0.26404265552878736,0.0,120,1.4096250057220459,0.9364026188850403,Consistent Negative,1
75,MLP-E2E,Pseudo-Feature,4,-0.039117910170147575,0.17906126972457642,0.36666666666666664,120,0.9472110211849213,0.9364026188850403,Unstable,2
