sample,strategy,imputation,upstream,mean_gain,std_gain,prob_positive,n_runs,mean_rmse,mean_best,profile
5,LH,Gaussian,2,-0.0009861169434530672,0.14057368361862585,0.5083333333333333,120,1.683569848537445,1.7073884109656017,Unstable
5,LH,Gaussian,3,-0.10618733608174397,0.13537110650663836,0.19166666666666668,120,1.860508966445923,1.7073884109656017,Consistent Negative
5,LH,Gaussian,4,-0.08051959148908337,0.13075156425272344,0.23333333333333334,120,1.8173380970954895,1.7073884109656017,Unstable
5,LH,Ground Truth,2,0.4766695356312721,0.06269980089435775,1.0,120,0.880195415019989,1.7073884109656017,Consistent Positive
5,LH,Ground Truth,3,0.35042643043885147,0.09688754883267087,1.0,120,1.0925251185894012,1.7073884109656017,Consistent Positive
5,LH,Ground Truth,4,0.3664241190117129,0.09093632523764002,1.0,120,1.0656184256076813,1.7073884109656017,Consistent Positive
5,LH,Mean,2,-0.111128233477945,0.13323620442986694,0.16666666666666666,120,1.8688191175460815,1.7073884109656017,Consistent Negative
5,LH,Mean,3,-0.08665182248152808,0.13057410189532795,0.20833333333333334,120,1.8276519656181336,1.7073884109656017,Unstable
5,LH,Mean,4,-0.2508407249690614,0.14954778755392265,0.08333333333333333,120,2.1038031339645387,1.7073884109656017,Consistent Negative
5,LH,Pseudo-Feature,2,0.28602616496932237,0.08557796854851935,1.0,120,1.2008406519889832,1.7073884109656017,Consistent Positive
5,LH,Pseudo-Feature,3,0.11291948368788954,0.10850140904892666,0.8083333333333333,120,1.4919907331466675,1.7073884109656017,Consistent Positive
5,LH,Pseudo-Feature,4,0.16125561668271063,0.10115459923645374,0.9833333333333333,120,1.410693645477295,1.7073884109656017,Consistent Positive
5,LH-E2E,Gaussian,2,-0.003609972416482175,0.1321362338872851,0.48333333333333334,120,1.687982940673828,1.7073884109656017,Unstable
5,LH-E2E,Gaussian,3,-0.06467041207141871,0.14358067582658302,0.325,120,1.7906811833381653,1.7073884109656017,Unstable
5,LH-E2E,Gaussian,4,-0.21145343627795837,0.15065613915019765,0.09166666666666666,120,2.0375572085380553,1.7073884109656017,Consistent Negative
5,LH-E2E,Ground Truth,2,0.25355896488882673,0.12850330929341147,0.9583333333333334,120,1.2554476022720338,1.7073884109656017,Consistent Positive
5,LH-E2E,Ground Truth,3,0.39648148109618725,0.0804833981571025,1.0,120,1.0150646090507507,1.7073884109656017,Consistent Positive
5,LH-E2E,Ground Truth,4,0.24455700515490564,0.10681243743235957,1.0,120,1.2705880999565125,1.7073884109656017,Consistent Positive
5,LH-E2E,Mean,2,0.1865860350584438,0.11634745057776534,0.95,120,1.3680901288986207,1.7073884109656017,Consistent Positive
5,LH-E2E,Mean,3,0.06369100579547513,0.15183126584370574,0.675,120,1.5747886657714845,1.7073884109656017,Unstable
5,LH-E2E,Mean,4,-0.2115272549603129,0.16254500014367051,0.11666666666666667,120,2.0376813650131225,1.7073884109656017,Consistent Negative
5,LH-E2E,Pseudo-Feature,2,0.3273149988196043,0.08485546691430584,1.0,120,1.1313964962959289,1.7073884109656017,Consistent Positive
5,LH-E2E,Pseudo-Feature,3,0.05589021033589907,0.1435878890941949,0.6666666666666666,120,1.5879089117050171,1.7073884109656017,Unstable
5,LH-E2E,Pseudo-Feature,4,0.1653220727810905,0.1254051551057064,0.8833333333333333,120,1.4038542270660401,1.7073884109656017,Consistent Positive
5,MLP,Gaussian,2,0.05928145406994829,0.11678787235036567,0.6833333333333333,120,1.5822051405906676,1.7073884109656017,Unstable
5,MLP,Gaussian,3,-0.02576939110381996,0.12457729503484917,0.43333333333333335,120,1.7252531170845031,1.7073884109656017,Unstable
5,MLP,Gaussian,4,-0.04518675228590334,0.12697829773553435,0.36666666666666664,120,1.7579113960266113,1.7073884109656017,Unstable
5,MLP,Ground Truth,2,0.43897206750220025,0.07952763618462698,1.0,120,0.9435992121696473,1.7073884109656017,Consistent Positive
5,MLP,Ground Truth,3,0.5123764969889162,0.06007617886665939,1.0,120,0.8201394736766815,1.7073884109656017,Consistent Positive
5,MLP,Ground Truth,4,0.39141501751884433,0.07747564819448614,1.0,120,1.0235859513282777,1.7073884109656017,Consistent Positive
5,MLP,Mean,2,-0.09408807485041376,0.13357551074355395,0.225,120,1.8401590824127196,1.7073884109656017,Unstable
5,MLP,Mean,3,-0.07531901393118239,0.13285461533380433,0.2833333333333333,120,1.8085911870002747,1.7073884109656017,Unstable
5,MLP,Mean,4,-0.25156521830299466,0.1500810076849822,0.08333333333333333,120,2.105021667480469,1.7073884109656017,Consistent Negative
5,MLP,Pseudo-Feature,2,0.29609485604929103,0.08430912662293367,1.0,120,1.1839060068130494,1.7073884109656017,Consistent Positive
5,MLP,Pseudo-Feature,3,0.06525198564623974,0.12359847363652778,0.6916666666666667,120,1.5721632361412048,1.7073884109656017,Unstable
5,MLP,Pseudo-Feature,4,0.16925694521764495,0.10375870243303248,0.975,120,1.3972361207008361,1.7073884109656017,Consistent Positive
5,MLP-E2E,Gaussian,2,-0.18986630906330745,0.16200031736856002,0.125,120,2.001249575614929,1.7073884109656017,Consistent Negative
5,MLP-E2E,Gaussian,3,-0.3350331896356196,0.16902142327827333,0.03333333333333333,120,2.2454073905944822,1.7073884109656017,Consistent Negative
5,MLP-E2E,Gaussian,4,-0.5286770646999314,0.20004906776517503,0.0,120,2.5710992097854612,1.7073884109656017,Consistent Negative
5,MLP-E2E,Ground Truth,2,-0.1025588590191217,0.19070209918729866,0.31666666666666665,120,1.854406189918518,1.7073884109656017,Unstable
5,MLP-E2E,Ground Truth,3,0.27358439639223125,0.08996492159874496,1.0,120,1.2217666029930114,1.7073884109656017,Consistent Positive
5,MLP-E2E,Ground Truth,4,0.09340317782931368,0.12423709923145884,0.7416666666666667,120,1.5248154282569886,1.7073884109656017,Unstable
5,MLP-E2E,Mean,2,0.13664243380790722,0.12284569823953435,0.85,120,1.4520908355712892,1.7073884109656017,Consistent Positive
5,MLP-E2E,Mean,3,-0.1492819882430166,0.19179543627816076,0.225,120,1.932990348339081,1.7073884109656017,Unstable
5,MLP-E2E,Mean,4,-0.3514225247692938,0.17167879335992633,0.008333333333333333,120,2.2729727983474732,1.7073884109656017,Consistent Negative
5,MLP-E2E,Pseudo-Feature,2,0.29736047611790706,0.08610920887440458,1.0,120,1.1817773461341858,1.7073884109656017,Consistent Positive
5,MLP-E2E,Pseudo-Feature,3,-0.24529009163556678,0.19117078228899073,0.09166666666666666,120,2.0944674611091614,1.7073884109656017,Consistent Negative
5,MLP-E2E,Pseudo-Feature,4,0.19790116681629863,0.13003677675223854,0.9333333333333333,120,1.3490590810775758,1.7073884109656017,Consistent Positive
10,LH,Gaussian,2,-0.153289813845824,0.24899863336524677,0.2833333333333333,120,1.4908295273780823,1.343152125676473,Unstable
10,LH,Gaussian,3,-0.5024141187115084,0.30055652179673126,0.0,120,1.9421339750289917,1.343152125676473,Consistent Negative
10,LH,Gaussian,4,-0.4000475323994204,0.27921160954116864,0.075,120,1.8098071932792663,1.343152125676473,Consistent Negative
10,LH,Ground Truth,2,0.3493292972806947,0.1292930803309716,1.0,120,0.8411060988903045,1.343152125676473,Consistent Positive
10,LH,Ground Truth,3,0.22859369835183557,0.17201142842482503,0.8833333333333333,120,0.997178053855896,1.343152125676473,Consistent Positive
10,LH,Ground Truth,4,0.2686138359045399,0.1580638697964524,0.9583333333333334,120,0.9454450011253357,1.343152125676473,Consistent Positive
10,LH,Mean,2,-0.22897807906156803,0.2440988115244377,0.25,120,1.5886698961257935,1.343152125676473,Unstable
10,LH,Mean,3,-0.2946906516803816,0.2573309785448828,0.09166666666666666,120,1.6736149311065673,1.343152125676473,Consistent Negative
10,LH,Mean,4,-0.5650634516672217,0.3109262579368002,0.0,120,2.0231192350387572,1.343152125676473,Consistent Negative
10,LH,Pseudo-Feature,2,0.16578647718745818,0.16578048678426716,0.8333333333333334,120,1.0783674120903015,1.343152125676473,Consistent Positive
10,LH,Pseudo-Feature,3,0.0005735965061502543,0.20090856640375565,0.48333333333333334,120,1.291934061050415,1.343152125676473,Unstable
10,LH,Pseudo-Feature,4,-0.11921607028909455,0.22299656370229248,0.3333333333333333,120,1.4467832326889039,1.343152125676473,Unstable
10,LH-E2E,Gaussian,2,-0.10973529880556768,0.22536653269108545,0.35,120,1.4345276713371278,1.343152125676473,Unstable
10,LH-E2E,Gaussian,3,-0.36669490480348155,0.2804956762601429,0.075,120,1.7666930675506591,1.343152125676473,Consistent Negative
10,LH-E2E,Gaussian,4,-0.4383056500852226,0.29134117363459394,0.041666666666666664,120,1.8592625260353088,1.343152125676473,Consistent Negative
10,LH-E2E,Ground Truth,2,0.14804691481136062,0.17909189519722313,0.825,120,1.1012989103794097,1.343152125676473,Consistent Positive
10,LH-E2E,Ground Truth,3,0.30941784908184317,0.14534400211611465,0.9583333333333334,120,0.8926986515522003,1.343152125676473,Consistent Positive
10,LH-E2E,Ground Truth,4,0.17821746468561925,0.18163375111509408,0.8333333333333334,120,1.0622981786727905,1.343152125676473,Consistent Positive
10,LH-E2E,Mean,2,0.05022881565251381,0.19076890564291396,0.65,120,1.2277459740638732,1.343152125676473,Unstable
10,LH-E2E,Mean,3,-0.15111875645218306,0.24055056527660498,0.2916666666666667,120,1.488023054599762,1.343152125676473,Unstable
10,LH-E2E,Mean,4,-0.43420282524820153,0.2894803881455553,0.05,120,1.8539589047431946,1.343152125676473,Consistent Negative
10,LH-E2E,Pseudo-Feature,2,0.24054958721802075,0.1541507612878807,0.8833333333333333,120,0.9817229688167572,1.343152125676473,Consistent Positive
10,LH-E2E,Pseudo-Feature,3,-0.06828169013954294,0.22275338616154036,0.4083333333333333,120,1.3809416055679322,1.343152125676473,Unstable
10,LH-E2E,Pseudo-Feature,4,-0.06564485284734445,0.22975516941596077,0.38333333333333336,120,1.3775330305099487,1.343152125676473,Unstable
10,MLP,Gaussian,2,-0.07568470222645325,0.22773257052332582,0.38333333333333336,120,1.3905112981796264,1.343152125676473,Unstable
10,MLP,Gaussian,3,-0.4036089853954496,0.27944799538209475,0.075,120,1.8144109964370727,1.343152125676473,Consistent Negative
10,MLP,Gaussian,4,-0.34969363418331706,0.26864608654815364,0.08333333333333333,120,1.744715940952301,1.343152125676473,Consistent Negative
10,MLP,Ground Truth,2,0.3136895269707093,0.14289407435126003,0.9666666666666667,120,0.8871767580509186,1.343152125676473,Consistent Positive
10,MLP,Ground Truth,3,0.44489453615150454,0.11069780015278552,1.0,120,0.7175712525844574,1.343152125676473,Consistent Positive
10,MLP,Ground Truth,4,0.30329953575113205,0.13972686857816377,0.9833333333333333,120,0.9006076455116272,1.343152125676473,Consistent Positive
10,MLP,Mean,2,-0.21586057618429433,0.2419374432790253,0.25,120,1.5717132210731506,1.343152125676473,Unstable
10,MLP,Mean,3,-0.3023458551604544,0.2596894256201559,0.09166666666666666,120,1.6835106253623962,1.343152125676473,Consistent Negative
10,MLP,Mean,4,-0.5635286410570841,0.31115836056332336,0.0,120,2.021135222911835,1.343152125676473,Consistent Negative
10,MLP,Pseudo-Feature,2,0.17270433415669967,0.16431179578655805,0.8333333333333334,120,1.0694248676300049,1.343152125676473,Consistent Positive
10,MLP,Pseudo-Feature,3,-0.07508368311406131,0.2147702717575416,0.35,120,1.3897343754768372,1.343152125676473,Unstable
10,MLP,Pseudo-Feature,4,-0.10176345204924409,0.22060978112194882,0.3416666666666667,120,1.4242226600646972,1.343152125676473,Unstable
10,MLP-E2E,Gaussian,2,-0.4135542825986672,0.3069523056321091,0.06666666666666667,120,1.8272670388221741,1.343152125676473,Consistent Negative
10,MLP-E2E,Gaussian,3,-0.6233708911613356,0.32582353931310587,0.0,120,2.098491835594177,1.343152125676473,Consistent Negative
10,MLP-E2E,Gaussian,4,-0.7465648236086063,0.3545625758087109,0.0,120,2.257741618156433,1.343152125676473,Consistent Negative
10,MLP-E2E,Ground Truth,2,-0.34205775059093485,0.30392463599282077,0.13333333333333333,120,1.734845221042633,1.343152125676473,Consistent Negative
10,MLP-E2E,Ground Truth,3,0.13633990667500576,0.17618412303692016,0.8166666666666667,120,1.1164322733879088,1.343152125676473,Consistent Positive
10,MLP-E2E,Ground Truth,4,0.05639034743366037,0.2128065678742733,0.6583333333333333,120,1.2197811126708984,1.343152125676473,Unstable
10,MLP-E2E,Mean,2,0.03855507553279092,0.19242599035362534,0.6416666666666667,120,1.242836332321167,1.343152125676473,Unstable
10,MLP-E2E,Mean,3,-0.49412431916864663,0.315570258937116,0.025,120,1.931417953968048,1.343152125676473,Consistent Negative
10,MLP-E2E,Mean,4,-0.6128388595741426,0.32758479160703696,0.0,120,2.084877336025238,1.343152125676473,Consistent Negative
10,MLP-E2E,Pseudo-Feature,2,0.26745408471794474,0.1470607291668352,0.925,120,0.9469441831111908,1.343152125676473,Consistent Positive
10,MLP-E2E,Pseudo-Feature,3,-0.4971433305828857,0.3149379989251798,0.016666666666666666,120,1.9353205561637878,1.343152125676473,Consistent Negative
10,MLP-E2E,Pseudo-Feature,4,-0.05049583841916707,0.21899846956233496,0.425,120,1.3579502701759338,1.343152125676473,Unstable
20,LH,Gaussian,2,-0.36707345780629164,0.2287547793555848,0.06666666666666667,120,1.3304235100746156,0.9946902841329575,Consistent Negative
20,LH,Gaussian,3,-0.8492442794348732,0.2624435046163608,0.0,120,1.7996677875518798,0.9946902841329575,Consistent Negative
20,LH,Gaussian,4,-0.8013663724152532,0.25312294880965336,0.0,120,1.7530734419822693,0.9946902841329575,Consistent Negative
20,LH,Ground Truth,2,0.11362950922947067,0.12377890083299521,0.75,120,0.8626077353954316,0.9946902841329575,Unstable
20,LH,Ground Truth,3,0.04620839128659574,0.16894416393846154,0.65,120,0.9282213568687439,0.9946902841329575,Unstable
20,LH,Ground Truth,4,0.04664729673228664,0.15458540698880552,0.6333333333333333,120,0.9277942180633545,0.9946902841329575,Unstable
20,LH,Mean,2,-0.5795641929205406,0.22045519512867867,0.0,120,1.5372175693511962,0.9946902841329575,Consistent Negative
20,LH,Mean,3,-0.5052467497354198,0.21019597362950146,0.0,120,1.4648925065994263,0.9946902841329575,Consistent Negative
20,LH,Mean,4,-0.9086244342696155,0.2664106260116324,0.0,120,1.8574560165405274,0.9946902841329575,Consistent Negative
20,LH,Pseudo-Feature,2,-0.085488316782184,0.1514939519611651,0.275,120,1.0563874006271363,0.9946902841329575,Unstable
20,LH,Pseudo-Feature,3,-0.0769919912646619,0.1531163391253156,0.3,120,1.0481188535690307,0.9946902841329575,Unstable
20,LH,Pseudo-Feature,4,-0.13259278938059413,0.15940537038607575,0.15833333333333333,120,1.1022290468215943,0.9946902841329575,Consistent Negative
20,LH-E2E,Gaussian,2,-0.2619553279535845,0.18131250201840934,0.08333333333333333,120,1.2281234979629516,0.9946902841329575,Consistent Negative
20,LH-E2E,Gaussian,3,-0.5394400330385853,0.22325123458606994,0.0,120,1.4981691002845765,0.9946902841329575,Consistent Negative
20,LH-E2E,Gaussian,4,-0.5282424013554,0.21969849922535503,0.0,120,1.4872716665267944,0.9946902841329575,Consistent Negative
20,LH-E2E,Ground Truth,2,0.06544991366579891,0.13819397593691693,0.6833333333333333,120,0.9094956815242767,0.9946902841329575,Unstable
20,LH-E2E,Ground Truth,3,0.1980954419438324,0.11743612635164206,0.9666666666666667,120,0.780406254529953,0.9946902841329575,Consistent Positive
20,LH-E2E,Ground Truth,4,0.09836200366481028,0.13364972427983196,0.7833333333333333,120,0.8774659335613251,0.9946902841329575,Unstable
20,LH-E2E,Mean,2,-0.14664442727370536,0.16063952349214727,0.125,120,1.1159039735794067,0.9946902841329575,Consistent Negative
20,LH-E2E,Mean,3,-0.1290409760616097,0.17298513247458916,0.20833333333333334,120,1.0987724542617798,0.9946902841329575,Unstable
20,LH-E2E,Mean,4,-0.19368544838572996,0.17089287554124552,0.09166666666666666,120,1.1616838693618774,0.9946902841329575,Consistent Negative
20,LH-E2E,Pseudo-Feature,2,0.21975815912481445,0.11065145914262091,1.0,120,0.7593242943286895,0.9946902841329575,Consistent Positive
20,LH-E2E,Pseudo-Feature,3,-0.11947424969233977,0.18760525206349465,0.24166666666666667,120,1.0894622027873992,0.9946902841329575,Unstable
20,LH-E2E,Pseudo-Feature,4,-0.10341101594098276,0.17656327634290506,0.25833333333333336,120,1.073829609155655,0.9946902841329575,Unstable
20,MLP,Gaussian,2,-0.290390266374049,0.1843719377172003,0.08333333333333333,120,1.2557961225509644,0.9946902841329575,Consistent Negative
20,MLP,Gaussian,3,-0.7085024762365886,0.23869758074298175,0.0,120,1.6626991391181947,0.9946902841329575,Consistent Negative
20,MLP,Gaussian,4,-0.7184545846403985,0.2405472947899052,0.0,120,1.6723844408988953,0.9946902841329575,Consistent Negative
20,MLP,Ground Truth,2,0.05235010319041781,0.1395482100531367,0.6166666666666667,120,0.9222442984580994,0.9946902841329575,Unstable
20,MLP,Ground Truth,3,0.3142827325937766,0.09578411321182927,1.0,120,0.6673338353633881,0.9946902841329575,Consistent Positive
20,MLP,Ground Truth,4,0.07838619569653786,0.1319595917904313,0.7083333333333334,120,0.8969062089920044,0.9946902841329575,Unstable
20,MLP,Mean,2,-0.5626951252920878,0.21817051535516374,0.0,120,1.5208007454872132,0.9946902841329575,Consistent Negative
20,MLP,Mean,3,-0.49484658564261197,0.20889415380014292,0.0,120,1.4547711610794067,0.9946902841329575,Consistent Negative
20,MLP,Mean,4,-0.8930067818442737,0.26450667140133366,0.0,120,1.842257058620453,0.9946902841329575,Consistent Negative
20,MLP,Pseudo-Feature,2,-0.08180340233365037,0.15097867239322893,0.325,120,1.0528012752532958,0.9946902841329575,Unstable
20,MLP,Pseudo-Feature,3,-0.12955085407720743,0.15845023670643713,0.15833333333333333,120,1.099268662929535,0.9946902841329575,Consistent Negative
20,MLP,Pseudo-Feature,4,-0.1159415636891837,0.15732971343471316,0.18333333333333332,120,1.0860242247581482,0.9946902841329575,Consistent Negative
20,MLP-E2E,Gaussian,2,-0.679990612075873,0.2498899179194627,0.0,120,1.634951651096344,0.9946902841329575,Consistent Negative
20,MLP-E2E,Gaussian,3,-0.7287697261913142,0.2517890487514857,0.0,120,1.6824230432510376,0.9946902841329575,Consistent Negative
20,MLP-E2E,Gaussian,4,-0.7556953399403574,0.2569567525241914,0.0,120,1.7086268067359924,0.9946902841329575,Consistent Negative
20,MLP-E2E,Ground Truth,2,-0.5080420939437434,0.23674551261111204,0.03333333333333333,120,1.467612910270691,0.9946902841329575,Consistent Negative
20,MLP-E2E,Ground Truth,3,0.05090601228168883,0.1377395210418293,0.625,120,0.9236496746540069,0.9946902841329575,Unstable
20,MLP-E2E,Ground Truth,4,-0.14464100171303082,0.2098298937169364,0.25,120,1.1139542579650878,0.9946902841329575,Unstable
20,MLP-E2E,Mean,2,-0.17350072211127068,0.16454462060411562,0.09166666666666666,120,1.1420402765274047,0.9946902841329575,Consistent Negative
20,MLP-E2E,Mean,3,-0.4355867436455682,0.22454295609662572,0.041666666666666664,120,1.397100019454956,0.9946902841329575,Consistent Negative
20,MLP-E2E,Mean,4,-0.26322569285735936,0.19631908441756088,0.075,120,1.2293598055839539,0.9946902841329575,Consistent Negative
20,MLP-E2E,Pseudo-Feature,2,0.2354900242256501,0.10815171353337845,1.0,120,0.7440141856670379,0.9946902841329575,Consistent Positive
20,MLP-E2E,Pseudo-Feature,3,-0.6440297516519685,0.25212236634581525,0.0,120,1.599954867362976,0.9946902841329575,Consistent Negative
20,MLP-E2E,Pseudo-Feature,4,-0.16458588626868162,0.17704701805983644,0.15,120,1.1333644390106201,0.9946902841329575,Consistent Negative
50,LH,Gaussian,2,-0.020639798158876378,0.2020411016803868,0.48333333333333334,120,1.1914008498191833,1.2071190973122914,Unstable
50,LH,Gaussian,3,-0.38649421114249516,0.24392048784931933,0.13333333333333333,120,1.6184655785560609,1.2071190973122914,Consistent Negative
50,LH,Gaussian,4,-0.42989223828900863,0.2506847970702611,0.06666666666666667,120,1.669124436378479,1.2071190973122914,Consistent Negative
50,LH,Ground Truth,2,0.295396271589871,0.12309252377686809,1.0,120,0.8224894642829895,1.2071190973122914,Consistent Positive
50,LH,Ground Truth,3,0.2798121591611985,0.15102083414510684,0.975,120,0.8406809210777283,1.2071190973122914,Consistent Positive
50,LH,Ground Truth,4,0.26909635470675947,0.14028150680482732,0.975,120,0.8531895637512207,1.2071190973122914,Consistent Positive
50,LH,Mean,2,-0.33287288941375687,0.23279363159342664,0.16666666666666666,120,1.5558729887008667,1.2071190973122914,Consistent Negative
50,LH,Mean,3,-0.2103678830876879,0.21143043665975028,0.16666666666666666,120,1.4128719329833985,1.2071190973122914,Consistent Negative
50,LH,Mean,4,-0.5313885894223259,0.2674709255457081,0.0,120,1.787601923942566,1.2071190973122914,Consistent Negative
50,LH,Pseudo-Feature,2,0.0906194146021247,0.1588604951458006,0.75,120,1.0615270972251891,1.2071190973122914,Unstable
50,LH,Pseudo-Feature,3,0.12642340254598075,0.15353403103653077,0.75,120,1.0197328209877015,1.2071190973122914,Unstable
50,LH,Pseudo-Feature,4,0.18749409055339775,0.14257248182082363,0.875,120,0.948444527387619,1.2071190973122914,Consistent Positive
50,LH-E2E,Gaussian,2,0.17380510509222208,0.14645462949716614,0.8166666666666667,120,0.9644237875938415,1.2071190973122914,Consistent Positive
50,LH-E2E,Gaussian,3,-0.13301710749149442,0.19809501674093102,0.16666666666666666,120,1.3225797653198241,1.2071190973122914,Consistent Negative
50,LH-E2E,Gaussian,4,-0.17308592639714787,0.20701591115640128,0.16666666666666666,120,1.3693524122238159,1.2071190973122914,Consistent Negative
50,LH-E2E,Ground Truth,2,0.21606981930056873,0.1399408822361309,0.95,120,0.9150878548622131,1.2071190973122914,Consistent Positive
50,LH-E2E,Ground Truth,3,0.2884961650820088,0.12550447626940012,1.0,120,0.8305440127849579,1.2071190973122914,Consistent Positive
50,LH-E2E,Ground Truth,4,0.24300940568138651,0.13307909004476784,1.0,120,0.8836410641670227,1.2071190973122914,Consistent Positive
50,LH-E2E,Mean,2,0.0717873840518786,0.16302190418518622,0.75,120,1.083509874343872,1.2071190973122914,Unstable
50,LH-E2E,Mean,3,0.1201440574132295,0.15593312887225075,0.75,120,1.027062749862671,1.2071190973122914,Unstable
50,LH-E2E,Mean,4,0.02990237435674644,0.17040915101589288,0.5833333333333334,120,1.1324025750160218,1.2071190973122914,Unstable
50,LH-E2E,Pseudo-Feature,2,0.36731873096732737,0.11167938289919722,1.0,120,0.7385338127613068,1.2071190973122914,Consistent Positive
50,LH-E2E,Pseudo-Feature,3,0.15516738447911943,0.15049269622170441,0.7833333333333333,120,0.9861797451972961,1.2071190973122914,Unstable
50,LH-E2E,Pseudo-Feature,4,0.20795751473815433,0.14055437093738996,0.925,120,0.9245574116706848,1.2071190973122914,Consistent Positive
50,MLP,Gaussian,2,0.03274931568891541,0.172777930680039,0.625,120,1.12907931804657,1.2071190973122914,Unstable
50,MLP,Gaussian,3,-0.31609231101957247,0.2298910779008767,0.16666666666666666,120,1.5362848877906798,1.2071190973122914,Consistent Negative
50,MLP,Gaussian,4,-0.36375776305882546,0.2383599671001998,0.16666666666666666,120,1.5919251441955566,1.2071190973122914,Consistent Negative
50,MLP,Ground Truth,2,0.2630017914104867,0.13069794644441363,1.0,120,0.860303795337677,1.2071190973122914,Consistent Positive
50,MLP,Ground Truth,3,0.44799344013772113,0.09641457324546777,1.0,120,0.6443615913391113,1.2071190973122914,Consistent Positive
50,MLP,Ground Truth,4,0.2925239781570577,0.12463117884447007,1.0,120,0.8258423149585724,1.2071190973122914,Consistent Positive
50,MLP,Mean,2,-0.3174869063323552,0.2301195039729237,0.16666666666666666,120,1.5379128098487853,1.2071190973122914,Consistent Negative
50,MLP,Mean,3,-0.1930352875945202,0.20851511315036536,0.16666666666666666,120,1.3926394581794739,1.2071190973122914,Consistent Negative
50,MLP,Mean,4,-0.5186660015281265,0.265313468181386,0.0,120,1.7727507472038269,1.2071190973122914,Consistent Negative
50,MLP,Pseudo-Feature,2,0.09119637020252726,0.15872656641506452,0.75,120,1.060853612422943,1.2071190973122914,Unstable
50,MLP,Pseudo-Feature,3,0.0667126032595883,0.1648409204298476,0.7166666666666667,120,1.0894337058067323,1.2071190973122914,Unstable
50,MLP,Pseudo-Feature,4,0.19357401447957043,0.14119810142704592,0.9083333333333333,120,0.9413473844528198,1.2071190973122914,Consistent Positive
50,MLP-E2E,Gaussian,2,-0.31425393905684124,0.237765483420345,0.15,120,1.5341389417648315,1.2071190973122914,Consistent Negative
50,MLP-E2E,Gaussian,3,-0.15403549503144212,0.20177139460280752,0.16666666666666666,120,1.3471146941184997,1.2071190973122914,Consistent Negative
50,MLP-E2E,Gaussian,4,-0.29362033155640016,0.2321046117300852,0.16666666666666666,120,1.5100531697273254,1.2071190973122914,Consistent Negative
50,MLP-E2E,Ground Truth,2,-0.16166654370549327,0.22070040763545945,0.20833333333333334,120,1.3560224771499634,1.2071190973122914,Unstable
50,MLP-E2E,Ground Truth,3,0.20514230821071935,0.14086230046495932,0.9333333333333333,120,0.9278436243534088,1.2071190973122914,Consistent Positive
50,MLP-E2E,Ground Truth,4,0.05260875735107206,0.1778307771727809,0.65,120,1.1058972358703614,1.2071190973122914,Unstable
50,MLP-E2E,Mean,2,0.04627226403898331,0.16734875805722588,0.675,120,1.1132938742637635,1.2071190973122914,Unstable
50,MLP-E2E,Mean,3,-2.9985379281722415e-05,0.17712757329913298,0.48333333333333334,120,1.1673428535461425,1.2071190973122914,Unstable
50,MLP-E2E,Mean,4,-0.017094691122559857,0.18047053577132968,0.4583333333333333,120,1.1872626185417174,1.2071190973122914,Unstable
50,MLP-E2E,Pseudo-Feature,2,0.3656485611289311,0.11127261068210398,1.0,120,0.7404834151268005,1.2071190973122914,Consistent Positive
50,MLP-E2E,Pseudo-Feature,3,-0.19914065553227606,0.2160034843474654,0.175,120,1.3997663021087647,1.2071190973122914,Consistent Negative
50,MLP-E2E,Pseudo-Feature,4,0.16007429504768744,0.15486405373926357,0.8333333333333334,120,0.9804518699645997,1.2071190973122914,Consistent Positive
75,LH,Gaussian,2,-0.3831318033226012,0.20510082000730456,0.008333333333333333,120,1.2029739618301392,0.8815765976905823,Consistent Negative
75,LH,Gaussian,3,-0.9226430604313974,0.23015196083118294,0.0,120,1.6722119569778442,0.8815765976905823,Consistent Negative
75,LH,Gaussian,4,-0.8439962549193791,0.21718630563203567,0.0,120,1.6038091778755188,0.8815765976905823,Consistent Negative
75,LH,Ground Truth,2,0.06293196800267575,0.10991506000691088,0.675,120,0.8150115847587586,0.8815765976905823,Unstable
75,LH,Ground Truth,3,0.026471977934609293,0.15941880578150278,0.6333333333333333,120,0.8467225313186646,0.8815765976905823,Unstable
75,LH,Ground Truth,4,0.040419419106436004,0.13460762882061494,0.675,120,0.8345917940139771,0.8815765976905823,Unstable
75,LH,Mean,2,-0.7648809162617067,0.2069411226293483,0.0,120,1.534998893737793,0.8815765976905823,Consistent Negative
75,LH,Mean,3,-0.6236507388063024,0.19044515057424385,0.0,120,1.4121644496917725,0.8815765976905823,Consistent Negative
75,LH,Mean,4,-1.057311909802832,0.24124291645616786,0.0,120,1.7893397092819214,0.8815765976905823,Consistent Negative
75,LH,Pseudo-Feature,2,-0.2280636973279987,0.1441865129953765,0.08333333333333333,120,1.0681040287017822,0.8815765976905823,Consistent Negative
75,LH,Pseudo-Feature,3,-0.16500561073741685,0.13778069705736368,0.08333333333333333,120,1.013259482383728,0.8815765976905823,Consistent Negative
75,LH,Pseudo-Feature,4,-0.05426959590517458,0.12449151578013487,0.25833333333333336,120,0.9169472277164459,0.8815765976905823,Unstable
75,LH-E2E,Gaussian,2,-0.18500866189482787,0.14118934696071012,0.08333333333333333,120,1.0306570649147033,0.8815765976905823,Consistent Negative
75,LH-E2E,Gaussian,3,-0.47223452960146267,0.17331676777783334,0.0,120,1.2804707407951355,0.8815765976905823,Consistent Negative
75,LH-E2E,Gaussian,4,-0.44240008121985214,0.16982029373524032,0.0,120,1.2545223355293273,0.8815765976905823,Consistent Negative
75,LH-E2E,Ground Truth,2,0.08100426621634495,0.10852509041062626,0.7916666666666666,120,0.7992932677268982,0.8815765976905823,Unstable
75,LH-E2E,Ground Truth,3,0.16497344049896198,0.09959898845315782,0.9083333333333333,120,0.7262613773345947,0.8815765976905823,Consistent Positive
75,LH-E2E,Ground Truth,4,0.07601082597066951,0.10973542822977903,0.7833333333333333,120,0.8036362946033477,0.8815765976905823,Unstable
75,LH-E2E,Mean,2,-0.14178709598775993,0.13597096249864996,0.125,120,0.9930652618408203,0.8815765976905823,Consistent Negative
75,LH-E2E,Mean,3,-0.19838110006740095,0.14233436165715016,0.08333333333333333,120,1.0422876954078675,0.8815765976905823,Consistent Negative
75,LH-E2E,Mean,4,-0.313247283098575,0.1548340883291272,0.0,120,1.1421921491622924,0.8815765976905823,Consistent Negative
75,LH-E2E,Pseudo-Feature,2,0.10336741055038588,0.10588939854074299,0.8333333333333334,120,0.7798430025577545,0.8815765976905823,Consistent Positive
75,LH-E2E,Pseudo-Feature,3,-0.12615636752702367,0.13818943334578077,0.13333333333333333,120,0.9794704914093018,0.8815765976905823,Consistent Negative
75,LH-E2E,Pseudo-Feature,4,-0.05075153342095644,0.12746873512225942,0.375,120,0.9138874053955078,0.8815765976905823,Unstable
75,MLP,Gaussian,2,-0.348629923797116,0.16305172649636804,0.0,120,1.1729660749435424,0.8815765976905823,Consistent Negative
75,MLP,Gaussian,3,-0.7912723916406832,0.21008985539452651,0.0,120,1.5579527854919433,0.8815765976905823,Consistent Negative
75,MLP,Gaussian,4,-0.7849709059208404,0.20965906454327,0.0,120,1.5524720907211305,0.8815765976905823,Consistent Negative
75,MLP,Ground Truth,2,0.027746676195361693,0.1175782337844912,0.6583333333333333,120,0.8456138670444489,0.8815765976905823,Unstable
75,MLP,Ground Truth,3,0.2597927193479321,0.08680046369027199,1.0,120,0.6437926471233368,0.8815765976905823,Consistent Positive
75,MLP,Ground Truth,4,0.07601082597066951,0.10906021719882589,0.7916666666666666,120,0.8036362946033477,0.8815765976905823,Unstable
75,MLP,Mean,2,-0.7383140836084062,0.20390294448354762,0.0,120,1.5118924856185914,0.8815765976905823,Consistent Negative
75,MLP,Mean,3,-0.5969721045829952,0.1875459192269501,0.0,120,1.3889608025550841,0.8815765976905823,Consistent Negative
75,MLP,Mean,4,-1.038921846773786,0.2392035938176886,0.0,120,1.7733450174331664,0.8815765976905823,Consistent Negative
75,MLP,Pseudo-Feature,2,-0.229921423575039,0.14422611492803153,0.08333333333333333,120,1.0697197794914246,0.8815765976905823,Consistent Negative
75,MLP,Pseudo-Feature,3,-0.24255102618433627,0.1482422038722191,0.075,120,1.0807043313980103,0.8815765976905823,Consistent Negative
75,MLP,Pseudo-Feature,4,-0.041050852339107255,0.12252435151187759,0.38333333333333336,120,0.9054502725601197,0.8815765976905823,Unstable
75,MLP-E2E,Gaussian,2,-0.8986826832595055,0.23378634931975778,0.0,120,1.651372504234314,0.8815765976905823,Consistent Negative
75,MLP-E2E,Gaussian,3,-0.5018117397991966,0.1767451579285258,0.0,120,1.3061954140663148,0.8815765976905823,Consistent Negative
75,MLP-E2E,Gaussian,4,-0.5648499386763938,0.1930144549127772,0.0,120,1.361022663116455,0.8815765976905823,Consistent Negative
75,MLP-E2E,Ground Truth,2,-0.46188871083435734,0.20369232901606923,0.0,120,1.2714725017547608,0.8815765976905823,Consistent Negative
75,MLP-E2E,Ground Truth,3,0.10462090530141657,0.10698777728243944,0.825,120,0.7787527799606323,0.8815765976905823,Consistent Positive
75,MLP-E2E,Ground Truth,4,-0.1640001093303744,0.15717335517466374,0.10833333333333334,120,1.0123849511146545,0.8815765976905823,Consistent Negative
75,MLP-E2E,Mean,2,-0.1584594211644282,0.1373021623531133,0.11666666666666667,120,1.0075659573078155,0.8815765976905823,Consistent Negative
75,MLP-E2E,Mean,3,-0.3510155447933042,0.1627769540384942,0.0,120,1.1750409603118896,0.8815765976905823,Consistent Negative
75,MLP-E2E,Mean,4,-0.3868586045600882,0.16859266356518895,0.0,120,1.2062153339385986,0.8815765976905823,Consistent Negative
75,MLP-E2E,Pseudo-Feature,2,0.10711311265400485,0.10487763443236814,0.8333333333333334,120,0.776585191488266,0.8815765976905823,Consistent Positive
75,MLP-E2E,Pseudo-Feature,3,-0.6207309867345775,0.19450609517443632,0.0,120,1.4096250057220459,0.8815765976905823,Consistent Negative
75,MLP-E2E,Pseudo-Feature,4,-0.0890657066803017,0.13309317104377497,0.2,120,0.9472110211849213,0.8815765976905823,Unstable
