0.701688564090203,-0.71053396263783,-0.72505203120086,-0.675603660793992,-0.448541035627837,0.585697956105246,-0.310427239578521
0.701688564090203,-0.71053396263783,-1.08824410260287,-1.0706550626558,-0.448541035627837,0.585697956105246,-0.310427239578521
-0.272821663726081,1.51473563484882,0.279117532661381,-0.0501056078461271,-0.448541035627837,0.585697956105246,-0.310427239578521
-3.19635234717493,0.0312225698577193,-2.15335568664876,-0.0501056078461271,-0.448541035627837,0.585697956105246,-0.310427239578521
0.593409649888393,-1.30393918863427,0.827642910416413,-0.0501056078461271,-0.448541035627837,0.585697956105246,-0.310427239578521
-0.814216234735127,0.624627795854159,0.588382699189468,-0.0501056078461271,-0.448541035627837,0.585697956105246,-0.310427239578521
1.02652530669563,-0.11712873664139,1.20060618576482,-0.0501056078461271,-0.448541035627837,-1.70533451405527,3.2175363886044
-0.922495148936936,1.81143824784704,-0.170700116938305,-0.675603660793992,-0.448541035627837,0.585697956105246,-0.310427239578521
-1.46388971994598,1.2180330218506,0.174677803550301,-0.675603660793992,2.22679946765593,-1.70533451405527,-0.310427239578521
-0.272821663726081,1.51473563484882,1.21781578343616,-0.366146729335574,-0.448541035627837,0.585697956105246,-0.310427239578521
-2.76323669036769,0.624627795854159,-3.4485869022185,-1.46570646451761,-0.448541035627837,0.585697956105246,-0.310427239578521
-2.76323669036769,0.624627795854159,-1.33644006415634,-0.478077959863087,-0.448541035627837,0.585697956105246,-0.310427239578521
-0.705937320533318,0.921330408852379,-0.414502702971158,2.02391425192837,2.22679946765593,-1.70533451405527,-0.310427239578521
-0.272821663726081,1.51473563484882,0.557486734014784,-0.366146729335574,-0.448541035627837,0.585697956105246,-0.310427239578521
0.593409649888393,-1.30393918863427,0.598228079211073,-0.0501056078461271,-0.448541035627837,0.585697956105246,-0.310427239578521
-0.705937320533318,0.921330408852379,-0.413930064002016,0.805839096187793,2.22679946765593,-1.70533451405527,-0.310427239578521
0.268572907282966,-0.11712873664139,-2.15395380417171,1.69470475037686,-0.448541035627837,0.585697956105246,-0.310427239578521
0.701688564090203,-0.71053396263783,-0.471478575975119,-0.478077959863087,-0.448541035627837,0.585697956105246,-0.310427239578521
0.160293993081156,0.772979102353268,1.19871172449538,-0.366146729335574,2.22679946765593,-1.70533451405527,-0.310427239578521
0.268572907282966,-0.11712873664139,-0.122837179957581,-0.675603660793992,-0.448541035627837,0.585697956105246,-0.310427239578521
0.268572907282966,-0.11712873664139,-2.7654837038426,-0.0501056078461271,-0.448541035627837,0.585697956105246,-0.310427239578521
-0.272821663726081,1.51473563484882,0.591994934847513,-0.0501056078461271,-0.448541035627837,0.585697956105246,-0.310427239578521
0.701688564090203,-0.71053396263783,0.552580197932425,-0.0501056078461271,-0.448541035627837,0.585697956105246,-0.310427239578521
-0.922495148936936,1.81143824784704,-0.0910948559873551,-0.0501056078461271,-0.448541035627837,0.585697956105246,-0.310427239578521
0.160293993081156,0.772979102353268,0.914017648030189,1.69470475037686,2.22679946765593,-1.70533451405527,-0.310427239578521
0.701688564090203,-0.71053396263783,-0.442536567877828,-0.0501056078461271,-0.448541035627837,0.585697956105246,-0.310427239578521
0.701688564090203,-0.71053396263783,0.254509490450924,-0.478077959863087,-0.448541035627837,0.585697956105246,-0.310427239578521
1.02652530669563,-0.11712873664139,1.168779808005,-0.675603660793992,-0.448541035627837,-1.70533451405527,3.2175363886044
0.593409649888393,-1.30393918863427,-0.565079160377334,-0.0501056078461271,-0.448541035627837,0.585697956105246,-0.310427239578521
-2.76323669036769,0.624627795854159,-0.775877312211644,-1.46570646451761,-0.448541035627837,0.585697956105246,-0.310427239578521
-0.922495148936936,1.81143824784704,0.313236942148004,2.02391425192837,-0.448541035627837,0.585697956105246,-0.310427239578521
-1.46388971994598,1.2180330218506,-1.23783895913751,0.805839096187793,2.22679946765593,-1.70533451405527,-0.310427239578521
0.809967478292012,-1.45229049513338,-0.199713905634557,-1.0706550626558,-0.448541035627837,0.585697956105246,-0.310427239578521
0.809967478292012,-1.45229049513338,0.985323192812962,0.805839096187793,-0.448541035627837,0.585697956105246,-0.310427239578521
0.701688564090203,-0.71053396263783,0.142073818240333,-1.46570646451761,-0.448541035627837,0.585697956105246,-0.310427239578521
0.701688564090203,-0.71053396263783,0.329340457042866,0.805839096187793,-0.448541035627837,0.585697956105246,-0.310427239578521
-1.24733189154236,0.0312225698577193,-0.349841504154192,-1.46570646451761,2.22679946765593,-1.70533451405527,-0.310427239578521
0.701688564090203,-0.71053396263783,-0.0998570639617024,0.805839096187793,-0.448541035627837,0.585697956105246,-0.310427239578521
-0.922495148936936,1.81143824784704,0.860009227361734,-0.675603660793992,-0.448541035627837,0.585697956105246,-0.310427239578521
-0.272821663726081,1.51473563484882,0.965933646299811,-1.0706550626558,-0.448541035627837,0.585697956105246,-0.310427239578521
0.593409649888393,-1.30393918863427,-1.46165155277445,-0.478077959863087,-0.448541035627837,0.585697956105246,-0.310427239578521
0.809967478292012,-1.45229049513338,0.878742821053982,2.02391425192837,-0.448541035627837,0.585697956105246,-0.310427239578521
0.376851821484775,1.66308694134793,0.841597396425023,0.805839096187793,-0.448541035627837,0.585697956105246,-0.310427239578521
0.701688564090203,-0.71053396263783,0.0756793974859477,-0.675603660793992,-0.448541035627837,0.585697956105246,-0.310427239578521
-1.46388971994598,1.2180330218506,0.162354185278465,0.805839096187793,2.22679946765593,-1.70533451405527,-0.310427239578521
-2.76323669036769,0.624627795854159,-1.35898208475112,-1.46570646451761,-0.448541035627837,0.585697956105246,-0.310427239578521
-3.19635234717493,0.0312225698577193,-1.1910933241475,-0.675603660793992,-0.448541035627837,0.585697956105246,-0.310427239578521
-0.705937320533318,0.921330408852379,-0.638564237217232,-0.478077959863087,2.22679946765593,-1.70533451405527,-0.310427239578521
-1.46388971994598,1.2180330218506,-1.62430760639987,-0.0501056078461271,2.22679946765593,-1.70533451405527,-0.310427239578521
1.02652530669563,-0.11712873664139,1.15251716670251,-0.0501056078461271,-0.448541035627837,-1.70533451405527,3.2175363886044
0.160293993081156,0.772979102353268,1.15269002463291,0.805839096187793,2.22679946765593,-1.70533451405527,-0.310427239578521
0.593409649888393,-1.30393918863427,0.990426425584469,-0.675603660793992,-0.448541035627837,0.585697956105246,-0.310427239578521
-1.78872646255141,-0.265480043140499,-0.829608999443495,0.805839096187793,2.22679946765593,-1.70533451405527,-0.310427239578521
0.701688564090203,-0.71053396263783,-0.809288958314021,-0.0501056078461271,-0.448541035627837,0.585697956105246,-0.310427239578521
-1.89700537675322,0.17957387635683,-0.909165357380788,0.805839096187793,-0.448541035627837,0.585697956105246,-0.310427239578521
1.02652530669563,-0.11712873664139,1.21078787871936,-0.675603660793992,-0.448541035627837,-1.70533451405527,3.2175363886044
-0.272821663726081,1.51473563484882,0.553578079093565,-1.0706550626558,-0.448541035627837,0.585697956105246,-0.310427239578521
-0.272821663726081,1.51473563484882,0.741602732422623,0.377866744170833,-0.448541035627837,0.585697956105246,-0.310427239578521
0.593409649888393,-1.30393918863427,-0.749130843852406,-1.0706550626558,-0.448541035627837,0.585697956105246,-0.310427239578521
0.701688564090203,-0.71053396263783,-0.771141849260013,-1.0706550626558,-0.448541035627837,0.585697956105246,-0.310427239578521
0.701688564090203,-0.71053396263783,-0.591746923545784,-0.675603660793992,-0.448541035627837,0.585697956105246,-0.310427239578521
-2.22184211935865,-0.562182656138719,-1.06070293603523,-1.0706550626558,2.22679946765593,-1.70533451405527,-0.310427239578521
0.701688564090203,-0.71053396263783,-0.715672391917408,-0.0501056078461271,-0.448541035627837,0.585697956105246,-0.310427239578521
1.02652530669563,-0.11712873664139,1.18549396053559,-1.46570646451761,-0.448541035627837,-1.70533451405527,3.2175363886044
-0.272821663726081,1.51473563484882,0.63641542083134,-0.675603660793992,-0.448541035627837,0.585697956105246,-0.310427239578521
-0.272821663726081,1.51473563484882,0.404280098379485,2.02391425192837,-0.448541035627837,0.585697956105246,-0.310427239578521
0.701688564090203,-0.71053396263783,0.130997402893767,-0.0501056078461271,-0.448541035627837,0.585697956105246,-0.310427239578521
-2.76323669036769,0.624627795854159,-1.21380580305344,-1.46570646451761,-0.448541035627837,0.585697956105246,-0.310427239578521
0.268572907282966,-0.11712873664139,-2.50776283903928,2.02391425192837,-0.448541035627837,0.585697956105246,-0.310427239578521
1.02652530669563,-0.11712873664139,1.0150326672519,2.02391425192837,-0.448541035627837,-1.70533451405527,3.2175363886044
0.701688564090203,-0.71053396263783,-0.521612297660267,-0.0501056078461271,-0.448541035627837,0.585697956105246,-0.310427239578521
-0.814216234735127,0.624627795854159,0.632733188545403,-1.0706550626558,-0.448541035627837,0.585697956105246,-0.310427239578521
1.02652530669563,-0.11712873664139,1.17543199333461,0.805839096187793,-0.448541035627837,-1.70533451405527,3.2175363886044
-2.76323669036769,0.624627795854159,-3.97545975746164,-1.0706550626558,-0.448541035627837,0.585697956105246,-0.310427239578521
0.701688564090203,-0.71053396263783,0.0528061548631261,-0.675603660793992,-0.448541035627837,0.585697956105246,-0.310427239578521
0.268572907282966,-0.11712873664139,-1.39350284464073,-0.0501056078461271,-0.448541035627837,0.585697956105246,-0.310427239578521
-0.272821663726081,1.51473563484882,0.89049482367496,-0.675603660793992,-0.448541035627837,0.585697956105246,-0.310427239578521
1.02652530669563,-0.11712873664139,1.19894059646577,1.69470475037686,-0.448541035627837,-1.70533451405527,3.2175363886044
0.268572907282966,-0.11712873664139,-0.19639647513117,0.805839096187793,-0.448541035627837,0.585697956105246,-0.310427239578521
0.701688564090203,-0.71053396263783,0.303304894110738,-0.675603660793992,-0.448541035627837,0.585697956105246,-0.310427239578521
0.809967478292012,-1.45229049513338,1.04509247118419,0.805839096187793,-0.448541035627837,0.585697956105246,-0.310427239578521
0.701688564090203,-0.71053396263783,-0.878199114683556,-1.0706550626558,-0.448541035627837,0.585697956105246,-0.310427239578521
-1.78872646255141,-0.265480043140499,-1.10901441289234,-1.0706550626558,2.22679946765593,-1.70533451405527,-0.310427239578521
0.701688564090203,-0.71053396263783,0.717583722988814,-0.0501056078461271,-0.448541035627837,0.585697956105246,-0.310427239578521
-3.19635234717493,0.0312225698577193,-3.72801881505364,-1.46570646451761,-0.448541035627837,0.585697956105246,-0.310427239578521
0.268572907282966,-0.11712873664139,-1.13845815601629,0.805839096187793,-0.448541035627837,0.585697956105246,-0.310427239578521
-0.705937320533318,0.921330408852379,-0.424576894475506,0.805839096187793,2.22679946765593,-1.70533451405527,-0.310427239578521
-0.705937320533318,0.921330408852379,-0.106987911183583,-0.675603660793992,2.22679946765593,-1.70533451405527,-0.310427239578521
-0.922495148936936,1.81143824784704,0.779823899062351,1.69470475037686,-0.448541035627837,0.585697956105246,-0.310427239578521
-0.272821663726081,1.51473563484882,0.845512987538441,-0.0501056078461271,-0.448541035627837,0.585697956105246,-0.310427239578521
-0.272821663726081,1.51473563484882,0.692847623473903,-0.0501056078461271,-0.448541035627837,0.585697956105246,-0.310427239578521
-2.76323669036769,0.624627795854159,-1.99775652706282,-1.46570646451761,-0.448541035627837,0.585697956105246,-0.310427239578521
-0.922495148936936,1.81143824784704,0.221217860939932,-0.0501056078461271,-0.448541035627837,0.585697956105246,-0.310427239578521
0.593409649888393,-1.30393918863427,1.10758271475988,-0.675603660793992,-0.448541035627837,0.585697956105246,-0.310427239578521
-0.922495148936936,1.81143824784704,0.565740681754788,0.805839096187793,-0.448541035627837,0.585697956105246,-0.310427239578521
1.02652530669563,-0.11712873664139,1.19907135168466,1.69470475037686,-0.448541035627837,-1.70533451405527,3.2175363886044
-0.705937320533318,0.921330408852379,-0.689685849659824,-0.675603660793992,2.22679946765593,-1.70533451405527,-0.310427239578521
0.268572907282966,-0.11712873664139,-1.71262273777362,-0.0501056078461271,-0.448541035627837,0.585697956105246,-0.310427239578521
0.701688564090203,-0.71053396263783,0.280911238923932,-1.0706550626558,-0.448541035627837,0.585697956105246,-0.310427239578521
0.593409649888393,-1.30393918863427,1.00024875401523,-0.0501056078461271,-0.448541035627837,0.585697956105246,-0.310427239578521
-0.922495148936936,1.81143824784704,-0.21497100787502,-1.46570646451761,-0.448541035627837,0.585697956105246,-0.310427239578521
-0.922495148936936,1.81143824784704,-0.178815195829738,0.805839096187793,-0.448541035627837,0.585697956105246,-0.310427239578521
1.02652530669563,-0.11712873664139,1.09733552529211,-0.0501056078461271,-0.448541035627837,-1.70533451405527,3.2175363886044
-0.814216234735127,0.624627795854159,0.29412964587562,-1.0706550626558,-0.448541035627837,0.585697956105246,-0.310427239578521
-0.705937320533318,0.921330408852379,-0.434469881583805,2.02391425192837,2.22679946765593,-1.70533451405527,-0.310427239578521
0.593409649888393,-1.30393918863427,0.527969438749777,-0.675603660793992,-0.448541035627837,0.585697956105246,-0.310427239578521
0.701688564090203,-0.71053396263783,-0.361107859803432,1.69470475037686,-0.448541035627837,0.585697956105246,-0.310427239578521
0.809967478292012,-1.45229049513338,0.927100561012154,-0.0501056078461271,-0.448541035627837,0.585697956105246,-0.310427239578521
0.268572907282966,-0.11712873664139,-2.69863414508753,0.805839096187793,-0.448541035627837,0.585697956105246,-0.310427239578521
0.701688564090203,-0.71053396263783,-0.0785963107764149,-0.0501056078461271,-0.448541035627837,0.585697956105246,-0.310427239578521
-0.922495148936936,1.81143824784704,0.414604857859056,2.02391425192837,-0.448541035627837,0.585697956105246,-0.310427239578521
-0.814216234735127,0.624627795854159,0.567843900782976,0.805839096187793,-0.448541035627837,0.585697956105246,-0.310427239578521
0.160293993081156,0.772979102353268,1.0129484521143,-1.0706550626558,2.22679946765593,-1.70533451405527,-0.310427239578521
1.02652530669563,-0.11712873664139,1.27076283329411,-0.0501056078461271,-0.448541035627837,-1.70533451405527,3.2175363886044
0.268572907282966,-0.11712873664139,0.0797401987069106,-0.675603660793992,-0.448541035627837,0.585697956105246,-0.310427239578521
0.593409649888393,-1.30393918863427,0.942835041646893,-0.675603660793992,-0.448541035627837,0.585697956105246,-0.310427239578521
0.593409649888393,-1.30393918863427,0.939756655809102,-1.0706550626558,-0.448541035627837,0.585697956105246,-0.310427239578521
0.809967478292012,-1.45229049513338,0.895743470389072,-0.0501056078461271,-0.448541035627837,0.585697956105246,-0.310427239578521
-0.814216234735127,0.624627795854159,0.665796459816648,-0.0501056078461271,-0.448541035627837,0.585697956105246,-0.310427239578521
0.268572907282966,-0.11712873664139,-3.32790257535066,-0.0501056078461271,-0.448541035627837,0.585697956105246,-0.310427239578521
-1.24733189154236,0.0312225698577193,-0.883589826976556,1.69470475037686,2.22679946765593,-1.70533451405527,-0.310427239578521
-0.272821663726081,1.51473563484882,0.889688032910242,1.24697982826681,-0.448541035627837,0.585697956105246,-0.310427239578521
0.701688564090203,-0.71053396263783,-0.653379686057638,-0.675603660793992,-0.448541035627837,0.585697956105246,-0.310427239578521
-0.597658406331508,1.36638432834971,0.588655870484123,-0.0501056078461271,-0.448541035627837,0.585697956105246,-0.310427239578521
-0.272821663726081,1.51473563484882,1.02424639474033,-1.26818076358671,-0.448541035627837,0.585697956105246,-0.310427239578521
0.593409649888393,-1.30393918863427,0.611286624788886,-0.675603660793992,-0.448541035627837,0.585697956105246,-0.310427239578521
0.701688564090203,-0.71053396263783,0.128085973712826,-0.0501056078461271,-0.448541035627837,0.585697956105246,-0.310427239578521
0.701688564090203,-0.71053396263783,-0.773930376672022,-1.0706550626558,-0.448541035627837,0.585697956105246,-0.310427239578521
-2.76323669036769,0.624627795854159,-0.515170703776341,-0.675603660793992,-0.448541035627837,0.585697956105246,-0.310427239578521
-0.922495148936936,1.81143824784704,0.427178991904453,0.805839096187793,-0.448541035627837,0.585697956105246,-0.310427239578521
0.160293993081156,0.772979102353268,1.19851549844979,-0.366146729335574,2.22679946765593,-1.70533451405527,-0.310427239578521
0.809967478292012,-1.45229049513338,0.796833756604811,1.69470475037686,-0.448541035627837,0.585697956105246,-0.310427239578521
1.02652530669563,-0.11712873664139,1.12606414294034,-1.46570646451761,-0.448541035627837,-1.70533451405527,3.2175363886044
0.268572907282966,-0.11712873664139,-1.76613580527569,-0.0501056078461271,-0.448541035627837,0.585697956105246,-0.310427239578521
0.701688564090203,-0.71053396263783,0.681876672055533,0.805839096187793,-0.448541035627837,0.585697956105246,-0.310427239578521
0.268572907282966,-0.11712873664139,-1.09394715152282,1.69470475037686,-0.448541035627837,0.585697956105246,-0.310427239578521
0.701688564090203,-0.71053396263783,0.248859180952456,-0.478077959863087,-0.448541035627837,0.585697956105246,-0.310427239578521
0.701688564090203,-0.71053396263783,-0.0296282273347342,0.805839096187793,-0.448541035627837,0.585697956105246,-0.310427239578521
0.809967478292012,-1.45229049513338,0.917009228305082,1.69470475037686,-0.448541035627837,0.585697956105246,-0.310427239578521
0.268572907282966,-0.11712873664139,-2.01534763684857,2.02391425192837,-0.448541035627837,0.585697956105246,-0.310427239578521
0.593409649888393,-1.30393918863427,0.554147757482761,-0.0501056078461271,-0.448541035627837,0.585697956105246,-0.310427239578521
0.160293993081156,0.772979102353268,1.24923171361773,-0.675603660793992,2.22679946765593,-1.70533451405527,-0.310427239578521
0.160293993081156,0.772979102353268,0.995749117455334,-0.333225779180424,2.22679946765593,-1.70533451405527,-0.310427239578521
0.593409649888393,-1.30393918863427,-0.202884914620411,-1.0706550626558,-0.448541035627837,0.585697956105246,-0.310427239578521
0.593409649888393,-1.30393918863427,0.600250529839946,-0.0501056078461271,-0.448541035627837,0.585697956105246,-0.310427239578521
-0.705937320533318,0.921330408852379,-0.323600172215587,0.805839096187793,2.22679946765593,-1.70533451405527,-0.310427239578521
0.809967478292012,-1.45229049513338,-0.24133833142376,-1.0706550626558,-0.448541035627837,0.585697956105246,-0.310427239578521
-0.272821663726081,1.51473563484882,0.0778704014796351,-0.675603660793992,-0.448541035627837,0.585697956105246,-0.310427239578521
-0.814216234735127,0.624627795854159,0.520811997681452,-0.0501056078461271,-0.448541035627837,0.585697956105246,-0.310427239578521
0.268572907282966,-0.11712873664139,-1.11326364139639,1.69470475037686,-0.448541035627837,0.585697956105246,-0.310427239578521
0.160293993081156,0.772979102353268,1.23686412083196,0.377866744170833,2.22679946765593,-1.70533451405527,-0.310427239578521
0.809967478292012,-1.45229049513338,0.814021818190682,-0.0501056078461271,-0.448541035627837,0.585697956105246,-0.310427239578521
-0.922495148936936,1.81143824784704,0.238296660305285,-1.0706550626558,-0.448541035627837,0.585697956105246,-0.310427239578521
0.268572907282966,-0.11712873664139,-2.0519725073376,0.805839096187793,-0.448541035627837,0.585697956105246,-0.310427239578521
1.02652530669563,-0.11712873664139,1.10794765574686,0.805839096187793,-0.448541035627837,-1.70533451405527,3.2175363886044
0.701688564090203,-0.71053396263783,-0.242752543207541,0.805839096187793,-0.448541035627837,0.585697956105246,-0.310427239578521
0.701688564090203,-0.71053396263783,0.123298551050249,-0.675603660793992,-0.448541035627837,0.585697956105246,-0.310427239578521
1.02652530669563,-0.11712873664139,1.16816932283127,0.805839096187793,-0.448541035627837,-1.70533451405527,3.2175363886044
-0.705937320533318,0.921330408852379,-0.519919128483383,-0.675603660793992,2.22679946765593,-1.70533451405527,-0.310427239578521
-2.76323669036769,0.624627795854159,-1.91619365408958,-1.0706550626558,-0.448541035627837,0.585697956105246,-0.310427239578521
0.268572907282966,-0.11712873664139,-4.3610917918958,-0.0501056078461271,-0.448541035627837,0.585697956105246,-0.310427239578521
-2.33012103356046,-1.45229049513338,-1.49331208834146,0.805839096187793,2.22679946765593,-1.70533451405527,-0.310427239578521
-2.76323669036769,0.624627795854159,-2.7841135521185,-1.46570646451761,-0.448541035627837,0.585697956105246,-0.310427239578521
0.701688564090203,-0.71053396263783,0.543328436147703,-0.675603660793992,-0.448541035627837,0.585697956105246,-0.310427239578521
-0.705937320533318,0.921330408852379,-0.731174332379295,0.805839096187793,2.22679946765593,-1.70533451405527,-0.310427239578521
0.160293993081156,0.772979102353268,1.18585936885173,0.805839096187793,2.22679946765593,-1.70533451405527,-0.310427239578521
0.268572907282966,-0.11712873664139,-1.1810347914844,-0.0501056078461271,-0.448541035627837,0.585697956105246,-0.310427239578521
0.593409649888393,-1.30393918863427,0.430797021118327,-0.0501056078461271,-0.448541035627837,0.585697956105246,-0.310427239578521
1.02652530669563,-0.11712873664139,1.19326558398104,-1.46570646451761,-0.448541035627837,-1.70533451405527,3.2175363886044
0.701688564090203,-0.71053396263783,0.601864944110173,0.805839096187793,-0.448541035627837,0.585697956105246,-0.310427239578521
0.593409649888393,-1.30393918863427,0.562928059547304,2.02391425192837,-0.448541035627837,0.585697956105246,-0.310427239578521
1.02652530669563,-0.11712873664139,1.20538835346014,-1.0706550626558,-0.448541035627837,-1.70533451405527,3.2175363886044
0.809967478292012,-1.45229049513338,1.14627011681064,0.805839096187793,-0.448541035627837,0.585697956105246,-0.310427239578521
-2.76323669036769,0.624627795854159,-0.852264461706105,-1.46570646451761,-0.448541035627837,0.585697956105246,-0.310427239578521
0.268572907282966,-0.11712873664139,0.0718152200375251,0.805839096187793,-0.448541035627837,0.585697956105246,-0.310427239578521
0.593409649888393,-1.30393918863427,0.947851883983001,-0.675603660793992,-0.448541035627837,0.585697956105246,-0.310427239578521
0.809967478292012,-1.45229049513338,0.713776225773015,-0.675603660793992,-0.448541035627837,0.585697956105246,-0.310427239578521
0.160293993081156,0.772979102353268,0.521996872651482,-0.675603660793992,2.22679946765593,-1.70533451405527,-0.310427239578521
-0.272821663726081,1.51473563484882,0.46319989082707,-0.0501056078461271,-0.448541035627837,0.585697956105246,-0.310427239578521
-0.705937320533318,0.921330408852379,-0.141942084896709,-1.0706550626558,2.22679946765593,-1.70533451405527,-0.310427239578521
0.268572907282966,-0.11712873664139,-1.66204716133915,-0.0501056078461271,-0.448541035627837,0.585697956105246,-0.310427239578521
-0.922495148936936,1.81143824784704,0.25030875811901,-0.478077959863087,-0.448541035627837,0.585697956105246,-0.310427239578521
0.268572907282966,-0.11712873664139,-1.73676895934213,-0.0501056078461271,-0.448541035627837,0.585697956105246,-0.310427239578521
0.809967478292012,-1.45229049513338,0.876140651087751,-0.0501056078461271,-0.448541035627837,0.585697956105246,-0.310427239578521
0.593409649888393,-1.30393918863427,0.239660779208966,-0.0501056078461271,-0.448541035627837,0.585697956105246,-0.310427239578521
0.701688564090203,-0.71053396263783,0.179636928249339,0.805839096187793,-0.448541035627837,0.585697956105246,-0.310427239578521
-2.76323669036769,0.624627795854159,-0.699840598271048,-0.0501056078461271,-0.448541035627837,0.585697956105246,-0.310427239578521
-0.272821663726081,1.51473563484882,0.756958512375286,-0.675603660793992,-0.448541035627837,0.585697956105246,-0.310427239578521
-0.922495148936936,1.81143824784704,0.52502540424534,-0.0501056078461271,-0.448541035627837,0.585697956105246,-0.310427239578521
0.160293993081156,0.772979102353268,0.792680642131362,-1.0706550626558,2.22679946765593,-1.70533451405527,-0.310427239578521
-2.33012103356046,-1.45229049513338,-1.57129748036286,0.805839096187793,2.22679946765593,-1.70533451405527,-0.310427239578521
1.02652530669563,-0.11712873664139,0.798637594132683,0.805839096187793,-0.448541035627837,-1.70533451405527,3.2175363886044
0.701688564090203,-0.71053396263783,-0.179280830507372,-0.0501056078461271,-0.448541035627837,0.585697956105246,-0.310427239578521
0.268572907282966,-0.11712873664139,-1.7319460138632,-0.0501056078461271,-0.448541035627837,0.585697956105246,-0.310427239578521
0.809967478292012,-1.45229049513338,0.383008909004886,-0.675603660793992,-0.448541035627837,0.585697956105246,-0.310427239578521
0.160293993081156,0.772979102353268,1.17158901887533,-0.675603660793992,2.22679946765593,-1.70533451405527,-0.310427239578521
-0.489379492129699,-0.265480043140499,-1.20198639897288,-0.0501056078461271,-0.448541035627837,0.585697956105246,-0.310427239578521
0.701688564090203,-0.71053396263783,0.0042031234405321,0.805839096187793,-0.448541035627837,0.585697956105246,-0.310427239578521
0.268572907282966,-0.11712873664139,-2.89041428786277,-0.0501056078461271,-0.448541035627837,0.585697956105246,-0.310427239578521
0.701688564090203,-0.71053396263783,0.0816183772009501,0.805839096187793,-0.448541035627837,0.585697956105246,-0.310427239578521
0.593409649888393,-1.30393918863427,0.408050230806016,0.805839096187793,-0.448541035627837,0.585697956105246,-0.310427239578521
1.02652530669563,-0.11712873664139,1.21133556280851,0.805839096187793,-0.448541035627837,-1.70533451405527,3.2175363886044
0.268572907282966,-0.11712873664139,-5.35661981316716,-0.0501056078461271,-0.448541035627837,0.585697956105246,-0.310427239578521
-2.76323669036769,0.624627795854159,-1.15936042962025,-0.478077959863087,-0.448541035627837,0.585697956105246,-0.310427239578521
1.02652530669563,-0.11712873664139,1.04458061400679,-0.0501056078461271,-0.448541035627837,-1.70533451405527,3.2175363886044
0.701688564090203,-0.71053396263783,1.03995961769847,-0.0501056078461271,-0.448541035627837,0.585697956105246,-0.310427239578521
0.809967478292012,-1.45229049513338,-0.168126115154342,-1.0706550626558,-0.448541035627837,0.585697956105246,-0.310427239578521
-1.46388971994598,1.2180330218506,0.22877931055299,0.805839096187793,2.22679946765593,-1.70533451405527,-0.310427239578521
0.160293993081156,0.772979102353268,1.17223075378656,-0.675603660793992,2.22679946765593,-1.70533451405527,-0.310427239578521
-0.272821663726081,1.51473563484882,0.37528910689455,2.02391425192837,-0.448541035627837,0.585697956105246,-0.310427239578521
-2.43839994776227,0.327925182855939,-0.459247947920173,1.69470475037686,2.22679946765593,-1.70533451405527,-0.310427239578521
0.701688564090203,-0.71053396263783,-0.837168522566663,-0.675603660793992,-0.448541035627837,0.585697956105246,-0.310427239578521
-0.922495148936936,1.81143824784704,0.251283996188024,-0.0501056078461271,-0.448541035627837,0.585697956105246,-0.310427239578521
0.160293993081156,0.772979102353268,1.16227883265962,-0.0501056078461271,2.22679946765593,-1.70533451405527,-0.310427239578521
-0.272821663726081,1.51473563484882,0.822458221509415,0.805839096187793,-0.448541035627837,0.585697956105246,-0.310427239578521
0.593409649888393,-1.30393918863427,0.608891254604798,2.02391425192837,-0.448541035627837,0.585697956105246,-0.310427239578521
1.02652530669563,-0.11712873664139,1.17932417904592,-0.0501056078461271,-0.448541035627837,-1.70533451405527,3.2175363886044
0.268572907282966,-0.11712873664139,-1.67734741612453,-0.0501056078461271,-0.448541035627837,0.585697956105246,-0.310427239578521
0.593409649888393,-1.30393918863427,0.988911390020182,1.69470475037686,-0.448541035627837,0.585697956105246,-0.310427239578521
0.593409649888393,-1.30393918863427,0.0691353226259116,0.805839096187793,-0.448541035627837,0.585697956105246,-0.310427239578521
-0.705937320533318,0.921330408852379,0.289077353639763,-0.0501056078461271,2.22679946765593,-1.70533451405527,-0.310427239578521
-1.46388971994598,1.2180330218506,0.232817616172236,-0.478077959863087,2.22679946765593,-1.70533451405527,-0.310427239578521
0.701688564090203,-0.71053396263783,0.173777043166092,0.805839096187793,-0.448541035627837,0.585697956105246,-0.310427239578521
-0.272821663726081,1.51473563484882,1.12727695159946,0.377866744170833,-0.448541035627837,0.585697956105246,-0.310427239578521
-0.814216234735127,0.624627795854159,0.335730451655889,-0.0501056078461271,-0.448541035627837,0.585697956105246,-0.310427239578521
0.701688564090203,-0.71053396263783,0.0328033639455615,-0.478077959863087,-0.448541035627837,0.585697956105246,-0.310427239578521
-0.272821663726081,1.51473563484882,0.83376106114846,1.24697982826681,-0.448541035627837,0.585697956105246,-0.310427239578521
-1.46388971994598,1.2180330218506,-0.293755730795124,0.805839096187793,2.22679946765593,-1.70533451405527,-0.310427239578521
-2.76323669036769,0.624627795854159,-0.148631171829416,-0.0501056078461271,-0.448541035627837,0.585697956105246,-0.310427239578521
0.701688564090203,-0.71053396263783,0.424927354438031,0.805839096187793,-0.448541035627837,0.585697956105246,-0.310427239578521
0.593409649888393,-1.30393918863427,-0.0373537998001607,-1.46570646451761,-0.448541035627837,0.585697956105246,-0.310427239578521
0.701688564090203,-0.71053396263783,-0.138141510615543,-0.0501056078461271,-0.448541035627837,0.585697956105246,-0.310427239578521
0.701688564090203,-0.71053396263783,0.530756616375967,-0.675603660793992,-0.448541035627837,0.585697956105246,-0.310427239578521
0.268572907282966,-0.11712873664139,-2.32448443451943,-0.0501056078461271,-0.448541035627837,0.585697956105246,-0.310427239578521
1.02652530669563,-0.11712873664139,1.19678014535882,-1.46570646451761,-0.448541035627837,-1.70533451405527,3.2175363886044
-0.272821663726081,1.51473563484882,0.458259683844442,-0.873129361724896,-0.448541035627837,0.585697956105246,-0.310427239578521
0.701688564090203,-0.71053396263783,-0.619976644114832,-1.46570646451761,-0.448541035627837,0.585697956105246,-0.310427239578521
-0.272821663726081,1.51473563484882,0.836651433173467,-0.873129361724896,-0.448541035627837,0.585697956105246,-0.310427239578521
0.376851821484775,1.66308694134793,0.822046163965638,-1.0706550626558,-0.448541035627837,0.585697956105246,-0.310427239578521
0.701688564090203,-0.71053396263783,-0.741649791426848,-0.675603660793992,-0.448541035627837,0.585697956105246,-0.310427239578521
-0.922495148936936,1.81143824784704,-0.558973718678369,-0.675603660793992,-0.448541035627837,0.585697956105246,-0.310427239578521
0.701688564090203,-0.71053396263783,-0.946543085203627,0.805839096187793,-0.448541035627837,0.585697956105246,-0.310427239578521
0.701688564090203,-0.71053396263783,-0.0531281475895296,-0.0501056078461271,-0.448541035627837,0.585697956105246,-0.310427239578521
0.701688564090203,-0.71053396263783,0.578626293999807,1.69470475037686,-0.448541035627837,0.585697956105246,-0.310427239578521
0.160293993081156,0.772979102353268,0.910598648836872,2.02391425192837,2.22679946765593,-1.70533451405527,-0.310427239578521
0.701688564090203,-0.71053396263783,-0.510269270199244,-0.675603660793992,-0.448541035627837,0.585697956105246,-0.310427239578521
0.701688564090203,-0.71053396263783,0.12154860800919,1.69470475037686,-0.448541035627837,0.585697956105246,-0.310427239578521
-2.22184211935865,-0.562182656138719,-1.52535449231995,-0.0501056078461271,2.22679946765593,-1.70533451405527,-0.310427239578521
0.593409649888393,-1.30393918863427,0.849609524525394,-0.0501056078461271,-0.448541035627837,0.585697956105246,-0.310427239578521
1.02652530669563,-0.11712873664139,1.20018194120458,1.69470475037686,-0.448541035627837,-1.70533451405527,3.2175363886044
0.160293993081156,0.772979102353268,0.910367126182121,0.805839096187793,2.22679946765593,-1.70533451405527,-0.310427239578521
0.701688564090203,-0.71053396263783,-0.736327927325187,-0.675603660793992,-0.448541035627837,0.585697956105246,-0.310427239578521
0.701688564090203,-0.71053396263783,-0.0171229563954385,-0.0501056078461271,-0.448541035627837,0.585697956105246,-0.310427239578521
1.02652530669563,-0.11712873664139,1.17064239726,2.02391425192837,-0.448541035627837,-1.70533451405527,3.2175363886044
1.02652530669563,-0.11712873664139,0.950547518952661,0.805839096187793,-0.448541035627837,-1.70533451405527,3.2175363886044
-0.705937320533318,0.921330408852379,-0.573308869145846,1.69470475037686,2.22679946765593,-1.70533451405527,-0.310427239578521
0.701688564090203,-0.71053396263783,0.902783824787838,2.02391425192837,-0.448541035627837,0.585697956105246,-0.310427239578521
1.02652530669563,-0.11712873664139,1.20353731817289,-0.675603660793992,-0.448541035627837,-1.70533451405527,3.2175363886044
0.701688564090203,-0.71053396263783,-0.0525653921349654,-1.46570646451761,-0.448541035627837,0.585697956105246,-0.310427239578521
0.701688564090203,-0.71053396263783,-0.751020307019906,-0.675603660793992,-0.448541035627837,0.585697956105246,-0.310427239578521
0.593409649888393,-1.30393918863427,1.00983280257617,-0.675603660793992,-0.448541035627837,0.585697956105246,-0.310427239578521
0.809967478292012,-1.45229049513338,0.941274970963488,-0.0501056078461271,-0.448541035627837,0.585697956105246,-0.310427239578521
-2.76323669036769,0.624627795854159,-1.11337015184361,-1.46570646451761,-0.448541035627837,0.585697956105246,-0.310427239578521
0.160293993081156,0.772979102353268,1.09644809787512,-0.0501056078461271,2.22679946765593,-1.70533451405527,-0.310427239578521
0.268572907282966,-0.11712873664139,-1.73487249203741,-0.0501056078461271,-0.448541035627837,0.585697956105246,-0.310427239578521
0.701688564090203,-0.71053396263783,0.350406035673168,2.02391425192837,-0.448541035627837,0.585697956105246,-0.310427239578521
0.701688564090203,-0.71053396263783,-0.0923209710985716,0.805839096187793,-0.448541035627837,0.585697956105246,-0.310427239578521
0.485130735686584,-0.71053396263783,0.712601159743761,-0.0501056078461271,-0.448541035627837,-1.70533451405527,3.2175363886044
0.593409649888393,-1.30393918863427,-1.01292799034086,-0.675603660793992,-0.448541035627837,0.585697956105246,-0.310427239578521
-0.705937320533318,0.921330408852379,0.139882085080581,2.02391425192837,2.22679946765593,-1.70533451405527,-0.310427239578521
-0.705937320533318,0.921330408852379,-0.194584562917721,-1.46570646451761,2.22679946765593,-1.70533451405527,-0.310427239578521
0.809967478292012,-1.45229049513338,0.271953660845517,-1.46570646451761,-0.448541035627837,0.585697956105246,-0.310427239578521
0.376851821484775,1.66308694134793,0.811468837932947,-0.478077959863087,-0.448541035627837,0.585697956105246,-0.310427239578521
0.701688564090203,-0.71053396263783,-0.260066202819589,-0.0501056078461271,-0.448541035627837,0.585697956105246,-0.310427239578521
0.701688564090203,-0.71053396263783,-0.399381140273297,2.02391425192837,-0.448541035627837,0.585697956105246,-0.310427239578521
0.701688564090203,-0.71053396263783,0.283727735654737,0.805839096187793,-0.448541035627837,0.585697956105246,-0.310427239578521
0.268572907282966,-0.11712873664139,-1.79840593941679,0.805839096187793,-0.448541035627837,0.585697956105246,-0.310427239578521
-0.705937320533318,0.921330408852379,-0.233603017962577,-0.0501056078461271,2.22679946765593,-1.70533451405527,-0.310427239578521
0.160293993081156,0.772979102353268,1.17536472610787,-0.675603660793992,2.22679946765593,-1.70533451405527,-0.310427239578521
0.809967478292012,-1.45229049513338,-0.178022493713442,-1.46570646451761,-0.448541035627837,0.585697956105246,-0.310427239578521
0.701688564090203,-0.71053396263783,-1.22726149390039,-1.0706550626558,-0.448541035627837,0.585697956105246,-0.310427239578521
0.268572907282966,-0.11712873664139,-1.82186584171216,-0.0501056078461271,-0.448541035627837,0.585697956105246,-0.310427239578521
-0.272821663726081,1.51473563484882,0.659990476677594,-1.26818076358671,-0.448541035627837,0.585697956105246,-0.310427239578521
0.701688564090203,-0.71053396263783,-0.259838027699957,2.02391425192837,-0.448541035627837,0.585697956105246,-0.310427239578521
0.268572907282966,-0.11712873664139,-1.13151555130019,0.805839096187793,-0.448541035627837,0.585697956105246,-0.310427239578521
0.701688564090203,-0.71053396263783,-0.953891340745306,-1.46570646451761,-0.448541035627837,0.585697956105246,-0.310427239578521
-0.814216234735127,0.624627795854159,-0.150778467289066,-0.675603660793992,-0.448541035627837,0.585697956105246,-0.310427239578521
0.701688564090203,-0.71053396263783,-0.780818237588566,-0.0501056078461271,-0.448541035627837,0.585697956105246,-0.310427239578521
0.593409649888393,-1.30393918863427,-0.0912809847401404,-0.0501056078461271,-0.448541035627837,0.585697956105246,-0.310427239578521
0.268572907282966,-0.11712873664139,-0.959401387693702,-0.0501056078461271,-0.448541035627837,0.585697956105246,-0.310427239578521
0.701688564090203,-0.71053396263783,0.105972957144062,0.805839096187793,-0.448541035627837,0.585697956105246,-0.310427239578521
0.593409649888393,-1.30393918863427,0.682120700736905,-0.0501056078461271,-0.448541035627837,0.585697956105246,-0.310427239578521
0.160293993081156,0.772979102353268,0.609490746771497,-0.0501056078461271,2.22679946765593,-1.70533451405527,-0.310427239578521
-0.705937320533318,0.921330408852379,-0.334138590609903,-0.0501056078461271,2.22679946765593,-1.70533451405527,-0.310427239578521
0.701688564090203,-0.71053396263783,0.132751199743201,-0.675603660793992,-0.448541035627837,0.585697956105246,-0.310427239578521
-0.705937320533318,0.921330408852379,-0.572448939575509,1.69470475037686,2.22679946765593,-1.70533451405527,-0.310427239578521
-0.272821663726081,1.51473563484882,0.517842376076899,-0.0501056078461271,-0.448541035627837,0.585697956105246,-0.310427239578521
0.593409649888393,-1.30393918863427,0.652058841053471,-0.675603660793992,-0.448541035627837,0.585697956105246,-0.310427239578521
0.701688564090203,-0.71053396263783,0.180564865812845,0.805839096187793,-0.448541035627837,0.585697956105246,-0.310427239578521
-1.46388971994598,1.2180330218506,-0.0242027793932902,-0.675603660793992,2.22679946765593,-1.70533451405527,-0.310427239578521
0.160293993081156,0.772979102353268,1.22202316692262,-0.675603660793992,2.22679946765593,-1.70533451405527,-0.310427239578521
-2.11356320515684,0.17957387635683,-0.866888655259127,-0.0501056078461271,-0.448541035627837,0.585697956105246,-0.310427239578521
-0.272821663726081,1.51473563484882,0.613012317258083,1.24697982826681,-0.448541035627837,0.585697956105246,-0.310427239578521
0.809967478292012,-1.45229049513338,1.08196788727631,-0.675603660793992,-0.448541035627837,0.585697956105246,-0.310427239578521
0.268572907282966,-0.11712873664139,-1.06873837342036,1.69470475037686,-0.448541035627837,0.585697956105246,-0.310427239578521
-0.814216234735127,0.624627795854159,-1.0202731328406,0.805839096187793,-0.448541035627837,0.585697956105246,-0.310427239578521
1.02652530669563,-0.11712873664139,1.1840972785669,-0.0501056078461271,-0.448541035627837,-1.70533451405527,3.2175363886044
1.02652530669563,-0.11712873664139,0.736534492164878,-0.0501056078461271,-0.448541035627837,-1.70533451405527,3.2175363886044
-0.705937320533318,0.921330408852379,-0.232535379638309,-0.0501056078461271,2.22679946765593,-1.70533451405527,-0.310427239578521
0.160293993081156,0.772979102353268,-2.21726745024084,-0.366146729335574,2.22679946765593,-1.70533451405527,-0.310427239578521
0.593409649888393,-1.30393918863427,-1.04599063519217,-1.0706550626558,-0.448541035627837,0.585697956105246,-0.310427239578521
-1.46388971994598,1.2180330218506,0.0401824358680821,-0.478077959863087,2.22679946765593,-1.70533451405527,-0.310427239578521
0.701688564090203,-0.71053396263783,0.247066837733289,-0.478077959863087,-0.448541035627837,0.585697956105246,-0.310427239578521
0.701688564090203,-0.71053396263783,0.159631279497956,0.805839096187793,-0.448541035627837,0.585697956105246,-0.310427239578521
-0.705937320533318,0.921330408852379,-0.44910427683296,-0.675603660793992,2.22679946765593,-1.70533451405527,-0.310427239578521
-0.705937320533318,0.921330408852379,0.249702506251445,2.02391425192837,2.22679946765593,-1.70533451405527,-0.310427239578521
0.268572907282966,-0.11712873664139,-2.77528039711458,0.805839096187793,-0.448541035627837,0.585697956105246,-0.310427239578521
0.809967478292012,-1.45229049513338,0.996292035449928,0.805839096187793,-0.448541035627837,0.585697956105246,-0.310427239578521
0.809967478292012,-1.45229049513338,0.35611204848745,-0.478077959863087,-0.448541035627837,0.585697956105246,-0.310427239578521
0.268572907282966,-0.11712873664139,-1.99256966888678,-0.675603660793992,-0.448541035627837,0.585697956105246,-0.310427239578521
0.809967478292012,-1.45229049513338,0.831930354679674,2.02391425192837,-0.448541035627837,0.585697956105246,-0.310427239578521
-0.272821663726081,1.51473563484882,1.0584071719722,0.377866744170833,-0.448541035627837,0.585697956105246,-0.310427239578521
1.02652530669563,-0.11712873664139,1.18233143307683,0.805839096187793,-0.448541035627837,-1.70533451405527,3.2175363886044
-0.922495148936936,1.81143824784704,0.818431884985415,-1.0706550626558,-0.448541035627837,0.585697956105246,-0.310427239578521
0.268572907282966,-0.11712873664139,0.32463045358729,-1.46570646451761,-0.448541035627837,0.585697956105246,-0.310427239578521
-1.46388971994598,1.2180330218506,0.378295892767702,-0.0501056078461271,2.22679946765593,-1.70533451405527,-0.310427239578521
0.160293993081156,0.772979102353268,0.594100475606742,-0.0501056078461271,2.22679946765593,-1.70533451405527,-0.310427239578521
0.485130735686584,-0.71053396263783,-0.773294190051678,-0.0501056078461271,-0.448541035627837,-1.70533451405527,3.2175363886044
0.701688564090203,-0.71053396263783,0.304123489908337,-0.675603660793992,-0.448541035627837,0.585697956105246,-0.310427239578521
-2.76323669036769,0.624627795854159,-0.923313261317045,-1.0706550626558,-0.448541035627837,0.585697956105246,-0.310427239578521
0.701688564090203,-0.71053396263783,0.0967274231004188,-0.478077959863087,-0.448541035627837,0.585697956105246,-0.310427239578521
1.02652530669563,-0.11712873664139,1.19822107196432,-1.46570646451761,-0.448541035627837,-1.70533451405527,3.2175363886044
0.376851821484775,1.66308694134793,0.890637116289646,-0.0501056078461271,-0.448541035627837,0.585697956105246,-0.310427239578521
0.701688564090203,-0.71053396263783,-0.999961502807408,-1.0706550626558,-0.448541035627837,0.585697956105246,-0.310427239578521
-1.46388971994598,1.2180330218506,-0.564200274146491,1.69470475037686,2.22679946765593,-1.70533451405527,-0.310427239578521
0.701688564090203,-0.71053396263783,-0.168160155609229,-1.0706550626558,-0.448541035627837,0.585697956105246,-0.310427239578521
0.268572907282966,-0.11712873664139,-1.58649485230219,-0.0501056078461271,-0.448541035627837,0.585697956105246,-0.310427239578521
-0.272821663726081,1.51473563484882,1.00161878413563,-0.0501056078461271,-0.448541035627837,0.585697956105246,-0.310427239578521
-0.272821663726081,1.51473563484882,0.413863194052951,-0.0501056078461271,-0.448541035627837,0.585697956105246,-0.310427239578521
-1.46388971994598,1.2180330218506,-0.115026290090908,-0.0501056078461271,2.22679946765593,-1.70533451405527,-0.310427239578521
0.268572907282966,-0.11712873664139,-2.15839710022408,2.02391425192837,-0.448541035627837,0.585697956105246,-0.310427239578521
-0.272821663726081,1.51473563484882,0.88306169403186,-1.46570646451761,-0.448541035627837,0.585697956105246,-0.310427239578521
0.268572907282966,-0.11712873664139,-3.26047686602897,-0.0501056078461271,-0.448541035627837,0.585697956105246,-0.310427239578521
0.701688564090203,-0.71053396263783,-0.597813716957486,-0.675603660793992,-0.448541035627837,0.585697956105246,-0.310427239578521
0.593409649888393,-1.30393918863427,0.163655271918777,-1.0706550626558,-0.448541035627837,0.585697956105246,-0.310427239578521
0.701688564090203,-0.71053396263783,-0.610749791637225,-0.675603660793992,-0.448541035627837,0.585697956105246,-0.310427239578521
0.268572907282966,-0.11712873664139,-1.74822837082177,-0.0501056078461271,-0.448541035627837,0.585697956105246,-0.310427239578521
-0.814216234735127,0.624627795854159,-0.165916474338899,-0.675603660793992,-0.448541035627837,0.585697956105246,-0.310427239578521
0.701688564090203,-0.71053396263783,0.0416239698357745,-0.675603660793992,-0.448541035627837,0.585697956105246,-0.310427239578521
-0.272821663726081,1.51473563484882,0.194052896003401,-0.0501056078461271,-0.448541035627837,0.585697956105246,-0.310427239578521
0.268572907282966,-0.11712873664139,-1.71034269514596,-0.0501056078461271,-0.448541035627837,0.585697956105246,-0.310427239578521
0.701688564090203,-0.71053396263783,0.184777800904584,-0.478077959863087,-0.448541035627837,0.585697956105246,-0.310427239578521
-2.22184211935865,-0.562182656138719,-1.33825456325213,-0.0501056078461271,2.22679946765593,-1.70533451405527,-0.310427239578521
0.593409649888393,-1.30393918863427,0.523106156301261,-0.0501056078461271,-0.448541035627837,0.585697956105246,-0.310427239578521
0.701688564090203,-0.71053396263783,-0.168739058777752,0.805839096187793,-0.448541035627837,0.585697956105246,-0.310427239578521
-0.272821663726081,1.51473563484882,0.950150353797173,2.02391425192837,-0.448541035627837,0.585697956105246,-0.310427239578521
0.160293993081156,0.772979102353268,0.990972841090385,-0.675603660793992,2.22679946765593,-1.70533451405527,-0.310427239578521
0.701688564090203,-0.71053396263783,-0.286400709752395,-1.46570646451761,-0.448541035627837,0.585697956105246,-0.310427239578521
0.268572907282966,-0.11712873664139,-0.810655336803908,-0.0501056078461271,-0.448541035627837,0.585697956105246,-0.310427239578521
0.701688564090203,-0.71053396263783,0.124483057294257,-0.675603660793992,-0.448541035627837,0.585697956105246,-0.310427239578521
0.809967478292012,-1.45229049513338,0.779769683908188,0.805839096187793,-0.448541035627837,0.585697956105246,-0.310427239578521
0.701688564090203,-0.71053396263783,0.189621762938158,0.805839096187793,-0.448541035627837,0.585697956105246,-0.310427239578521
0.593409649888393,-1.30393918863427,-0.40838452986697,-0.675603660793992,-0.448541035627837,0.585697956105246,-0.310427239578521
1.02652530669563,-0.11712873664139,1.23367262973705,2.02391425192837,-0.448541035627837,-1.70533451405527,3.2175363886044
0.160293993081156,0.772979102353268,1.10131722608113,-0.366146729335574,2.22679946765593,-1.70533451405527,-0.310427239578521
0.593409649888393,-1.30393918863427,0.454655511271606,2.02391425192837,-0.448541035627837,0.585697956105246,-0.310427239578521
0.593409649888393,-1.30393918863427,1.03757984172501,-1.46570646451761,-0.448541035627837,0.585697956105246,-0.310427239578521
-2.76323669036769,0.624627795854159,-1.95174955718347,-1.0706550626558,-0.448541035627837,0.585697956105246,-0.310427239578521
-2.54667886196407,1.81143824784704,0.152056343627079,1.69470475037686,-0.448541035627837,0.585697956105246,-0.310427239578521
0.701688564090203,-0.71053396263783,-0.399111194709885,2.02391425192837,-0.448541035627837,0.585697956105246,-0.310427239578521
0.701688564090203,-0.71053396263783,0.849958292111885,2.02391425192837,-0.448541035627837,0.585697956105246,-0.310427239578521
-2.76323669036769,0.624627795854159,-1.63004043098182,-1.46570646451761,-0.448541035627837,0.585697956105246,-0.310427239578521
0.701688564090203,-0.71053396263783,0.102628448893116,-0.478077959863087,-0.448541035627837,0.585697956105246,-0.310427239578521
0.160293993081156,0.772979102353268,1.00794130768686,-0.774366511259444,2.22679946765593,-1.70533451405527,-0.310427239578521
-0.272821663726081,1.51473563484882,1.00161878413563,2.02391425192837,-0.448541035627837,0.585697956105246,-0.310427239578521
-2.76323669036769,0.624627795854159,-0.936587499188609,-1.46570646451761,-0.448541035627837,0.585697956105246,-0.310427239578521
-1.03077406313875,0.772979102353268,-0.663251201711101,2.02391425192837,-0.448541035627837,0.585697956105246,-0.310427239578521
0.701688564090203,-0.71053396263783,0.0960100330669127,-0.478077959863087,-0.448541035627837,0.585697956105246,-0.310427239578521
0.593409649888393,-1.30393918863427,0.181290839290978,2.02391425192837,-0.448541035627837,0.585697956105246,-0.310427239578521
0.593409649888393,-1.30393918863427,0.655026353048019,2.02391425192837,-0.448541035627837,0.585697956105246,-0.310427239578521
0.376851821484775,1.66308694134793,0.866577653882562,-0.0501056078461271,-0.448541035627837,0.585697956105246,-0.310427239578521
-0.272821663726081,1.51473563484882,1.09017207771832,-0.0501056078461271,-0.448541035627837,0.585697956105246,-0.310427239578521
0.701688564090203,-0.71053396263783,0.276454507158205,-0.675603660793992,-0.448541035627837,0.585697956105246,-0.310427239578521
-0.705937320533318,0.921330408852379,0.0509790362228203,2.02391425192837,2.22679946765593,-1.70533451405527,-0.310427239578521
1.02652530669563,-0.11712873664139,1.20655530171673,1.69470475037686,-0.448541035627837,-1.70533451405527,3.2175363886044
0.809967478292012,-1.45229049513338,0.986464658372761,2.02391425192837,-0.448541035627837,0.585697956105246,-0.310427239578521
-0.272821663726081,1.51473563484882,0.53316947743105,-0.366146729335574,-0.448541035627837,0.585697956105246,-0.310427239578521
0.593409649888393,-1.30393918863427,0.558407910220229,1.69470475037686,-0.448541035627837,0.585697956105246,-0.310427239578521
0.160293993081156,0.772979102353268,1.05646820505764,2.02391425192837,2.22679946765593,-1.70533451405527,-0.310427239578521
1.02652530669563,-0.11712873664139,1.25426208529874,0.805839096187793,-0.448541035627837,-1.70533451405527,3.2175363886044
0.268572907282966,-0.11712873664139,-2.13603077882155,-0.0501056078461271,-0.448541035627837,0.585697956105246,-0.310427239578521
1.02652530669563,-0.11712873664139,1.16156094381023,2.02391425192837,-0.448541035627837,-1.70533451405527,3.2175363886044
-0.272821663726081,1.51473563484882,0.0829142312461436,-0.366146729335574,-0.448541035627837,0.585697956105246,-0.310427239578521
-2.33012103356046,-1.45229049513338,-1.70019187657411,-0.0501056078461271,2.22679946765593,-1.70533451405527,-0.310427239578521
0.160293993081156,0.772979102353268,0.811938342162313,0.377866744170833,2.22679946765593,-1.70533451405527,-0.310427239578521
0.701688564090203,-0.71053396263783,0.134654841047685,-1.0706550626558,-0.448541035627837,0.585697956105246,-0.310427239578521
-0.814216234735127,0.624627795854159,0.230821955767486,2.02391425192837,-0.448541035627837,0.585697956105246,-0.310427239578521
0.268572907282966,-0.11712873664139,0.0090686886759911,-0.0501056078461271,-0.448541035627837,0.585697956105246,-0.310427239578521
0.268572907282966,-0.11712873664139,-2.1952998028704,0.805839096187793,-0.448541035627837,0.585697956105246,-0.310427239578521
0.701688564090203,-0.71053396263783,0.0027087829349399,0.805839096187793,-0.448541035627837,0.585697956105246,-0.310427239578521
0.268572907282966,-0.11712873664139,0.574121715682621,-1.46570646451761,-0.448541035627837,0.585697956105246,-0.310427239578521
0.701688564090203,-0.71053396263783,0.0907467127143308,-0.675603660793992,-0.448541035627837,0.585697956105246,-0.310427239578521
-2.76323669036769,0.624627795854159,-3.47932550092729,-1.0706550626558,-0.448541035627837,0.585697956105246,-0.310427239578521
1.02652530669563,-0.11712873664139,1.18109643788297,-0.478077959863087,-0.448541035627837,-1.70533451405527,3.2175363886044
-0.272821663726081,1.51473563484882,1.06960279022712,0.377866744170833,-0.448541035627837,0.585697956105246,-0.310427239578521
-0.272821663726081,1.51473563484882,0.995581994250325,1.24697982826681,-0.448541035627837,0.585697956105246,-0.310427239578521
-3.08807343297312,0.772979102353268,1.08162898414664,-0.0501056078461271,-0.448541035627837,0.585697956105246,-0.310427239578521
-0.272821663726081,1.51473563484882,0.626298580569543,1.69470475037686,-0.448541035627837,0.585697956105246,-0.310427239578521
-1.46388971994598,1.2180330218506,-0.461330461117896,-0.0501056078461271,2.22679946765593,-1.70533451405527,-0.310427239578521
0.593409649888393,-1.30393918863427,-0.206175017139701,-0.675603660793992,-0.448541035627837,0.585697956105246,-0.310427239578521
-0.272821663726081,1.51473563484882,0.983586844576036,-1.26818076358671,-0.448541035627837,0.585697956105246,-0.310427239578521
0.701688564090203,-0.71053396263783,0.514936711450865,-1.0706550626558,-0.448541035627837,0.585697956105246,-0.310427239578521
0.160293993081156,0.772979102353268,0.63065877571979,-1.46570646451761,2.22679946765593,-1.70533451405527,-0.310427239578521
-0.272821663726081,1.51473563484882,-0.0852223066153076,-0.0501056078461271,-0.448541035627837,0.585697956105246,-0.310427239578521
0.268572907282966,-0.11712873664139,-2.18422993178927,-0.0501056078461271,-0.448541035627837,0.585697956105246,-0.310427239578521
-0.814216234735127,0.624627795854159,0.231631302756422,2.02391425192837,-0.448541035627837,0.585697956105246,-0.310427239578521
0.701688564090203,-0.71053396263783,0.161279821225841,-0.0501056078461271,-0.448541035627837,0.585697956105246,-0.310427239578521
-0.272821663726081,1.51473563484882,0.0397984851903341,-0.0501056078461271,-0.448541035627837,0.585697956105246,-0.310427239578521
0.701688564090203,-0.71053396263783,-0.0616156646208541,2.02391425192837,-0.448541035627837,0.585697956105246,-0.310427239578521
0.701688564090203,-0.71053396263783,-0.825497404348692,-1.46570646451761,-0.448541035627837,0.585697956105246,-0.310427239578521
1.02652530669563,-0.11712873664139,1.10991556309684,2.02391425192837,-0.448541035627837,-1.70533451405527,3.2175363886044
0.701688564090203,-0.71053396263783,-1.37438249546717,0.805839096187793,-0.448541035627837,0.585697956105246,-0.310427239578521
0.268572907282966,-0.11712873664139,0.0797401987069106,-0.675603660793992,-0.448541035627837,0.585697956105246,-0.310427239578521
-0.272821663726081,1.51473563484882,0.506158077353697,-0.478077959863087,-0.448541035627837,0.585697956105246,-0.310427239578521
-2.76323669036769,0.624627795854159,-0.744204198529998,-1.46570646451761,-0.448541035627837,0.585697956105246,-0.310427239578521
0.485130735686584,-0.71053396263783,0.717759031911505,-0.0501056078461271,-0.448541035627837,-1.70533451405527,3.2175363886044
-2.43839994776227,0.327925182855939,-0.234874933817281,-0.0501056078461271,2.22679946765593,-1.70533451405527,-0.310427239578521
0.701688564090203,-0.71053396263783,-0.114707082730991,-0.0501056078461271,-0.448541035627837,0.585697956105246,-0.310427239578521
0.268572907282966,-0.11712873664139,-1.73211456805661,-0.0501056078461271,-0.448541035627837,0.585697956105246,-0.310427239578521
-2.65495777616588,-0.265480043140499,-0.964147270262689,1.69470475037686,-0.448541035627837,-1.70533451405527,3.2175363886044
0.809967478292012,-1.45229049513338,0.857692985781912,0.805839096187793,-0.448541035627837,0.585697956105246,-0.310427239578521
0.701688564090203,-0.71053396263783,0.421826548400922,-0.478077959863087,-0.448541035627837,0.585697956105246,-0.310427239578521
-0.814216234735127,0.624627795854159,-0.115824846250674,-0.675603660793992,-0.448541035627837,0.585697956105246,-0.310427239578521
0.809967478292012,-1.45229049513338,-0.183934282991582,-1.0706550626558,-0.448541035627837,0.585697956105246,-0.310427239578521
0.160293993081156,0.772979102353268,1.18429694909356,-1.0706550626558,2.22679946765593,-1.70533451405527,-0.310427239578521
0.701688564090203,-0.71053396263783,-1.46620474658185,0.805839096187793,-0.448541035627837,0.585697956105246,-0.310427239578521
1.02652530669563,-0.11712873664139,1.16847462217708,-0.675603660793992,-0.448541035627837,-1.70533451405527,3.2175363886044
0.268572907282966,-0.11712873664139,-1.77873650168081,-0.0501056078461271,-0.448541035627837,0.585697956105246,-0.310427239578521
0.701688564090203,-0.71053396263783,0.0764272699753807,-0.675603660793992,-0.448541035627837,0.585697956105246,-0.310427239578521
0.160293993081156,0.772979102353268,1.26181144815567,-0.873129361724896,2.22679946765593,-1.70533451405527,-0.310427239578521
-0.705937320533318,0.921330408852379,-0.432219593074603,0.805839096187793,2.22679946765593,-1.70533451405527,-0.310427239578521
0.701688564090203,-0.71053396263783,0.105079959892657,0.805839096187793,-0.448541035627837,0.585697956105246,-0.310427239578521
-2.76323669036769,0.624627795854159,-1.58604248347536,-1.46570646451761,-0.448541035627837,0.585697956105246,-0.310427239578521
0.701688564090203,-0.71053396263783,0.528850613567748,0.805839096187793,-0.448541035627837,0.585697956105246,-0.310427239578521
0.701688564090203,-0.71053396263783,-0.0701758993952529,-0.478077959863087,-0.448541035627837,0.585697956105246,-0.310427239578521
1.02652530669563,-0.11712873664139,0.663865648790246,-1.0706550626558,-0.448541035627837,-1.70533451405527,3.2175363886044
0.809967478292012,-1.45229049513338,0.952926523501568,0.805839096187793,-0.448541035627837,0.585697956105246,-0.310427239578521
0.593409649888393,-1.30393918863427,0.749625493089985,-0.0501056078461271,-0.448541035627837,0.585697956105246,-0.310427239578521
-0.922495148936936,1.81143824784704,0.434752935943762,2.02391425192837,-0.448541035627837,0.585697956105246,-0.310427239578521
0.593409649888393,-1.30393918863427,0.286219998751359,2.02391425192837,-0.448541035627837,0.585697956105246,-0.310427239578521
0.701688564090203,-0.71053396263783,0.659238346024058,2.02391425192837,-0.448541035627837,0.585697956105246,-0.310427239578521
0.160293993081156,0.772979102353268,1.04122604243554,-0.366146729335574,2.22679946765593,-1.70533451405527,-0.310427239578521
0.701688564090203,-0.71053396263783,0.6078244191918,-0.675603660793992,-0.448541035627837,0.585697956105246,-0.310427239578521
-1.46388971994598,1.2180330218506,-0.296732019297588,-1.0706550626558,2.22679946765593,-1.70533451405527,-0.310427239578521
0.701688564090203,-0.71053396263783,-0.414044559646249,-1.0706550626558,-0.448541035627837,0.585697956105246,-0.310427239578521
0.268572907282966,-0.11712873664139,-1.17791997468707,0.805839096187793,-0.448541035627837,0.585697956105246,-0.310427239578521
0.268572907282966,-0.11712873664139,-2.65680762180871,-0.675603660793992,-0.448541035627837,0.585697956105246,-0.310427239578521
0.593409649888393,-1.30393918863427,0.332732268285114,0.805839096187793,-0.448541035627837,0.585697956105246,-0.310427239578521
1.02652530669563,-0.11712873664139,1.01666368579348,-0.0501056078461271,-0.448541035627837,-1.70533451405527,3.2175363886044
0.160293993081156,0.772979102353268,1.05277162062918,0.377866744170833,2.22679946765593,-1.70533451405527,-0.310427239578521
0.701688564090203,-0.71053396263783,-0.384596901397689,0.805839096187793,-0.448541035627837,0.585697956105246,-0.310427239578521
-2.11356320515684,0.17957387635683,-2.57504423645344,1.69470475037686,-0.448541035627837,0.585697956105246,-0.310427239578521
-1.46388971994598,1.2180330218506,-0.297925534885493,1.69470475037686,2.22679946765593,-1.70533451405527,-0.310427239578521
-2.76323669036769,0.624627795854159,-0.405636953415514,-0.675603660793992,-0.448541035627837,0.585697956105246,-0.310427239578521
0.701688564090203,-0.71053396263783,0.19471223116053,-0.0501056078461271,-0.448541035627837,0.585697956105246,-0.310427239578521
0.701688564090203,-0.71053396263783,-1.11726718236627,-1.0706550626558,-0.448541035627837,0.585697956105246,-0.310427239578521
0.268572907282966,-0.11712873664139,-1.93773239603714,0.805839096187793,-0.448541035627837,0.585697956105246,-0.310427239578521
0.701688564090203,-0.71053396263783,-0.259571902801008,0.805839096187793,-0.448541035627837,0.585697956105246,-0.310427239578521
0.268572907282966,-0.11712873664139,-0.122241152986888,-0.675603660793992,-0.448541035627837,0.585697956105246,-0.310427239578521
0.268572907282966,-0.11712873664139,-1.02859697280517,0.805839096187793,-0.448541035627837,0.585697956105246,-0.310427239578521
0.809967478292012,-1.45229049513338,1.22335741156116,-0.675603660793992,-0.448541035627837,0.585697956105246,-0.310427239578521
-0.922495148936936,1.81143824784704,-0.396842631476168,-0.0501056078461271,-0.448541035627837,0.585697956105246,-0.310427239578521
0.701688564090203,-0.71053396263783,0.175746185955396,-0.675603660793992,-0.448541035627837,0.585697956105246,-0.310427239578521
-0.272821663726081,1.51473563484882,0.177396656658962,-1.26818076358671,-0.448541035627837,0.585697956105246,-0.310427239578521
-0.705937320533318,0.921330408852379,0.489164120603051,-0.675603660793992,2.22679946765593,-1.70533451405527,-0.310427239578521
0.701688564090203,-0.71053396263783,-0.130283263070115,-0.0501056078461271,-0.448541035627837,0.585697956105246,-0.310427239578521
0.268572907282966,-0.11712873664139,-2.91403212338493,-0.675603660793992,-0.448541035627837,0.585697956105246,-0.310427239578521
0.701688564090203,-0.71053396263783,0.359999328071181,-1.46570646451761,-0.448541035627837,0.585697956105246,-0.310427239578521
-0.814216234735127,0.624627795854159,0.0061500208646547,-1.0706550626558,-0.448541035627837,0.585697956105246,-0.310427239578521
0.701688564090203,-0.71053396263783,-0.671896436533788,0.805839096187793,-0.448541035627837,0.585697956105246,-0.310427239578521
1.02652530669563,-0.11712873664139,1.18163071608829,-1.0706550626558,-0.448541035627837,-1.70533451405527,3.2175363886044
-0.272821663726081,1.51473563484882,0.152830826534913,0.377866744170833,-0.448541035627837,0.585697956105246,-0.310427239578521
0.701688564090203,-0.71053396263783,-0.122176743593972,-0.478077959863087,-0.448541035627837,0.585697956105246,-0.310427239578521
0.593409649888393,-1.30393918863427,0.960894713546311,0.805839096187793,-0.448541035627837,0.585697956105246,-0.310427239578521
0.701688564090203,-0.71053396263783,0.426656093661345,0.805839096187793,-0.448541035627837,0.585697956105246,-0.310427239578521
0.701688564090203,-0.71053396263783,0.62270208826973,-0.478077959863087,-0.448541035627837,0.585697956105246,-0.310427239578521
-0.922495148936936,1.81143824784704,0.803446281100644,-0.0501056078461271,-0.448541035627837,0.585697956105246,-0.310427239578521
0.809967478292012,-1.45229049513338,1.15431313586566,1.69470475037686,-0.448541035627837,0.585697956105246,-0.310427239578521
-0.272821663726081,1.51473563484882,1.12749079280572,-0.0501056078461271,-0.448541035627837,0.585697956105246,-0.310427239578521
0.701688564090203,-0.71053396263783,-0.37543155904929,-1.0706550626558,-0.448541035627837,0.585697956105246,-0.310427239578521
-1.6804475483496,-0.11712873664139,-0.992931606141497,-1.46570646451761,-0.448541035627837,0.585697956105246,-0.310427239578521
-1.46388971994598,1.2180330218506,0.315433264910981,-1.46570646451761,2.22679946765593,-1.70533451405527,-0.310427239578521
0.268572907282966,-0.11712873664139,-0.764438486415781,-1.0706550626558,-0.448541035627837,0.585697956105246,-0.310427239578521
-0.272821663726081,1.51473563484882,0.96180920876768,-0.675603660793992,-0.448541035627837,0.585697956105246,-0.310427239578521
0.701688564090203,-0.71053396263783,0.0288944977319025,-0.675603660793992,-0.448541035627837,0.585697956105246,-0.310427239578521
1.02652530669563,-0.11712873664139,1.18695463014091,-1.0706550626558,-0.448541035627837,-1.70533451405527,3.2175363886044
0.701688564090203,-0.71053396263783,-1.50808428189083,1.69470475037686,-0.448541035627837,0.585697956105246,-0.310427239578521
0.809967478292012,-1.45229049513338,0.555499177296534,-0.675603660793992,-0.448541035627837,0.585697956105246,-0.310427239578521
1.02652530669563,-0.11712873664139,1.19026478804139,-0.675603660793992,-0.448541035627837,-1.70533451405527,3.2175363886044
-0.272821663726081,1.51473563484882,-0.628446703419074,-0.0501056078461271,-0.448541035627837,0.585697956105246,-0.310427239578521
0.268572907282966,-0.11712873664139,0.484221863669462,0.805839096187793,-0.448541035627837,0.585697956105246,-0.310427239578521
-0.705937320533318,0.921330408852379,-0.430045438617213,0.805839096187793,2.22679946765593,-1.70533451405527,-0.310427239578521
-0.922495148936936,1.81143824784704,0.567423684036645,-0.0501056078461271,-0.448541035627837,0.585697956105246,-0.310427239578521
0.160293993081156,0.772979102353268,1.20148661484477,-0.873129361724896,2.22679946765593,-1.70533451405527,-0.310427239578521
-0.272821663726081,1.51473563484882,0.487699962600981,0.805839096187793,-0.448541035627837,0.585697956105246,-0.310427239578521
0.701688564090203,-0.71053396263783,-1.2081138333147,0.805839096187793,-0.448541035627837,0.585697956105246,-0.310427239578521
1.02652530669563,-0.11712873664139,1.190958244856,-1.46570646451761,-0.448541035627837,-1.70533451405527,3.2175363886044
0.701688564090203,-0.71053396263783,0.13949470566513,-1.0706550626558,-0.448541035627837,0.585697956105246,-0.310427239578521
-0.705937320533318,0.921330408852379,0.73252634087683,-0.0501056078461271,2.22679946765593,-1.70533451405527,-0.310427239578521
-0.272821663726081,1.51473563484882,0.749006779940081,-1.0706550626558,-0.448541035627837,0.585697956105246,-0.310427239578521
0.701688564090203,-0.71053396263783,0.936801373089508,0.805839096187793,-0.448541035627837,0.585697956105246,-0.310427239578521
0.593409649888393,-1.30393918863427,0.872512914850631,0.805839096187793,-0.448541035627837,0.585697956105246,-0.310427239578521
0.701688564090203,-0.71053396263783,0.0398779377763404,0.805839096187793,-0.448541035627837,0.585697956105246,-0.310427239578521
-0.272821663726081,1.51473563484882,0.0112646692280757,0.805839096187793,-0.448541035627837,0.585697956105246,-0.310427239578521
0.593409649888393,-1.30393918863427,0.486155942685592,0.805839096187793,-0.448541035627837,0.585697956105246,-0.310427239578521
0.701688564090203,-0.71053396263783,-0.643443139562906,-0.675603660793992,-0.448541035627837,0.585697956105246,-0.310427239578521
-1.46388971994598,1.2180330218506,-0.56860405934129,-0.675603660793992,2.22679946765593,-1.70533451405527,-0.310427239578521
-0.272821663726081,1.51473563484882,0.84431016016844,-0.675603660793992,-0.448541035627837,0.585697956105246,-0.310427239578521
-2.33012103356046,-1.45229049513338,-1.63018947832578,-0.0501056078461271,2.22679946765593,-1.70533451405527,-0.310427239578521
-2.00528429095503,-0.41383134963961,-0.819872397741293,-0.675603660793992,-0.448541035627837,-1.70533451405527,3.2175363886044
0.701688564090203,-0.71053396263783,-0.841952477547441,-1.0706550626558,-0.448541035627837,0.585697956105246,-0.310427239578521
0.593409649888393,-1.30393918863427,0.769239177794279,-0.0501056078461271,-0.448541035627837,0.585697956105246,-0.310427239578521
0.701688564090203,-0.71053396263783,-0.257768312195281,2.02391425192837,-0.448541035627837,0.585697956105246,-0.310427239578521
0.701688564090203,-0.71053396263783,0.166137639900452,0.805839096187793,-0.448541035627837,0.585697956105246,-0.310427239578521
0.701688564090203,-0.71053396263783,0.120444003451196,-0.478077959863087,-0.448541035627837,0.585697956105246,-0.310427239578521
0.701688564090203,-0.71053396263783,-0.884841943486789,-1.0706550626558,-0.448541035627837,0.585697956105246,-0.310427239578521
0.160293993081156,0.772979102353268,-1.90738530896104,-0.267383878870122,2.22679946765593,-1.70533451405527,-0.310427239578521
-1.46388971994598,1.2180330218506,-0.510783847663228,0.805839096187793,2.22679946765593,-1.70533451405527,-0.310427239578521
0.809967478292012,-1.45229049513338,-0.113558954416269,-0.675603660793992,-0.448541035627837,0.585697956105246,-0.310427239578521
0.809967478292012,-1.45229049513338,0.911431596776994,1.69470475037686,-0.448541035627837,0.585697956105246,-0.310427239578521
-0.272821663726081,1.51473563484882,-0.813394873370894,1.69470475037686,-0.448541035627837,0.585697956105246,-0.310427239578521
-0.272821663726081,1.51473563484882,1.02674520790258,-1.0706550626558,-0.448541035627837,0.585697956105246,-0.310427239578521
0.701688564090203,-0.71053396263783,0.822715654417425,0.805839096187793,-0.448541035627837,0.585697956105246,-0.310427239578521
0.701688564090203,-0.71053396263783,0.628709285613146,-0.675603660793992,-0.448541035627837,0.585697956105246,-0.310427239578521
-0.814216234735127,0.624627795854159,0.161348439066992,0.805839096187793,-0.448541035627837,0.585697956105246,-0.310427239578521
-0.272821663726081,1.51473563484882,1.06535012304219,0.377866744170833,-0.448541035627837,0.585697956105246,-0.310427239578521
0.701688564090203,-0.71053396263783,-0.352558708353228,-0.675603660793992,-0.448541035627837,0.585697956105246,-0.310427239578521
0.701688564090203,-0.71053396263783,0.566652732612642,-1.0706550626558,-0.448541035627837,0.585697956105246,-0.310427239578521
1.02652530669563,-0.11712873664139,1.2144536774251,0.805839096187793,-0.448541035627837,-1.70533451405527,3.2175363886044
0.268572907282966,-0.11712873664139,0.325371970731584,-1.46570646451761,-0.448541035627837,0.585697956105246,-0.310427239578521
0.268572907282966,-0.11712873664139,-1.31953424701105,0.805839096187793,-0.448541035627837,0.585697956105246,-0.310427239578521
-1.89700537675322,0.17957387635683,-0.163780431237395,-0.478077959863087,-0.448541035627837,0.585697956105246,-0.310427239578521
0.593409649888393,-1.30393918863427,0.920218896349971,-0.0501056078461271,-0.448541035627837,0.585697956105246,-0.310427239578521
1.02652530669563,-0.11712873664139,1.20930409206397,-0.675603660793992,-0.448541035627837,-1.70533451405527,3.2175363886044
-0.705937320533318,0.921330408852379,-0.720730174442298,-0.0501056078461271,2.22679946765593,-1.70533451405527,-0.310427239578521
-0.814216234735127,0.624627795854159,0.451196815614808,0.805839096187793,-0.448541035627837,0.585697956105246,-0.310427239578521
