SpDiam_A,AATS5d,AATS7s,AATS8s,AATS1i,AATS2i,AATS3i,AATS4i,AATS6i,ATSC1dv,ATSC8dv,ATSC1d,ATSC7d,AATSC0v,MATS6s,MATS7s,MATS8s,GATS2c,GATS3c,GATS8c,GATS1dv,GATS3dv,GATS4dv,GATS6dv,GATS7dv,GATS8dv,GATS1d,GATS2d,GATS5d,GATS2s,GATS3s,GATS4s,GATS6s,GATS1v,GATS2v,GATS5p,GATS6p,GATS7p,GATS1i,GATS2i,GATS3i,GATS4i,GATS5i,GATS7i,GATS8i,RNCG,RPCG,Xc-3dv,Xc-5dv,Xc-6dv,AXp-0d,SdssC,SsNH2,SdO,SssO,SssS,SaaS,SddssS,MAXaaCH,AETA_alpha,AETA_beta_ns_d,ETA_dAlpha_B,ETA_epsilon_5,ETA_dEpsilon_D,IC1,CIC1,CIC2,ZMIC2,PEOE_VSA1,PEOE_VSA4,PEOE_VSA6,PEOE_VSA9,SMR_VSA1,SMR_VSA3,SMR_VSA4,SMR_VSA9,SlogP_VSA2,SlogP_VSA3,SlogP_VSA4,SlogP_VSA10,EState_VSA4,EState_VSA5,VSA_EState8,VSA_EState9,AMID_C,TopoPSA(NO),GGI6,GGI7,JGI4,RNCS,Mor02m,Mor03m,Mor13m,Mor26m,Mor30m,Mor31m,MOMI-Z,MLOGP,ESOL_Solubility_(mg/ml),Ali_Log_S,Mor06m,ATSC0p,XLOGP3,BCUTs-1h,EState_VSA6,AETA_eta_L,Mor23m,Mor16m,EState_VSA3,RPCS,ZMIC1,SlogP_VSA1,MATS3s,Xch-5d,EState_VSA1,MDEC-33,AXp-1d,GATS7d,EState_VSA2,MATS1c,JGI2,EState_VSA9,Ali_Solubility_(mg/ml),SpMax_A,VSA_EState7,Xch-7d,BCUTc-1h,IC2,Silicos-IT_Log_P,FPSA3,MATS2s,SaasC,Mor11m,GATS4c,Silicos-IT_Solubility_(mg/ml),Xc-5d,JGI5,SssNH,AATS8dv,GGI5,VSA_EState3,SsOH,GATS5dv,GGI9,AETA_eta_F,GATS6d,SaaaC,AETA_beta_s,GATS3v,GGI3,SssssC,BCUTd-1l,VE1_A,GATS6i,Mor08m,SdS,GGI8,ATSC8d,PEOE_VSA2,ESOL_Log_S,GATS1p,ATSC0i
4.865265677,3.53271028,3.143637227,3.385135135,151.5397617,157.5474193,163.9182458,164.7179547,165.1169809,53.6384,-30.0544,8.5936,-11.4772,46.38335578,0.06624173245,-0.02694792288,-0.06311020323,1.175789659,1.004889248,0.9752887061,0.4694502873,1.080961164,1.054019491,0.8885699107,1.047397192,1.006720808,0.7566673934,1.139452075,1.10068275,0.5823498062,0.9626907703,0.914501734,0.6829368466,0.8474360554,0.9144217359,1.040100864,0.9266635793,0.9385948302,1.083167515,1.097325073,0.9860373438,1.017239667,1.073344015,0.9223260991,1.007875642,0.1391792811,0.07010002312,0.8053607425,0.08374028396,0.0,0.6894086529,0.806811067,0.0,0.0,0.0,0.0,0.0,0.0,1.752997727,0.46359447,0.04838709677,0.03640552995,0.812605042,0.04960693955,3.981147632,1.662708558,0.6081274391,29.32088182,10.30076712,0.0,18.20875424,29.31392667,8.780830095,25.38663948,4.992404733,11.38785599,32.46515906,6.544756406,18.55817888,14.46821637,5.57310453,18.19910121,1.992124129,0.0,1.493241297,81.23,0.7112018141,0.6163548753,0.04241975309,36.58182932,30.56534244,-3.910720297,-1.724644867,-0.1041850566,0.3323877145,-0.1540221275,2853.022347,2.78,0.0196,-4.25,0.6812439588,11.09543257,2.88,8.00296063,31.46137377,0.2060379854,-0.803258263,-0.04336405796,34.28750275,280.7566196,46.93284082,10.74258,-0.06952346346,0.2140761751,0.0,11.54769181,0.430390951,1.198342026,24.3449737,-0.4382546374,0.06666666667,4.983978521,0.0238,2.483972752,7.262521121,0.9349875773,0.4080956104,5.035728751,3.55,0.04755445785,0.01676356589,2.424953452,0.2301721281,1.171132538,3.19e-05,0.3928227826,0.01839015152,6.082291093,5.279279279,0.8091666667,4.883036286,0.0,1.073040471,0.270933642,1.082991092,0.962882738,0.0,0.685483871,0.9980111458,2.041666667,0.0,0.992941171,4.611459146,0.8714758813,-2.630073303,0.0,0.3756928697,-5.1876,15.41868244,-4.33,0.9555020638,127.9140774
4.848604167,3.369369369,2.820304818,2.793756146,145.6756489,152.3692317,156.7243031,158.5660927,159.4311695,59.6336,-1.5408,9.9336,-10.1108,48.00479604,-0.01323283817,-0.06183612388,0.001028379954,1.263143658,0.9479241672,0.89754036,0.4928543905,1.104689293,1.034176102,1.086820551,1.022812614,0.9796886227,0.6667444211,1.146201083,1.127544619,0.6367795801,0.7493841166,0.9985451631,0.6671579862,0.8579165357,0.8542836326,0.9749229542,0.8720432635,1.135496843,1.253901445,1.126765514,1.036446104,1.105811125,1.119860331,1.096381135,0.9783350062,0.1732788131,0.08816961431,0.7585393788,0.06274916425,0.0,0.6841461785,0.0,0.0,0.0,10.9890741,0.0,0.0,0.0,1.993581034,0.4731182796,0.01612903226,0.02688172043,0.7979166667,0.01606182796,3.665365926,1.978490264,0.959483369,31.26935238,14.79051451,5.261891555,6.066367068,29.55874348,9.473725908,14.53505669,0.0,34.77396375,21.327999,6.544756406,18.25485007,5.687386275,40.03047287,0.0,2.72396651,0.0,1.622721684,84.99,0.5723809524,0.5755385488,0.04273901809,148.1751399,28.28848451,-3.062389242,-1.966806931,-0.6798670227,0.7196377646,-0.3665019633,1801.206755,1.56,0.00449,-5.23,0.9497821582,11.06986061,3.75,6.027276597,12.13273414,0.1893844223,-0.7550810005,0.1685026508,17.85771973,111.7273558,55.21586936,14.79051451,-0.03128102712,0.2140761751,0.0,7.89977645,0.4340286995,1.145519176,6.792942306,-0.4639262959,0.06349206349,19.71959598,0.00243,2.478936865,1.993581034,0.8666591913,0.4924771752,4.684372821,3.94,0.04412478449,0.01280117201,7.252041585,0.9249655787,1.023632974,2.67e-06,0.2749716524,0.01825581395,3.358434324,4.513274336,0.785,12.31664198,0.0,0.9500626698,0.211882716,1.117935899,1.059422739,0.0,0.6774193548,1.010044088,1.479166667,0.0,0.9113367588,4.51049676,0.8940299164,-2.545571927,0.0,0.2590230537,-3.0708,4.567099648,-4.96,1.0068497,82.74899317
5.000147947,3.865979381,2.356688122,2.087254445,144.0134583,150.126197,156.8461685,153.5723163,156.7137158,67.91639792,-38.35570779,12.73336939,-20.64196863,51.04803271,-0.1398244797,-0.1165371515,-0.1514373106,1.314057055,1.162451852,0.7989429637,0.4318447912,1.122979597,1.142759713,1.240392507,1.226162045,1.006643446,0.5602350279,0.9656629185,1.277430991,0.802777227,1.07024599,1.104286557,1.264429857,0.8150876153,0.8248936248,0.9894774431,0.9625365914,1.045596152,1.098254068,1.20195393,0.9005178782,1.026477864,1.254770926,1.006670644,0.9886050964,0.1910926599,0.08464523789,0.8170731478,0.2038753515,0.0,0.679730678,0.0,0.0,0.0,0.0,0.0,0.0,0.0,2.125990226,0.4928571429,0.01923076923,0.007142857143,0.7879120879,0.0,3.544039244,1.882225511,0.7536365571,27.68479521,0.0,5.098681808,29.8000411,21.92719002,0.0,19.74844179,0.0,22.51475897,19.74844179,12.96557803,6.9237372,0.0,47.37110857,16.82083098,2.883960967,0.0,1.710001269,43.6,0.6131972789,0.4288548753,0.04044973545,9.627587987,20.78246748,-2.909144122,-1.147689069,-0.4462850492,0.3119019792,-0.02368572528,2177.837598,3.15,0.00255,-4.76,1.512040967,10.42792411,4.14,3.042101874,0.0,0.2165264113,-0.6934683147,0.5195100357,5.022633314,44.09577335,46.67052438,0.0,0.01976599411,0.1964185503,0.0,12.78883177,0.4240115564,1.14511589,0.0,-0.1729048171,0.07575757576,21.68360022,0.00623,2.554441198,4.039937257,0.987460296,0.3944241553,4.672628198,5.14,0.03219814055,0.08838902135,6.920387422,0.7711968225,0.9752194397,2.49e-06,0.5624291309,0.0185308642,0.0,1.71278826,0.8338888889,6.726031012,0.0,1.121738954,0.1425,0.9875357833,1.137244449,2.137757657,0.6538461538,0.8118596335,1.819444444,0.0,0.9925253564,4.385139181,1.065090219,-2.615365246,0.0,0.2554720962,-4.821525149,9.665781456,-5.15,0.8416759948,69.51873519
4.831551496,3.412371134,2.789948692,2.688571257,146.5993687,154.1669417,159.7211343,160.2334063,157.6714408,75.11964444,26.19964444,11.87,-5.64,51.66154758,-0.1033774514,-0.1345191316,0.08512529267,0.8909175888,1.07023076,0.8003754203,0.4779477044,1.034606877,1.101335129,1.173792156,1.065235378,0.8960468008,0.6650115856,0.9456140351,1.107795261,0.5603797909,0.915101555,1.376825005,1.392880882,0.8749425937,0.8701675144,0.827745925,1.15118977,0.8922866148,1.228012266,1.106504655,0.8681295929,1.058849269,1.006497601,1.038845107,1.050911894,0.1756174026,0.1589936585,0.8298151429,0.1110709264,0.0,0.6971368173,-0.4359976129,0.0,11.85223036,5.145563254,0.0,3.1530174,0.0,2.097914513,0.4942528736,0.0,0.005747126437,0.8053763441,0.03485354097,3.995408502,1.648447688,0.5652932501,29.79848615,15.03763008,0.0,19.41092589,34.57272627,9.531400138,25.25270269,0.0,21.95893118,32.63603612,11.28161936,6.9237372,4.794537184,50.71112305,0.0,4.691401677,0.0,1.431447135,92.79,0.6370068027,0.4930909864,0.03995833333,36.04326419,28.99992128,-5.985861375,-0.7117091594,-0.09575072774,0.2428381953,0.2028940593,2421.485615,1.34,0.00457,-6.95,0.864286206,16.53343108,4.11,7.008274068,22.67357176,0.2539861546,-0.7690013272,0.7123406034,12.43128646,54.52914249,41.32233598,5.316788604,-0.06872020954,0.3319273053,6.093240071,10.36511981,0.4417300497,1.05802969,6.544756406,-0.6976939072,0.06565656566,9.720841475,4.79e-05,2.483397827,1.398763901,0.7727998196,0.4969996178,5.07856294,6.42,0.04214859348,0.1817417942,5.118932552,0.15058985,1.505877989,7.26e-06,0.2749716524,0.01651761518,2.752177186,3.627831715,0.6772222222,5.597872511,0.0,1.061645855,0.2500154321,0.8713563036,1.131578947,2.082564316,0.6637931034,0.8546831333,1.576388889,0.0,0.977895535,4.388604396,1.154034302,-2.527028855,0.0,0.2849899219,-0.03,0.0,-4.97,0.8683693513,87.60305908
4.84872166,3.341463415,2.748106061,2.791894353,150.1287662,155.577371,160.8336168,160.1387595,162.5521344,75.49586777,-2.421487603,11.33190083,-3.483636364,47.59726111,0.02791545152,-0.06188380767,-0.06019558339,0.9983987644,1.185920903,1.1312054,0.4701755915,1.182222662,0.9728418609,0.9583467224,1.052699229,0.9470689873,0.7054229688,1.141330729,1.109865471,0.5704406583,1.312861561,0.6390663656,0.7748292652,0.871503092,0.9051268693,1.094277983,0.9608184825,0.9262473304,1.310822657,1.247799371,0.9763069501,1.056870471,1.169295384,0.8864739701,1.061783366,0.1343410739,0.07858035979,0.8586399347,0.06365387513,0.0,0.6904812668,0.7953104794,0.0,11.33939598,0.0,0.0,0.0,0.0,1.980502618,0.4707070707,0.0303030303,0.02929292929,0.7768518519,0.04335016835,3.765946344,2.01541337,0.9098018185,29.638011,15.61755573,5.425791397,18.20875424,23.62654039,4.794537184,25.38663948,4.992404733,11.38785599,32.20656318,11.33929359,13.08951281,11.37477255,51.71376917,13.26227256,3.918105847,0.0,1.519969228,112.4,0.7356462585,0.5130385488,0.0399537037,33.44055909,31.04069865,-3.435346892,-1.670162037,-0.2684374989,0.3533697405,-0.2098917096,2410.562961,1.49,0.0997,-3.54,0.6230104792,11.74540423,1.85,7.00827392,5.008912524,0.2099131966,-0.9643515379,0.4853229115,6.544756406,103.1151585,55.73475775,16.05936861,-0.2345068234,0.2140761751,0.0,10.03440427,0.4336985549,1.040498879,5.907179729,-0.5603503344,0.05555555556,4.983978521,0.128,2.47905352,8.094865803,0.8666591913,0.3988791108,4.871557895,2.38,0.04559225913,0.1223222487,5.726295725,1.081051659,1.037233038,5.18e-05,0.2749716524,0.01751157407,6.155165489,4.483606557,0.8405555556,7.880272804,0.0,0.9766129538,0.269382716,1.066621515,0.955958345,0.0,0.6818181818,0.9700602396,1.979166667,0.0,0.97288748,4.538148105,1.018729314,-2.371865933,0.0,0.3205231167,0.359338843,9.778515705,-3.64,0.9862115407,95.24651352
4.850608614,3.7,4.12394412,5.584929757,145.2099007,150.9997198,159.6007726,160.6028503,160.1861851,35.08,-28.30567901,5.32,-6.591111111,47.18135908,-0.05662620013,-0.1550138167,0.1450244576,0.9658537332,0.8583093994,0.7148405057,0.4082961782,0.8446876528,1.115985009,1.218909838,1.20279857,1.410596581,0.6997198007,1.020738204,1.355650685,0.5995147277,0.7924413668,0.9613873454,1.075988583,0.7736881998,0.9814459381,1.054480569,1.092971536,1.281192165,0.891441957,1.17065636,0.9941708864,0.9669628592,0.9082043996,1.068597897,0.9389262985,0.2122845906,0.1526629909,0.7417047715,0.1539444827,0.0,0.6844934983,0.0,0.0,11.36712758,0.0,0.0,1.523836425,0.0,1.621602104,0.4826190476,0.025,0.01738095238,0.8673809524,0.0,3.799581231,1.107309365,0.6,27.16226232,0.0,9.614079702,11.33678588,0.0,9.184952232,14.59805822,0.0,11.25737949,20.88421875,0.0,5.817220841,4.390415048,29.69887896,23.46952001,0.0,0.0,1.460883267,47.26,0.3673015873,0.3359552154,0.04452674897,208.8221789,19.17433041,-3.185761506,-0.8106417495,0.09260569599,0.02337361608,0.06641800929,539.8377532,2.25,0.0436,-4.23,1.583021721,9.341475914,2.98,8.00191815,16.64813203,0.2369298086,-0.189537119,0.377359381,22.26663496,54.15975413,33.41926124,0.0,0.01130843589,0.4104947254,0.0,6.692440728,0.4242761519,1.274107787,5.817220841,-0.399968083,0.07347670251,0.0,0.017,2.541721686,3.088201969,1.091418634,0.4354855495,4.306890596,4.08,0.03276990553,-0.007417446017,2.437825919,0.2810286072,1.240622917,0.0137,0.3305272079,0.0262037037,0.0,4.816091954,0.6288888889,5.519417674,0.0,1.176069713,0.04063271605,0.8300631542,1.117294521,0.7160416667,0.6625,0.7559278133,1.680555556,0.0,0.9574915386,3.91159965,0.8162878686,-1.218895726,0.0,0.0625,0.8488888889,4.794537184,-3.82,0.7858328326,75.61833349
4.998950662,3.634782609,2.343209877,2.098566308,144.1851809,150.8419307,157.1409259,157.1307331,156.3895983,84.22907122,-138.755935,15.6122449,-22.40816327,52.07746353,-0.0723920825,-0.1537992578,-0.1695336829,1.291044865,1.145307783,1.07729835,0.4237798681,1.048971596,1.191190135,1.223242147,1.309652846,1.242377808,0.5886792453,1.006451613,1.32173913,0.7820508886,0.977530557,1.294388551,1.169309747,0.9097212439,0.8877379939,1.07607442,1.069253308,1.01391603,1.131625525,1.189452481,0.9769784468,0.9299587479,1.228789108,0.9765857501,0.9516078848,0.1811246968,0.08022885623,0.9048170651,0.2052184453,0.0,0.6807446078,0.0,0.0,0.0,0.0,0.0,0.0,0.0,2.151216564,0.4851851852,0.0,0.01481481481,0.7592592593,0.0,3.34144599,2.273263854,1.066625765,29.28526947,0.0,5.098681808,38.11294267,11.21062871,0.0,19.74844179,0.0,22.51475897,19.74844179,12.96557803,0.0,0.0,41.98488435,22.20705519,5.33564435,0.0,1.785102788,43.6,0.5251247166,0.4453656463,0.03528395062,10.62986842,14.69025353,-4.575509382,-1.338907896,-0.1111993468,0.2818209518,0.04606378681,2086.58422,3.09,0.00274,-4.91,0.3000096659,11.33992447,4.28,3.042109052,0.0,0.2365690548,-0.5076268817,0.1869773622,5.917906046,47.1120268,49.83722691,0.0,0.09295607286,0.1964185503,0.0,12.78883177,0.4264627965,1.167407407,0.0,-0.1738111843,0.06913580247,10.08266033,0.00438,2.553947147,4.110488526,0.9083188673,0.3926054234,4.548084079,5.1,0.03373505828,0.1201297909,6.793380968,0.5709174395,1.175911028,3.67e-06,0.5624291309,0.01881944444,0.0,1.669354839,0.9033333333,6.148705961,0.0,1.133032406,0.156875,0.9534330141,1.141085271,2.186806868,0.6388888889,0.8601362921,1.881944444,0.0,0.9889166745,4.395294524,1.137079436,-2.694875717,0.0,0.2355678382,-25.87755102,14.64975998,-5.11,0.9749744191,78.1496385
4.877473763,3.355555556,3.605429293,3.680365297,151.5257649,157.2635962,163.5218903,164.3794591,161.3458172,49.0,36.77777778,9.346938776,3.859410431,43.49756155,-0.05537400896,-0.06680925073,-0.06967460441,0.9874788557,1.11485472,0.9810562833,0.4052873563,1.012147335,1.090129795,1.027356322,1.054320141,0.9005668399,0.6710431655,1.032374101,1.109802158,0.5953059769,0.9977456833,1.131097181,0.8326726416,0.8267878547,0.8556774354,0.9731562305,1.13426717,0.945896658,1.054130241,1.072343379,1.026409886,1.029778526,0.8093704142,0.8210777852,0.8904870432,0.1524828092,0.1475073878,0.6258641428,0.08765981412,0.0,0.7026070582,-0.4136118403,0.0,12.0483115,0.0,0.0,0.0,0.0,1.686829229,0.4573129252,0.05357142857,0.04268707483,0.8531746032,0.03951247166,3.766037363,1.62628006,0.8337988097,33.15383706,10.63357721,9.780484743,0.0,17.57815784,13.57536728,25.06523039,0.0,11.25737949,32.82722828,0.0,11.63444168,24.95013983,18.19910121,24.12316206,0.0,1.501980667,1.426901074,84.73,0.5968253968,0.3211805556,0.03952020202,14.02949913,16.17687259,-2.922220665,-1.904626993,-0.1552706544,0.3627522401,-0.09845408509,1859.334395,2.75,0.0316,-4.06,0.7508871412,9.206771346,2.63,8.002961501,24.39594478,0.17608253,-0.7665509761,0.1390272813,22.40817398,28.18650978,48.39421279,10.63357721,-0.07806242362,0.09622504486,17.66555619,9.637872057,0.4375123208,0.8358710759,11.25737949,-0.5332051715,0.07575757576,0.0,0.0332,2.475439514,4.542837482,0.7500749593,0.4550168616,4.558518613,2.56,0.04679201674,0.01058830288,0.3442109314,0.563110172,1.218492801,1.86e-05,0.4169635037,0.01947831978,5.671108676,6.178082192,0.7986111111,9.724426044,0.0,1.007327586,0.24125,1.190687566,1.049580336,1.010373001,0.6785714286,0.8896374434,2.125,0.0,0.9776445192,4.23232078,0.9989051513,-2.174935247,0.0,0.2380794911,5.219954649,9.967957042,-4.08,0.9528601426,115.2841378
4.853464981,4.1,5.453186535,4.534979424,147.4612651,157.7221058,159.9476082,159.1225334,162.9607215,40.2265075,-81.96755433,3.752066116,-11.12396694,43.86052541,-0.02532760127,-0.2289025083,-0.337053202,1.066337923,0.6916775797,0.8996855229,0.3964611406,0.7824128347,0.8466251836,1.087901579,1.329232471,1.56203012,0.9346405229,0.9322033898,1.175490196,0.3591895554,0.4570906609,0.8341697233,1.049784255,0.7117645346,0.7793836392,0.9520079746,1.339381988,0.9366503436,0.8505278771,0.7492637709,0.5185500431,0.9734528773,0.9434064182,1.424684863,1.45619129,0.1746651557,0.2350145504,0.8991335537,0.1350287976,0.003018408053,0.7040406978,0.0,0.0,0.0,0.0,0.0,2.703659126,0.0,1.810150227,0.4843253968,0.0,0.01567460317,0.903047619,0.02512698413,3.995024711,1.049369409,0.4928685608,36.71808007,4.983978521,13.17124514,6.066367068,21.4210879,13.17124514,19.93591408,0.0,21.95893118,19.93591408,6.176298517,6.9237372,13.17124514,15.91054863,22.67357176,1.792035689,0.0,1.332445565,54.46,0.7413151927,0.5721017574,0.05052380952,31.96666154,30.5186832,-6.198717848,-0.5802035465,-0.309865363,0.155164361,0.1592967637,2275.114305,2.09,0.00251,-6.27,0.7745710494,12.59819209,4.23,8.007385665,29.94707338,0.220916163,-0.7647801471,1.146647077,16.26500318,0.0,44.9421054,0.0,0.1281224164,0.3319273053,12.00070302,9.398776366,0.4227716594,1.252371917,5.693927995,-0.5376671012,0.08130081301,0.0,0.000197,2.504538822,-4.547725143,0.8460129999,0.5414459707,4.551525559,6.76,0.02999472709,0.4746402992,1.326566725,0.5275755222,0.9804775494,4.01e-05,0.7079843543,0.02900326797,0.0,4.62745098,0.9861111111,2.242244268,0.0,0.7536953859,0.1296990741,0.9487292914,1.137571157,1.711001131,0.6770833333,0.9544187786,1.506944444,-4.547725143,0.989342054,4.397443284,1.189472042,-2.505187332,0.0,0.2690932855,1.148760331,0.0,-5.16,0.7269533219,129.3440884
4.874762888,3.428571429,2.784425451,2.87962963,146.2217091,150.9941239,157.9963401,158.5402442,159.9072869,55.5171088,-23.45905421,9.852748943,-7.83160323,47.91974111,0.03965672389,-0.08469110507,-0.0283177358,1.161434476,1.029803856,0.9587730547,0.4816028966,1.128865679,1.08711971,1.017586478,1.112031134,1.008931429,0.6668742217,1.167654302,1.138392857,0.565111774,0.7913171568,1.048155457,0.6112380475,0.8091796514,0.9053723345,1.04259701,0.945187391,0.956465875,1.182217953,1.209208366,0.9438083753,1.101271972,1.132323358,0.9473387046,1.040676543,0.1627685423,0.07234939331,0.7702072531,0.06541342195,0.0,0.6848636974,0.0,0.0,0.0,0.0,0.0,0.0,0.0,2.004272784,0.478125,0.015625,0.021875,0.7588235294,0.02867647059,3.518533745,2.153891597,0.9798856559,32.01951086,10.30076712,5.261891555,12.13273414,46.29261463,0.0,24.9198926,0.0,28.71445679,24.9198926,6.544756406,18.25485007,5.687386275,50.88435568,0.0,2.468875052,0.0,1.643342141,103.17,0.5731972789,0.6198625283,0.045,26.81160078,31.05677271,-3.032394041,-1.691975118,-0.296404184,0.4181105421,-0.3103246066,2240.776417,0.92,0.00688,-5.11,0.9226697334,10.97782196,3.27,6.027276849,24.52642128,0.1777019754,-0.8763399578,0.3027705096,12.1082079,155.2320953,61.93821204,5.316788604,-0.03093827759,0.09622504486,0.0,10.96278745,0.4358612357,1.14199157,0.0,-0.4663149517,0.06222222222,15.2298486,0.00323,2.475172228,3.373206466,0.8185466689,0.4072065488,4.692539686,5.01,0.04137398402,0.01180930105,6.696477861,0.5218755253,1.366543255,2.75e-08,0.2749716524,0.01860493827,3.350822729,4.81981982,0.8372222222,12.32284826,0.0,0.9582596494,0.224066358,1.171623414,1.022769345,1.651047524,0.6640625,0.950084712,1.409722222,0.0,0.9113365077,4.54099306,0.9799381485,-2.137897468,0.0,0.2559760015,-5.542099193,14.95193556,-4.78,0.8988473444,89.97702037
4.99633447,3.066666667,2.466666667,2.283702409,145.045857,151.7808163,154.5847109,162.0658088,153.7869852,91.43252595,-111.1868512,18.88696655,-25.21607074,52.22564214,-0.09577186839,-0.004723994585,-0.001318857314,0.8204296587,0.923798806,0.9197600469,0.4745684031,1.043212565,1.08311348,1.36831172,1.206264518,1.110483351,0.7604015041,1.435418941,1.159934498,0.5303073254,0.8992749702,0.7568720209,0.7937709652,0.9811979846,0.847892995,0.8060504642,1.15128987,1.17929948,1.151053834,1.150658022,1.213894295,0.9923983499,0.9381128886,1.083114681,0.9984535941,0.2926393097,0.168850319,1.762182231,0.4665289338,0.1020620726,0.7105510391,0.0,0.0,0.0,0.0,0.0,0.0,0.0,2.055152759,0.4820512821,0.01923076923,0.01794871795,0.7580246914,0.01761633428,3.303997161,2.368428181,1.346490872,28.37327328,5.106527395,5.098681808,45.89405,11.38785599,5.106527395,14.76446326,5.414990469,28.26427081,19.87099066,12.96557803,5.414990469,0.0,41.174265,5.693927995,9.890925645,0.0,1.737281155,50.94,0.8785034014,0.6823270975,0.04949864499,124.1941533,18.79239773,-3.597444181,-1.302169865,-0.04458693,0.1663626326,0.09362744359,1856.890625,3.06,0.0027,-5.28,0.5910354761,11.88922829,4.49,6.002808455,12.13273414,0.2557206477,-0.4617004254,-0.0105729946,5.917906046,109.4618485,47.56896452,0.0,-0.007912541732,0.1466088019,0.0,10.00980201,0.4276901838,1.17816204,11.1645023,-0.3888343976,0.08080808081,10.08266033,0.00182,2.598156685,0.9021649974,1.204624947,0.3864881476,4.32593447,4.64,0.0382503588,0.1412534912,6.67822517,0.4974729971,0.8938947741,3.47e-05,0.7194749337,0.03118863049,0.0,1.335664336,1.341111111,14.67705254,9.704155719,1.199751581,0.1625,0.8770760026,1.363162691,0.0,0.6153846154,1.081585703,2.833333333,0.1718530722,0.9876256621,4.12572346,1.191458704,-2.505387615,0.0,0.4167375283,-23.07420223,9.665781456,-5.11,1.03386409,76.56192824
4.83287049,3.280898876,2.793103448,2.854642314,149.6517217,156.7887235,165.1300249,161.1284905,163.1065269,74.27852893,75.41319632,11.26608978,1.135208221,47.50931806,-0.1940148838,-0.08331887009,0.08640454012,1.31642711,1.322431658,1.016702807,0.3869798971,1.039052346,1.026194743,1.266190829,0.9712334693,0.7252172632,0.6450498108,1.044650369,1.297543257,0.6101764648,0.9604706502,0.9095742073,1.485893777,0.9001993602,0.853075442,1.036944541,1.049558482,1.070124523,1.170095256,1.250283439,0.8916500422,1.005423611,1.067359088,0.9758674735,0.8242227403,0.1832797149,0.08637282833,0.6617085363,0.05720369498,0.0,0.6959864369,0.0,0.0,0.0,0.0,0.0,0.0,0.0,1.907275554,0.4686813187,0.03846153846,0.03131868132,0.8153439153,0.01982091982,3.743368755,1.682895999,0.7237073367,28.33828488,5.316788604,5.098681808,0.0,17.57815784,4.390415048,24.73242031,0.0,11.38785599,24.73242031,6.544756406,12.74095804,15.7651876,34.64685839,6.066367068,4.618875901,0.0,1.51914289,68.52,0.5111564626,0.2803996599,0.04253753754,32.21497008,24.2729562,-2.989518449,-1.516796498,-0.1333143151,0.3854469559,-0.08393550899,1305.357101,1.75,0.0436,-3.57,1.293819527,9.459684713,2.49,8.001918363,24.52642128,0.1945731233,-0.6684345354,0.4360415251,5.693927995,110.6400287,42.01617639,5.316788604,0.004426315336,0.09622504486,5.817220841,8.191064404,0.4357021238,0.9125681387,5.693927995,-0.2762177186,0.06504065041,0.0,0.0929,2.443201241,5.268762442,0.7481433953,0.4258044778,4.702557418,3.34,0.04011416919,0.03847484423,2.660557313,0.4378351831,0.9172158337,1.17e-05,0.3003491901,0.01696825397,3.322508031,4.917808219,0.5938888889,7.859829873,0.0,1.174096895,0.190316358,1.055619903,0.9494395786,1.601942802,0.6730769231,0.8307645357,1.944444444,0.0,0.9877794409,4.367114941,1.077214438,-2.30354523,0.0,0.1937515747,5.498107085,14.64975998,-3.9,1.018430953,95.28350552
4.808350992,3.307692308,2.595588235,2.598870056,144.7629259,147.7589175,153.50475,153.9041889,157.9388272,26.51862673,-0.1607012418,6.734842951,-1.685902118,49.22976446,-0.1005165051,0.09118856424,0.07486897859,1.233316744,0.8490926167,0.9127689359,0.563096817,1.017292389,1.040318302,1.090552143,0.9179279139,1.025513645,0.5911242604,1.079036348,1.086253983,1.03106203,0.8978491903,0.9035789474,1.115573061,0.7846235028,0.9533476093,0.9340563371,1.007845284,1.090007646,0.97878136,1.152129437,0.975662232,1.155467498,1.053043714,0.9989757454,1.077909055,0.1934537568,0.1287815026,0.4238365946,0.0761440227,0.0,0.6732572563,0.0,0.0,0.0,0.0,0.0,0.0,0.0,2.076018519,0.4826086957,0.0,0.01739130435,0.75,0.01956521739,2.774861885,2.434591481,1.11403462,30.60576651,0.0,5.098681808,36.39820241,11.38785599,0.0,20.16532066,0.0,33.77213846,20.16532066,0.0,0.0,0.0,33.77213846,0.0,0.0,0.0,1.735372024,54.46,0.2586394558,0.1962159864,0.02134680135,53.96419523,20.9493021,-2.789726047,-1.178525788,-0.09450641028,0.3661234005,-0.2843668516,1329.437404,1.91,0.0207,-3.87,1.04784796,8.186775266,3.06,3.059383016,6.196843572,0.173765201,-0.804014489,0.5466778154,0.0,206.9879328,54.19787113,0.0,0.03095057355,0.1178511302,0.0,6.238979992,0.4390698553,0.9707187609,0.0,-0.201462112,0.06349206349,0.0,0.0402,2.432686195,5.496754903,0.4458099749,0.3868630272,4.095418745,4.49,0.04662744542,-0.1683114035,5.80803162,0.7666155023,0.7899584684,2.78e-06,0.2749716524,0.01715277778,0.0,3.762711864,0.5488888889,7.301463057,0.0,1.156957764,0.01530864198,1.035504688,1.050023357,0.0,0.6304347826,0.9475839162,0.9305555556,0.0,1.734370982,4.219974074,0.9136801667,-1.581474017,0.0,0.1033163265,-1.674214755,15.06663885,-4.16,0.8366252378,62.6425527
4.814805348,3.534883721,3.873677249,3.404320988,144.7227279,147.4050701,155.2240072,159.9378992,154.4561001,25.69303986,26.10826889,6.431290898,-7.850684117,46.23770573,0.0584850184,0.08927022399,-0.03699110817,0.7177619018,0.7433106859,0.8252219138,0.495530168,1.036737698,1.161312321,0.9090909091,0.8598944628,0.8661781211,0.7253674469,1.150452718,1.094322982,0.4825250131,0.8028411052,0.9775436168,0.41702611,0.7567441633,0.9711726078,0.7845234312,0.9408536473,1.074461045,0.9275797067,1.073783433,1.104481501,1.004902277,0.7977153753,0.8818053521,0.9201523475,0.2140199639,0.1501865618,0.5974907466,0.08259517058,0.0,0.6963983015,-0.9841012049,0.0,11.04215076,0.0,0.0,0.0,0.0,1.873950546,0.4686067019,0.01851851852,0.03139329806,0.805090312,0.03741409718,3.166620655,2.190931349,1.160085922,33.70273077,10.09050592,0.0,18.19910121,22.64523548,14.29147963,14.95193556,0.0,34.03309147,26.02776825,0.0,5.817220841,4.390415048,11.12690298,24.26546827,0.0,0.0,1.639376376,78.87,0.4570521542,0.2795493197,0.03757834758,133.7769021,25.04206361,-3.050304278,-1.346285933,-0.239957759,0.343601045,-0.205236377,1771.427832,2.78,0.00673,-4.98,1.101515312,9.368671115,3.64,8.001919869,30.46231185,0.1724630199,-0.8254628467,0.4693229621,22.90618848,66.69252927,58.69473548,0.0,-0.02684739149,0.09622504486,5.969305288,9.929263588,0.4371397847,0.9450147324,11.38067233,-0.6239579034,0.07936507937,5.106527395,0.00372,2.475845804,1.686450546,0.618523771,0.4569549231,4.197466082,4.86,0.04762050354,0.1207386695,4.008887721,0.6579038321,1.110967569,3.42e-06,0.441638319,0.0316374269,0.0,4.622222222,1.202222222,9.051918136,9.051918136,1.007026489,0.275,1.157561527,1.27744511,0.0,0.6388888889,1.013044839,1.409722222,0.0,0.9729411994,4.356319718,0.8518174705,-1.703532967,0.0,0.3567806752,0.9387269482,4.983978521,-4.73,0.8237346407,88.14717408
4.773957061,3.465517241,2.506858711,2.574133074,142.568784,147.0264186,150.228361,156.1724908,159.8089967,37.25823401,-42.15075398,6.387543253,-10.49134948,51.19414657,-0.1232475129,-0.06048862328,-0.3969541693,1.054521134,0.9514008569,0.7659585896,0.5496909568,0.9484975008,0.9355006689,1.28728987,1.498679609,1.328864352,0.702740662,1.076825843,1.046033514,0.9764116598,1.01926616,1.03888694,1.590509625,0.7324090131,0.7950806361,0.8949825732,1.429588173,1.141796019,0.9601897125,1.168403169,1.072127304,1.140327832,1.156503074,0.9274549705,0.7764336092,0.1752600273,0.1713114299,0.9040054457,0.09878289721,0.0,0.6865492513,0.0,0.0,0.0,0.0,0.0,1.592402954,0.0,2.137281307,0.5112554113,0.02272727273,0.0,0.7978354978,0.0,3.343809532,1.743653309,0.9045555148,29.43827486,0.0,5.098681808,58.8330126,11.89077157,0.0,14.59805822,0.0,21.82845468,14.59805822,0.0,6.9237372,0.0,31.81196091,5.563451492,2.084179544,0.0,1.613859381,30.19,0.3788208617,0.3411635488,0.04555555556,98.50396462,23.86903746,-4.431175036,-0.4233779371,-0.2706113907,0.3611107697,-0.1605658084,390.8279117,4.07,0.000727,-6.13,2.954367841,10.58350648,5.16,3.041833764,11.33678588,0.2037017029,-0.5265479465,0.8303601679,0.0,47.98829394,46.32130412,0.0,-0.01728415141,0.1924500897,0.0,5.441913594,0.4274669274,1.575842697,0.0,-0.488799853,0.06790123457,11.60093989,0.00024,2.484122564,1.952746599,0.8305212772,0.4122324112,4.182907326,5.2,0.02917224147,-0.05953143414,6.013552677,0.9331611463,1.04231801,3.3e-05,0.25,0.02557777778,0.0,4.013142174,0.6394444444,6.341345123,0.0,1.14164185,0.075625,0.8913297716,0.9887640449,0.8902371504,0.6363636364,1.054791395,1.263888889,0.0,0.992941462,4.013894017,1.116485791,-1.643668159,0.0,0.1068279164,-4.269896194,0.0,-5.65,0.7157838421,57.46355333
4.84886367,3.345132743,2.631858711,2.624958292,145.9770422,152.953981,152.6842497,157.4450447,164.3073057,79.47213322,-37.51675171,13.71306515,-8.124599502,51.38666017,-0.009400924818,0.204855339,-0.001069349544,1.005233256,1.119522259,1.156194186,0.4977187343,1.033742759,1.029176312,0.8970563132,0.9653634742,1.080027722,0.663694868,1.126869159,0.9829832107,0.786586176,1.13598634,0.9583783785,1.173372775,0.8593066484,0.7802333168,1.32374746,0.8180613897,1.260601618,1.160368181,1.018835717,1.129072193,1.079834249,1.329678525,1.146837014,1.020986166,0.1655533624,0.1023502624,1.189562466,0.1146045727,0.0,0.6894086529,1.035422336,0.0,0.0,0.0,0.0,1.628356245,0.0,2.204546418,0.4913978495,0.01612903226,0.008602150538,0.7708333333,0.01518817204,3.623435714,2.104484741,1.194041746,33.67938053,5.316788604,5.425791397,52.80517724,10.57107519,0.0,20.40266096,4.992404733,11.38785599,21.31540493,6.544756406,26.93698721,5.13155848,45.37412621,16.69035448,6.966363136,0.0,1.606975805,67.51,0.696462585,0.5130385488,0.04419753086,24.93919058,26.14319643,-4.681897176,-1.321207125,-0.3160646832,0.214884952,0.2585630642,2128.759623,3.25,0.00148,-6.04,2.321004464,14.49845539,4.6,3.057287622,22.68423376,0.230348496,-0.4995508358,0.599047575,0.0,75.24385643,54.28537547,10.74258,-0.1594911905,0.2140761751,0.0,10.56715887,0.4299099009,1.140284268,0.0,-0.5419792055,0.05777777778,9.967957042,0.00039,2.47919456,8.396827198,0.933003347,0.3976791978,4.533878709,4.87,0.03886599411,0.1576279103,8.399365137,1.182748475,1.047684235,1.76e-05,0.2749716524,0.01551033592,3.50734127,4.189189189,0.6669444444,6.157015977,0.0,0.9290481486,0.324691358,0.93215462,0.7919241785,0.0,0.6532258065,1.083463147,2.166666667,0.0,0.9929188504,4.548122311,0.7366005658,-3.134870622,0.0,0.3023904006,-5.934140263,4.983978521,-5.46,0.8784713593,92.45590102
4.903407469,3.638554217,2.775983348,2.513594118,143.9205754,148.497033,155.7072841,157.6903983,156.1471078,47.5648778,-49.07432603,8.611111111,-11.11111111,49.36971113,-0.3256048181,0.007166955336,-0.2231714005,0.928830155,1.359112878,0.8892957006,0.4925806497,1.046212291,1.096330246,1.262825586,1.087030257,1.06378838,0.6357555488,1.046116046,1.09849187,0.806176138,1.059650804,1.134986036,1.36756626,0.7586816813,0.8736319481,0.9087220074,0.7062011674,0.9363242298,1.097914098,1.162316982,1.069299139,1.153244123,1.001694662,0.9636005185,0.945521376,0.1884334693,0.1109721935,0.7609291239,0.09332482137,0.0,0.6747025075,0.6099706843,0.0,0.0,0.0,0.0,1.623420283,0.0,2.091736636,0.4938271605,0.01851851852,0.006172839506,0.7666666667,0.01728395062,3.421298286,1.971019137,1.017358475,31.3110809,5.316788604,0.0,24.26546827,21.41454618,0.0,15.28474565,4.992404733,0.0,15.80357683,0.0,13.08951281,11.37477255,44.70847628,0.0,1.966259719,0.0,1.645994822,64.27,0.4734240363,0.3871527778,0.03834795322,20.66219208,30.25372769,-4.349804826,-1.364894195,-0.2638964467,0.3145197949,-0.1177401881,2341.143937,2.83,0.00211,-5.7,2.794753505,11.61886608,4.34,3.047072057,11.33678588,0.2025354087,-0.8223163369,0.138844502,5.835619786,66.63042348,55.09535554,10.63357721,0.006300442801,0.1178511302,0.0,10.06710329,0.4277146074,1.21019678,0.0,-0.5891619341,0.06060606061,10.30919334,0.000735,2.454495545,0.7664550265,0.6987113084,0.399156171,4.374958948,4.99,0.0388062987,0.110670484,4.528111362,0.05808531778,1.347698773,1.4e-06,0.3027494302,0.01999249249,3.453622921,3.797752809,0.7397222222,8.162595112,0.0,1.096651031,0.145,1.008446572,1.08041958,2.140445697,0.6666666667,0.923714991,1.506944444,0.0,0.9938439006,4.663924,0.8234913383,-2.538157549,0.0,0.2683216805,-5.361111111,0.0,-5.24,0.7883063094,75.58452023
4.91143227,3.472727273,3.905328798,3.804257529,147.1889596,150.5716193,153.3000036,156.5291915,157.0717226,39.74102079,-35.96030246,10.59924386,-11.68809074,45.48331132,-0.0008832956259,0.005339956495,0.08903173059,1.060415245,0.7549113867,0.922099812,0.4916131253,1.000354625,1.047029998,0.9582893529,0.9766345731,1.03765017,0.6291793313,1.077760892,1.029566179,0.5904261633,0.8753185132,1.101000288,1.008770503,0.7707667714,0.8555152636,0.8821284576,0.8639818236,1.070424328,1.035286165,1.106167404,1.142212589,1.19186736,0.9991903616,0.9850828399,0.9372538201,0.1536183472,0.09459016054,0.7090739295,0.1275821809,0.0,0.6888187153,-0.5318461614,5.31165637,24.77564615,10.84841365,0.0,0.0,0.0,1.850266211,0.4644444444,0.01666666667,0.03555555556,0.8050505051,0.05050505051,3.506544483,2.017017473,0.9830278467,33.15744284,15.20739338,0.0,12.13273414,22.63869376,14.26826309,14.76446326,5.733667477,39.70116891,27.4645853,0.0,0.0,0.0,0.0,4.681802935,0.1482791863,0.0,1.557441303,112.23,0.6815419501,0.454010771,0.04024305556,166.0474505,28.59171415,-3.363356727,-1.700926633,-0.4891252624,0.2840054021,-0.4165042679,2079.53101,1.9,0.0292,-4.4,0.772671476,10.08164077,2.4,7.009368062,48.66141305,0.1892962121,-0.5859350755,0.2144410978,45.26462041,84.91322996,58.83161689,20.76666028,-0.02103615339,0.1964185503,5.907179729,12.22251921,0.4298292218,1.051307301,12.3522092,-0.5028388231,0.07709750567,15.20739338,0.016,2.527971322,1.662766211,0.8637232909,0.4932684476,4.540534109,3.13,0.05667713588,0.04521201485,4.45351509,0.6044112097,1.005826395,6.96e-05,0.6297166902,0.02926713948,0.0,5.112149533,1.375555556,3.150966553,0.0,1.002873503,0.2493904321,1.171420572,1.203305471,0.0,0.6666666667,1.001937847,2.361111111,0.0,0.9727749764,4.57122191,0.8816130274,-2.743377351,0.0,0.3595600277,-3.198487713,19.6717347,-4.14,0.8979102989,74.48233525
4.88992845,3.753846154,2.794797178,2.942307692,144.1027622,150.3402747,157.2832898,158.2228931,154.7643358,38.23385369,35.15559637,6.644628099,-3.049586777,50.02006968,-0.02647993937,0.0763616943,-0.01540645135,1.176492564,1.021465435,0.3819553817,0.449132869,1.051293869,1.258961491,1.02689219,0.8366360391,0.9559527936,0.6111111111,0.9166666667,1.379881657,0.5735961645,0.9090066247,0.9275138058,0.6093650198,0.7963795128,0.9313135829,0.8808674439,1.207712225,1.335756738,0.9994501054,1.080802063,0.9801829355,0.8785771904,0.8789046908,0.999384296,1.171450206,0.2313117594,0.1229123691,0.5242119621,0.1086331621,0.0,0.6778019067,0.0,0.0,0.0,0.0,1.745355463,0.0,0.0,1.954116119,0.49138322,0.02380952381,0.008616780045,0.8229024943,0.0,3.3579855,1.68640862,0.7167116501,26.16116463,4.567099648,0.0,17.82825202,11.38785599,4.390415048,14.53505669,0.0,22.64523548,20.2879103,6.544756406,5.817220841,4.390415048,40.09928197,12.13273414,0.9231580688,0.0,1.606288741,30.71,0.2719274376,0.2777777778,0.04094444444,4.069284137,19.98217491,-3.695747383,-0.7633718554,0.00284819115,0.07937513201,0.00896802514,1654.378846,2.52,0.0287,-3.8,1.299210903,10.17263145,2.96,8.001917412,30.09146266,0.2212396907,-0.5107583867,0.6281940293,0.0,61.1186759,43.05559735,0.0,-0.00534325091,0.1964185503,0.0,5.999228805,0.4302708267,0.8340659341,5.817220841,-0.5059813562,0.06535947712,4.983978521,0.0472,2.527110816,1.765255391,0.7658042757,0.3890573599,4.327682469,3.93,0.03650301969,0.03326057847,4.485542695,0.9292439811,1.269032938,0.000295,0.2823601614,0.01868923611,0.0,2.358974359,0.5980555556,1.009238946,0.0,1.106482211,0.03,0.8941116944,1.089567966,0.0,0.6666666667,0.9112822036,1.381944444,0.0,0.9938455052,3.91853569,0.8382195621,-1.509312248,0.0,0.1128826531,5.809917355,4.983978521,-4.02,0.8133352937,80.14396752
4.821864782,3.0234375,2.528490028,2.638383838,146.3467283,151.2254929,157.186806,159.0318735,156.633458,50.20297521,43.61818182,8.479338843,1.247933884,49.47834402,-0.07109127655,0.0355086687,0.144729708,1.098436452,1.016168077,0.7786952573,0.5436466395,1.043135494,1.043135494,0.9738463563,0.777126301,0.8916458408,0.7281739687,1.186132075,0.9923349057,0.7414861039,1.053732652,1.393481191,0.8417966211,0.8795727074,0.9889053603,0.8184946154,1.048252812,1.146973605,1.131669773,1.171715426,1.015878179,1.08278471,0.8995710157,1.089856057,1.026381936,0.1606741544,0.09569664158,0.7104330604,0.1056068053,0.0,0.6797656753,0.0585009185,0.0,12.45432442,5.337351856,0.0,0.0,0.0,2.034631883,0.4739583333,0.015625,0.02604166667,0.7803921569,0.0300245098,3.693485395,2.087874319,0.8823513639,29.45497848,10.05365156,5.098681808,18.19910121,11.38785599,9.531400138,20.16532066,5.917906046,33.77213846,39.28626432,9.531400138,5.917906046,5.687386275,52.30116798,0.0,1.301084642,0.0,1.646727263,92.79,0.3786394558,0.3785076531,0.02737588652,142.3191854,29.60938638,-4.556060394,-1.438365411,-0.2568511041,0.2918328058,-0.2183428283,1432.418675,1.37,0.0256,-4.15,2.293586046,12.36888149,2.55,7.008272348,12.39368714,0.217645122,-0.6938780234,0.2605033853,13.21376393,53.07428714,54.13743559,5.316788604,-0.06474408519,0.1178511302,0.0,8.743347478,0.4382219329,0.8381712627,11.82508578,-0.36152442,0.06802721088,4.736862954,0.0304,2.435599228,6.969418274,0.5528480624,0.3929855071,4.89900835,4.56,0.04527652236,-0.02277752119,6.1806437,0.5123395002,1.082661951,6.16e-07,0.3928227826,0.02023550725,3.015461684,3.863636364,0.9308333333,10.35111242,0.0,1.102790438,0.120933642,1.052813666,1.028941477,0.0,0.6484375,0.9691437068,1.430555556,0.0,0.9780399745,4.524425116,0.9611489959,-2.291723058,0.0,0.2832105064,2.727272727,19.86117603,-4.22,0.9756337589,88.54965866
