pIC50,AATS1i,AATS2i,AATS3i,AATS4i,AATS5d,AATS6i,AATS7s,AATS8s,AATSC0v,AETA_alpha,AETA_beta_ns_d,AMID_C,ATSC1d,ATSC1dv,ATSC7d,ATSC8dv,AXp-0d,Ali_Log_S,CIC1,CIC2,ESOL_Solubility_(mg/ml),EState_VSA4,EState_VSA5,ETA_dAlpha_B,ETA_dEpsilon_D,ETA_epsilon_5,GATS1d,GATS1dv,GATS1i,GATS1v,GATS2c,GATS2d,GATS2i,GATS2v,GATS3c,GATS3dv,GATS3i,GATS3s,GATS4dv,GATS4i,GATS4s,GATS5d,GATS5i,GATS5p,GATS6dv,GATS6p,GATS6s,GATS7dv,GATS7i,GATS7p,GATS8c,GATS8dv,GATS8i,GGI6,GGI7,IC1,JGI4,MATS6s,MATS8s,MAXaaCH,MLOGP,MOMI-Z,Mor03m,Mor13m,Mor26m,Mor30m,Mor31m,PEOE_VSA1,PEOE_VSA4,PEOE_VSA6,PEOE_VSA9,RNCG,RNCS,SMR_VSA1,SMR_VSA3,SMR_VSA4,SMR_VSA9,SaaS,SdO,SddssS,SdssC,SlogP_VSA10,SlogP_VSA3,SlogP_VSA4,SpDiam_A,SsNH2,SssS,VSA_EState8,VSA_EState9,Xc-3dv,Xc-5dv,Xc-6dv,ZMIC2
7.886056648,145.560325,150.7520497,156.5390026,155.8494569,3.446428571,157.8136342,2.713833492,2.589976983,50.40263578,0.4916666667,0.015625,1.63637924,9.136094675,56.75805391,-6.461538462,0.8027613412,0.6848636974,-5.59,2.225408552,1.169396833,0.00305,44.92947468,0.0,0.008333333333,0.01464646465,0.7686868687,0.7010103383,0.5338529013,1.106744432,0.8105966151,1.307613246,1.131203008,1.255474299,0.8869107625,1.182502241,1.102882377,0.9948518972,1.21797018,1.046089306,1.041741393,0.9211550059,1.113827538,1.142098622,1.108727882,1.07260214,0.9473605507,1.058993957,1.033053036,0.9807791387,0.9889785624,1.179218062,0.9775824878,1.024371889,0.7413151927,0.474029195,3.475031166,0.0381678487,-0.03525356625,-0.0421398553,2.03988502,2.13,3201.186331,-3.436424346,-1.251029408,-0.348939037,0.5026020939,-0.3174309568,5.316788604,5.098681808,42.54970879,23.27208584,0.1626234389,21.57365644,0.0,24.73242031,0.0,22.51475897,0.0,0.0,0.0,0.6790551438,5.687386275,6.544756406,6.9237372,4.876664293,0.0,0.0,2.431664893,0.0,0.915641771,0.07129411522,0.0,36.57587505
6.189767482,143.9205754,148.497033,155.7072841,157.6903983,3.638554217,156.1471078,2.775983348,2.513594118,49.36971113,0.4938271605,0.01851851852,1.645994822,8.611111111,47.5648778,-11.11111111,-49.07432603,0.6747025075,-5.7,1.971019137,1.017358475,0.00211,44.70847628,0.0,0.006172839506,0.01728395062,0.7666666667,0.6357555488,0.4925806497,1.097914098,0.7586816813,0.928830155,1.046116046,1.162316982,0.8736319481,1.359112878,1.046212291,1.069299139,1.059650804,1.096330246,1.153244123,1.134986036,1.09849187,1.001694662,0.9087220074,1.262825586,0.7062011674,1.36756626,1.087030257,0.9636005185,0.9363242298,0.8892957006,1.06378838,0.945521376,0.4734240363,0.3871527778,3.421298286,0.03834795322,-0.3256048181,-0.2231714005,2.091736636,2.83,2341.143937,-4.349804826,-1.364894195,-0.2638964467,0.3145197949,-0.1177401881,5.316788604,0.0,24.26546827,21.41454618,0.1884334693,20.66219208,0.0,15.28474565,4.992404733,0.0,1.623420283,0.0,0.0,0.6099706843,11.37477255,0.0,13.08951281,4.903407469,0.0,0.0,1.966259719,0.0,0.7609291239,0.09332482137,0.0,31.3110809
8.236572006,147.4612651,157.7221058,159.9476082,159.1225334,4.1,162.9607215,5.453186535,4.534979424,43.86052541,0.4843253968,0.0,1.332445565,3.752066116,40.2265075,-11.12396694,-81.96755433,0.7040406978,-6.27,1.049369409,0.4928685608,0.00251,15.91054863,22.67357176,0.01567460317,0.02512698413,0.903047619,0.9346405229,0.3964611406,0.8505278771,0.7117645346,1.066337923,0.9322033898,0.7492637709,0.7793836392,0.6916775797,0.7824128347,0.5185500431,0.4570906609,0.8466251836,0.9734528773,0.8341697233,1.175490196,0.9434064182,0.9520079746,1.087901579,1.339381988,1.049784255,1.329232471,1.424684863,0.9366503436,0.8996855229,1.56203012,1.45619129,0.7413151927,0.5721017574,3.995024711,0.05052380952,-0.02532760127,-0.337053202,1.810150227,2.09,2275.114305,-6.198717848,-0.5802035465,-0.309865363,0.155164361,0.1592967637,4.983978521,13.17124514,6.066367068,21.4210879,0.1746651557,31.96666154,13.17124514,19.93591408,0.0,21.95893118,2.703659126,0.0,0.0,0.0,13.17124514,6.176298517,6.9237372,4.853464981,0.0,0.0,1.792035689,0.0,0.8991335537,0.1350287976,0.003018408053,36.71808007
7.318758763,144.0134583,150.126197,156.8461685,153.5723163,3.865979381,156.7137158,2.356688122,2.087254445,51.04803271,0.4928571429,0.01923076923,1.710001269,12.73336939,67.91639792,-20.64196863,-38.35570779,0.679730678,-4.76,1.882225511,0.7536365571,0.00255,47.37110857,16.82083098,0.007142857143,0.0,0.7879120879,0.5602350279,0.4318447912,1.098254068,0.8150876153,1.314057055,0.9656629185,1.20195393,0.8248936248,1.162451852,1.122979597,0.9005178782,1.07024599,1.142759713,1.026477864,1.104286557,1.277430991,1.254770926,0.9894774431,1.240392507,0.9625365914,1.264429857,1.226162045,1.006670644,1.045596152,0.7989429637,1.006643446,0.9886050964,0.6131972789,0.4288548753,3.544039244,0.04044973545,-0.1398244797,-0.1514373106,2.125990226,3.15,2177.837598,-2.909144122,-1.147689069,-0.4462850492,0.3119019792,-0.02368572528,0.0,5.098681808,29.8000411,21.92719002,0.1910926599,9.627587987,0.0,19.74844179,0.0,22.51475897,0.0,0.0,0.0,0.0,0.0,12.96557803,6.9237372,5.000147947,0.0,0.0,2.883960967,0.0,0.8170731478,0.2038753515,0.0,27.68479521
7.522878745,147.0512604,153.298533,156.1439246,155.2239887,3.094827586,159.1124828,2.709876543,2.687134503,48.51601673,0.4752688172,0.01612903226,1.62492247,7.98615917,42.68319877,-3.813148789,-22.8769704,0.6736212297,-4.12,2.169459979,0.7946926473,0.0199,46.0664067,0.0,0.0247311828,0.0156922043,0.7864583333,0.6499575191,0.5717269661,1.228519539,0.8670340307,1.411693982,1.171505828,1.067066962,0.8997839579,0.9917209535,1.142848717,0.9167204453,1.065979522,1.003537061,1.137439012,0.9966995856,0.9330688044,0.9905744916,0.9596107075,0.9344976561,0.9400515136,0.8165135332,0.9230159947,1.028564315,1.081529766,0.8696566776,1.032606284,1.097846121,0.4251247166,0.2830569728,3.502965363,0.02094315245,0.08922032047,-0.0753821893,2.061706428,1.06,1149.515575,-3.466205219,-1.430672584,-0.1871286353,0.5062090867,-0.2306665933,9.303962602,5.098681808,6.066367068,24.25993247,0.2060016448,58.60524924,4.736862954,29.71639883,0.0,39.52165029,0.0,0.0,0.0,0.0,0.0,6.544756406,0.0,4.818141123,0.0,0.0,1.342149728,0.0,0.5972872317,0.0761440227,0.0,29.22376832
7.408935393,150.1287662,155.577371,160.8336168,160.1316994,3.292682927,162.70947,2.714285714,2.789990421,47.59726111,0.4707070707,0.0303030303,1.520040716,11.33190083,75.49586777,-7.836033058,-30.43801653,0.6904812668,-3.54,2.01541337,0.9461654549,0.0997,51.71376917,13.26227256,0.02929292929,0.04335016835,0.7768518519,0.7054229688,0.4701755915,1.310822657,0.871503092,0.9914120486,1.158493597,1.247799371,0.9051268693,1.168480885,1.19744908,0.9763069501,1.302360769,0.9728418609,1.060873201,0.6744874859,1.076028109,1.137021822,1.105722788,0.9851563148,0.9531900847,0.8858995568,1.02001469,0.919064009,0.8993950898,0.8860151522,0.9872794965,1.021017094,0.6931972789,0.6067885488,3.765946344,0.04250591017,-0.06916580264,-0.01353165484,1.98359253,1.49,2114.754709,-3.795521347,-1.560207532,-0.2816104061,0.3924517219,-0.1512194368,15.61755573,5.425791397,12.14238718,23.62654039,0.134539768,33.07316149,4.794537184,25.38663948,4.992404733,11.38785599,0.0,11.20180083,0.0,0.8135728293,11.37477255,11.33929359,13.08951281,4.84862861,0.0,0.0,3.944364098,0.0,0.8586399347,0.06365387513,0.0,30.46303494
8.0,148.1175792,151.9245659,158.2982398,158.696275,3.341463415,161.1531869,2.80839895,3.054613936,47.983974,0.4737373737,0.01515151515,1.598107469,11.32441701,58.86419753,-3.121056241,5.827160494,0.6904812668,-4.64,2.122284425,0.9624846009,0.0228,50.88435568,0.0,0.02626262626,0.05492765493,0.7531531532,0.688132401,0.4928064814,1.186259354,0.808654492,0.955881863,1.158783241,1.227336624,0.9098394126,0.9643030855,1.151037647,0.9725137957,0.9824538378,1.066814244,1.143224984,1.013548257,1.122177974,1.111315097,1.045308634,1.04828938,0.9447017455,0.9170307425,1.015392516,0.9664313761,0.9154061091,0.6810049159,0.9283487331,0.9440686449,0.6156462585,0.6198625283,3.632603077,0.0446875,-0.1184005841,0.1569820465,1.986135868,0.81,2131.473555,-4.334610185,-1.809740532,-0.1644850658,0.3809179098,-0.3172304735,16.0344346,0.0,18.19910121,34.65994183,0.1360091594,32.24398834,4.794537184,24.9198926,5.733667477,22.64523548,0.0,11.46922204,0.0,-0.4665311897,5.687386275,6.544756406,6.9237372,4.874959471,5.391845875,0.0,2.382704181,0.0,0.8291328182,0.08505527698,0.0,32.00740331
6.970616222,142.568784,147.0264186,150.228361,156.1724908,3.465517241,159.8089967,2.506858711,2.574133074,51.19414657,0.5112554113,0.02272727273,1.613859381,6.387543253,37.25823401,-10.49134948,-42.15075398,0.6865492513,-6.13,1.743653309,0.9045555148,0.000727,31.81196091,5.563451492,0.0,0.0,0.7978354978,0.702740662,0.5496909568,0.9601897125,0.7324090131,1.054521134,1.076825843,1.168403169,0.7950806361,0.9514008569,0.9484975008,1.072127304,1.01926616,0.9355006689,1.140327832,1.03888694,1.046033514,1.156503074,0.8949825732,1.28728987,1.429588173,1.590509625,1.498679609,0.9274549705,1.141796019,0.7659585896,1.328864352,0.7764336092,0.3788208617,0.3411635488,3.343809532,0.04555555556,-0.1232475129,-0.3969541693,2.137281307,4.07,390.8279117,-4.431175036,-0.4233779371,-0.2706113907,0.3611107697,-0.1605658084,0.0,5.098681808,58.8330126,11.89077157,0.1752600273,98.50396462,0.0,14.59805822,0.0,21.82845468,1.592402954,0.0,0.0,0.0,0.0,0.0,6.9237372,4.773957061,0.0,0.0,2.084179544,0.0,0.9040054457,0.09878289721,0.0,29.43827486
8.346787486,148.0204164,152.3036628,155.6241958,156.38011,3.673267327,158.8298829,3.069279636,3.01016703,46.40783287,0.4854166667,0.015625,1.505162424,9.277777778,57.61651235,-9.638888889,9.116898148,0.6899617195,-5.68,1.797995053,0.7767544274,0.00554,28.16193619,6.327320075,0.01458333333,0.0154040404,0.7929292929,0.6778846154,0.4601794321,1.094092438,0.7739194071,0.9978933536,1.125945643,1.163808843,0.8461781675,1.126749375,1.063892821,0.9937935412,0.7653077486,0.991449361,1.105641658,1.009087887,1.120078287,1.096946365,1.012838732,1.12475115,0.9224867734,1.002180955,1.016003688,1.013083517,1.293880102,0.8043402298,0.9313135294,0.9865388069,0.7772789116,0.6137329932,3.786967448,0.04255787037,-0.1418998546,0.1431020664,1.953568543,2.39,1979.218291,-4.59435954,-1.107443043,-0.335460334,0.4681407602,-0.3277556437,5.316788604,15.45925517,12.13273414,17.3266008,0.1536834849,33.40773965,0.0,29.36252149,0.0,28.58398029,0.0,0.0,0.0,0.3785173112,5.687386275,0.0,18.25485007,4.859112107,0.0,0.0,1.941264622,0.0,0.8818553705,0.1048899075,0.0,30.77061433
8.15490196,147.9609889,153.6858859,157.3723122,158.2847916,3.313559322,161.3962539,2.541629027,2.600173273,50.24069857,0.488172043,0.03225806452,1.551691863,12.75,75.74556213,-2.8125,-19.08481262,0.6841461785,-4.85,1.948806929,0.8084442311,0.0132,46.02638289,4.895483476,0.01182795699,0.0302378625,0.7686868687,0.6275510204,0.4858885136,1.202428832,0.8419519833,1.14525196,1.099378882,1.170031011,0.8883641275,1.104223281,1.134299115,0.9967102316,1.101451631,1.036806387,1.115373092,1.093347265,1.140435835,1.130021224,0.9966874993,0.9887735485,0.920388143,1.081734953,1.027397085,0.9392508828,0.818590741,1.038133593,1.009299348,1.026507014,0.614829932,0.5130385488,3.751632789,0.04176767677,-0.01507438131,0.08008636736,2.135101973,2.51,2480.208982,-4.27403285,-1.305590239,-0.005907292768,0.4375679667,-0.2402819089,10.30076712,5.425791397,18.20875424,23.62654039,0.1590730809,31.87239538,0.0,25.38663948,4.992404733,11.38785599,0.0,0.0,0.0,0.9473948809,5.687386275,6.544756406,13.08951281,4.848683342,0.0,1.723645122,2.559945921,0.0,0.877368674,0.06365387513,0.0,29.27400652
8.0,149.6517217,156.7887235,165.1300249,161.1284905,3.280898876,163.1065269,2.793103448,2.854642314,47.50931806,0.4686813187,0.03846153846,1.51914289,11.26608978,74.27852893,1.135208221,75.41319632,0.6959864369,-3.57,1.682895999,0.7237073367,0.0436,34.64685839,6.066367068,0.03131868132,0.01982091982,0.8153439153,0.6450498108,0.3869798971,1.170095256,0.9001993602,1.31642711,1.044650369,1.250283439,0.853075442,1.322431658,1.039052346,0.8916500422,0.9604706502,1.026194743,1.005423611,0.9095742073,1.297543257,1.067359088,1.036944541,1.266190829,1.049558482,1.485893777,0.9712334693,0.9758674735,1.070124523,1.016702807,0.7252172632,0.8242227403,0.5111564626,0.2803996599,3.743368755,0.04253753754,-0.1940148838,0.08640454012,1.907275554,1.75,1305.357101,-2.989518449,-1.516796498,-0.1333143151,0.3854469559,-0.08393550899,5.316788604,5.098681808,0.0,17.57815784,0.1832797149,32.21497008,4.390415048,24.73242031,0.0,11.38785599,0.0,0.0,0.0,0.0,15.7651876,6.544756406,12.74095804,4.83287049,0.0,0.0,4.618875901,0.0,0.6617085363,0.05720369498,0.0,28.33828488
8.22184875,144.7680142,150.4389202,156.0683138,155.6795945,3.161764706,154.9829748,2.650879297,2.412470024,50.43102803,0.4784313725,0.02941176471,1.711287884,12.16646849,71.95005945,-7.663495838,15.45422117,0.6861721141,-6.32,2.530535876,1.298003664,0.000357,39.7073943,0.0,0.02156862745,0.01406162465,0.7780952381,0.6694428793,0.5290962746,1.239575284,0.8862713143,1.279293738,1.218094978,1.250106768,0.9136421318,1.336051257,1.156406583,1.000537192,1.195015165,0.9981005603,1.018772124,0.9160080046,1.074789687,0.9423487783,0.9023790653,1.208969805,1.009444288,1.176446598,1.085982714,1.00656217,1.07735736,0.6386113515,0.887397536,0.9683847604,0.7665306122,0.4305555556,3.327445119,0.02920634921,-0.1277507076,0.008210506092,2.069405377,2.52,1933.406554,-4.526956905,-2.150020148,-0.5937147029,0.547376715,-0.2506254467,19.69042424,0.0,18.19910121,5.693927995,0.1808437435,134.2115193,9.473725908,9.967957042,0.0,22.88687966,0.0,0.0,0.0,0.0,17.06215882,4.736862954,13.8474744,4.832276594,0.0,0.0,4.021741318,0.0,0.8192972001,0.1170048358,0.0,35.31202653
7.361510743,147.1267119,155.4926101,153.8604697,154.7423056,3.255813953,160.5518811,2.519444444,2.7,49.5433796,0.4818181818,0.04545454545,1.516857384,17.56826446,82.06887052,6.114049587,3.831037649,0.6904812668,-5.61,1.964143932,0.950266591,0.00456,44.39282129,0.0,0.01818181818,0.01550802139,0.8117647059,0.5502299156,0.5032986119,1.246454741,0.8848085675,1.327952892,0.9868649161,0.9825257012,0.720369697,0.9690716316,1.046754328,1.083243039,0.9181392224,1.188428787,1.223509617,1.130769684,1.038885702,1.115057542,1.119548288,0.8343994904,1.050322085,1.02427245,0.7392863864,0.9748046223,1.146020669,0.9042829602,0.918081473,1.041018816,0.614829932,0.5538548753,3.817215782,0.0405664488,-0.08323872643,0.02008862009,2.004500121,2.2,2428.673969,-4.56770909,-1.563893355,-0.261842053,0.2409274504,0.09389796053,14.79051451,5.425791397,35.61190719,24.79067027,0.1700935143,51.01493161,9.473725908,20.40266096,4.992404733,22.88687966,1.571304065,0.0,0.0,0.9961268768,5.13155848,6.544756406,13.08951281,4.849748974,0.0,0.0,2.515238238,3.277664584,0.9503966762,0.1474660367,0.0,32.34373128
7.327902142,144.8518344,149.5447942,155.9307143,155.1791773,3.618421053,156.8242022,2.690763052,2.620634921,50.05059267,0.4787878788,0.02272727273,1.711870415,10.09642075,47.76479182,-16.98100804,-2.61431702,0.6865492513,-3.77,1.787539608,0.8312131757,0.0301,40.44737137,0.0,0.02121212121,0.02127799736,0.768115942,0.6115521327,0.4986240389,1.02838153,0.8246677619,0.8371498937,1.040176648,1.252577326,0.8792985088,1.015151044,1.123588628,0.9770081229,1.052094504,1.06082869,1.047594332,0.8745331225,1.287478174,1.188597174,0.9825969864,1.263816367,1.031970747,0.8441716254,1.087847952,0.9269822579,1.147323346,0.8860458905,0.9048389894,1.05420317,0.4907482993,0.3628472222,3.421913758,0.04435763889,-0.1515832104,0.08694093366,1.998578567,2.09,1700.52003,-2.841419843,-1.106531106,-0.1535896788,0.3119787142,-0.2234071851,5.106527395,5.098681808,24.27512131,17.9326124,0.3179042404,114.258091,5.106527395,14.76446326,0.0,28.26427081,0.0,0.0,0.0,0.0,0.0,6.544756406,6.9237372,4.901991542,0.0,0.0,2.763524726,0.0,0.6051801999,0.08579236005,0.0,24.72911526
7.113509275,150.0679784,153.9194824,159.3868522,155.9591169,3.414285714,162.4927314,2.847457627,2.833333333,45.70914731,0.4727272727,0.0,1.526241476,6.211072664,29.15570934,-0.339100346,16.01384083,0.6717186416,-2.83,1.95054148,0.7136665443,0.166,28.33262175,0.0,0.02727272727,0.02213438735,0.7869565217,0.5791103604,0.5180527014,1.114878099,0.8034947067,1.226162554,1.041127874,1.242668863,0.9247869939,0.9584354375,1.089809913,0.9090941507,0.9545454545,1.003955125,1.234467219,0.8673197492,1.071354167,1.094298239,0.9921028173,1.040182868,1.016326401,1.050470219,0.8854137779,0.83990913,1.067674364,0.9076725832,0.9641825932,1.122448978,0.2087528345,0.1927437642,3.136921362,0.02385416667,-0.06332288401,0.1832896168,1.976481481,1.07,921.8420309,-2.494540355,-1.096020032,-0.0157224321,0.5093656477,-0.3064979401,0.0,10.19736362,6.066367068,5.693927995,0.182185791,56.12759645,0.0,29.9458054,0.0,28.33262175,0.0,0.0,0.0,0.0,0.0,0.0,0.0,4.797866366,0.0,0.0,0.0,0.0,0.3914235927,0.06953456841,0.0,25.94615458
8.22184875,150.6227588,156.2364618,163.3449994,163.4525293,3.553398058,164.4285678,3.353853854,3.257281553,45.31563466,0.46359447,0.04838709677,1.493656184,7.703125,58.5,-5.22265625,-7.75,0.6894086529,-3.99,1.741329353,0.7240601563,0.0201,34.8870312,18.4712695,0.03640552995,0.03407345343,0.8281385281,0.7400360833,0.4239468864,1.066141587,0.8323516745,1.051252339,1.103524395,1.095035408,0.8946434032,1.157188033,1.116874711,0.9983393525,1.076103525,0.8878481581,0.8528479536,0.504034136,1.120831349,0.9836531333,1.018994129,1.020054945,0.9199051196,0.8679392472,0.8740669241,0.6555403972,0.8922500697,1.016191495,0.9245723532,0.987788197,0.696462585,0.5130385488,3.843633148,0.04419753086,-0.1237997762,-0.05519198601,1.926934145,2.78,2306.778916,-3.09886858,-1.755738297,0.1233723003,0.3863099827,-0.05888017382,10.30076712,5.425791397,12.14238718,23.62654039,0.1523272844,30.05378148,8.780830095,25.38663948,4.992404733,11.38785599,0.0,0.0,0.0,0.8292649282,14.46821637,6.544756406,24.72395449,4.84886367,0.0,0.0,2.161954189,0.0,0.7992326864,0.06365387513,0.0,30.43903568
7.30980392,144.3174032,148.2158062,155.5005704,160.1483726,3.685714286,150.6606291,2.659451998,2.451205173,48.70120046,0.4922619048,0.04166666667,1.668598938,4.756026297,25.58788518,-9.604821037,-1.629665702,0.681465016,-4.26,2.168617053,1.005926512,0.00759,28.66745114,0.0,0.007738095238,0.01980952381,0.7754285714,0.7089972527,0.5698652577,1.132512957,0.7501828975,0.8817985326,1.103610675,1.140049471,0.929009831,1.403654175,0.9912602227,1.228018363,1.003693386,1.127954012,1.046167488,1.164775022,1.254631083,0.8716138248,0.650734107,1.165705981,0.9815847903,0.9397280068,1.023766761,1.040063116,1.084202037,0.4955967438,0.9505280413,0.9511288463,0.3844897959,0.2725694444,3.040836313,0.0375,-0.08592558512,0.0002973963039,2.004462449,3.58,1372.303956,-3.326694307,-1.232877387,-0.44083332,0.4441419449,-0.1631997952,5.316788604,0.0,29.8000411,5.687386275,0.2216261846,29.63332311,0.0,10.30076712,4.992404733,0.0,0.0,0.0,0.0,0.6545581381,11.37477255,0.0,6.165775612,4.8884035,0.0,0.0,0.0,0.0,0.5982691087,0.05143799709,0.0,29.99218522
6.187086643,145.6756489,152.3692317,156.7243031,158.5660927,3.369369369,159.4311695,2.820304818,2.793756146,48.00479604,0.4731182796,0.01612903226,1.622721684,9.9336,59.6336,-10.1108,-1.5408,0.6841461785,-5.23,1.978490264,0.959483369,0.00449,40.03047287,0.0,0.02688172043,0.01606182796,0.7979166667,0.6667444211,0.4928543905,1.253901445,0.8579165357,1.263143658,1.146201083,1.126765514,0.8542836326,0.9479241672,1.104689293,1.036446104,0.7493841166,1.034176102,1.105811125,0.9985451631,1.127544619,1.119860331,0.9749229542,1.086820551,0.8720432635,0.6671579862,1.022812614,1.096381135,1.135496843,0.89754036,0.9796886227,0.9783350062,0.5723809524,0.5755385488,3.665365926,0.04273901809,-0.01323283817,0.001028379954,1.993581034,1.56,1801.206755,-3.062389242,-1.966806931,-0.6798670227,0.7196377646,-0.3665019633,14.79051451,5.261891555,6.066367068,29.55874348,0.1732788131,148.1751399,9.473725908,14.53505669,0.0,34.77396375,0.0,0.0,0.0,0.0,5.687386275,6.544756406,18.25485007,4.848604167,0.0,0.0,2.72396651,0.0,0.7585393788,0.06274916425,0.0,31.26935238
6.950781977,146.3467283,151.2254929,157.186806,159.0318735,3.0234375,156.633458,2.528490028,2.638383838,49.47834402,0.4739583333,0.015625,1.646727263,8.479338843,50.20297521,1.247933884,43.61818182,0.6797656753,-4.15,2.087874319,0.8823513639,0.0256,52.30116798,0.0,0.02604166667,0.0300245098,0.7803921569,0.7281739687,0.5436466395,1.131669773,0.8795727074,1.098436452,1.186132075,1.171715426,0.9889053603,1.016168077,1.043135494,1.015878179,1.053732652,1.043135494,1.08278471,1.393481191,0.9923349057,0.8995710157,0.8184946154,0.9738463563,1.048252812,0.8417966211,0.777126301,1.089856057,1.146973605,0.7786952573,0.8916458408,1.026381936,0.3786394558,0.3785076531,3.693485395,0.02737588652,-0.07109127655,0.144729708,2.034631883,1.37,1432.418675,-4.556060394,-1.438365411,-0.2568511041,0.2918328058,-0.2183428283,10.05365156,5.098681808,18.19910121,11.38785599,0.1606741544,142.3191854,9.531400138,20.16532066,5.917906046,33.77213846,0.0,12.45432442,0.0,0.0585009185,5.687386275,9.531400138,5.917906046,4.821864782,0.0,0.0,1.301084642,0.0,0.7104330604,0.1056068053,0.0,29.45497848
7.7,144.775219,147.1915212,155.8267923,158.771623,3.202380952,157.4010174,3.14172163,3.324057208,47.09045049,0.4820512821,0.07692307692,1.625955818,6.147928994,20.81425475,4.351742275,46.83666529,0.6959864369,-5.65,1.861104431,0.7315211542,0.00116,0.0,18.19910121,0.01794871795,0.03891941392,0.805952381,0.7240049367,0.5499137854,0.9203991109,0.7143467684,0.7765750213,1.139701551,1.116963593,0.9105186018,1.212874598,1.008740849,1.108215123,0.952594945,1.076988932,0.9821725007,1.027062828,0.9526380747,0.9704861299,0.987686915,0.9183002771,0.995896079,0.7314889713,1.024197882,0.9065594642,0.9632520521,0.7863925804,0.8072723091,0.8693869923,0.386122449,0.2864583333,3.424297788,0.03749287749,0.0360866479,0.06598173248,1.819003949,3.26,951.9338672,-4.02754587,-1.308588109,-0.4286383181,0.4802769356,-0.240679363,10.423316,0.0,17.66730696,22.2842392,0.2637362504,78.43899978,9.496942443,9.967957042,0.0,17.00689132,0.0,0.0,0.0,0.0,15.7651876,0.0,5.817220841,4.864588,0.0,0.0,0.0,0.0,0.727356777,0.08469947665,0.0,28.6523244
7.37675071,146.4327135,154.0555887,156.2294845,157.4069102,2.953846154,156.5939366,2.394249513,2.440262843,50.39199382,0.4777777778,0.0,1.6827229,8.848700605,46.83588466,2.772872909,-10.09398362,0.6725050447,-2.3,2.127701056,0.9533834908,0.143,67.322539,5.563451492,0.02222222222,0.0158781362,0.776344086,0.6649098063,0.6043859649,1.217379077,0.9129480585,1.61561772,1.212234452,1.078604923,0.8991088707,0.9490094055,1.017966174,0.9865035396,0.9231515999,0.8247991968,1.08985028,0.6607882871,0.98674189,0.9260445303,0.8635399839,0.9126674766,1.129918689,0.9081300893,0.9041516945,0.939231614,1.010022727,0.9123744911,1.062197176,1.079012138,0.4170068027,0.3785076531,3.600219399,0.02527131783,-0.01342839177,0.03860514118,2.190791814,1.54,1760.410372,-4.398098724,-1.534311961,-0.367143291,0.3026446117,-0.05553001206,4.736862954,0.0,30.33183534,37.06428237,0.183220843,131.0975158,4.736862954,25.71944957,0.0,11.25737949,0.0,0.0,0.0,0.0,0.0,11.28161936,18.50450328,4.821039433,0.0,0.0,6.503998578,0.0,0.6998016078,0.0761440227,0.0,28.84727671
7.124938737,146.5154789,153.69586,154.4824564,156.3614444,3.768292683,155.9861939,2.549450549,2.420833333,48.68718614,0.4791666667,0.0,1.673129435,11.82117028,54.62984878,-9.504273504,-60.50558843,0.6706519733,-3.16,1.858471946,0.6770864604,0.045,45.78684481,0.0,0.02083333333,0.0,0.7833333333,0.5210708725,0.4655770391,1.233982263,0.843559247,1.479755545,1.011384089,1.058187476,0.7578813484,0.8994308687,1.059872436,1.042088171,0.9309523064,1.148423363,1.018556236,1.154399846,1.249117632,1.098173712,0.9871552647,1.058623428,1.075194469,1.148325263,0.9591910251,1.048833616,1.135618409,1.141602007,1.229550162,0.9354415781,0.4170521542,0.4244614512,3.426930273,0.03484567901,-0.2011455542,-0.03075848675,2.179351852,2.02,1675.99095,-2.644903442,-1.225903154,-0.1097559832,0.3438174447,-0.3340264312,4.567099648,5.098681808,18.20875424,35.29333391,0.2065253099,6.629331589,0.0,24.31554143,7.047671983,22.51475897,0.0,0.0,0.0,0.0,0.0,13.59242839,0.0,4.933105502,0.0,0.0,0.8086522896,2.014978899,0.6597440455,0.1397268263,0.0,25.00643644
6.59345982,147.897182,153.2500106,159.8000222,158.4352573,3.571428571,156.5160676,2.631991051,2.365774534,49.76772029,0.4752688172,0.0,1.636943219,14.57487603,72.73256198,-10.73586777,-2.237024793,0.6841461785,-3.5,2.122002445,1.00293199,0.109,59.22490518,5.693927995,0.0247311828,0.04430740038,0.7578431373,0.5839789217,0.4693557578,1.168735181,0.8880320811,1.052637781,0.9204824621,1.184679694,0.9492248359,0.963340124,0.9446395246,0.9198820902,0.8226436839,1.147607674,0.9564230304,1.345580498,1.298889625,1.080397992,0.969858803,1.182902024,1.093431052,0.8846520018,1.122437907,1.075039646,1.163814925,0.9363942786,0.9319946198,1.010904983,0.5683446712,0.4010416667,3.659357268,0.03583877996,0.0274089292,-0.05223775724,2.033670292,1.47,2401.104149,-3.285621319,-1.615521938,0.04160494237,0.3046910244,-0.1291054674,11.05045608,5.098681808,12.13273414,11.21062871,0.1554476511,15.27572621,4.794537184,25.06523039,5.733667477,22.51475897,0.0,12.46795355,0.0,-0.1081919926,0.0,12.96557803,0.0,5.015108728,5.51115406,0.0,2.041327498,0.0,0.6759707009,0.1476931915,0.0,29.99511672
6.815308569,145.817401,151.6956697,154.9312634,159.4511839,3.390909091,159.8611656,2.957093254,2.795616718,48.00479604,0.4731182796,0.01612903226,1.62882504,9.9336,56.6336,-8.3792,-32.0544,0.6841461785,-5.81,1.921800927,0.919483369,0.00274,39.6521268,0.0,0.02688172043,0.0311502118,0.7828282828,0.6667444211,0.4979332692,1.169962633,0.8296626622,1.052138131,1.146201083,0.9637660562,0.8543536252,0.9569433776,1.066522332,1.163531034,0.7522544724,1.036704142,1.152525708,1.034024883,1.153381258,1.131815708,0.9536000239,1.035630388,0.9276053034,0.6974253849,1.128239643,0.8948269672,0.9602099302,0.9595148514,1.01336723,0.983333486,0.5723809524,0.5755385488,3.722055263,0.04273901809,-0.04874419023,0.002947625096,1.977958239,1.7,3436.069107,-2.745339574,-1.684852272,-0.411534874,0.4527151931,-0.2987425721,19.77449303,5.261891555,18.19910121,23.02052879,0.1684908076,153.256611,9.473725908,14.95193556,0.0,40.21348046,0.0,0.0,0.0,0.0,5.948339281,6.544756406,18.25485007,4.848604167,0.0,0.0,2.757644992,0.0,0.7703214932,0.06263564417,0.0,30.3948269
7.397940009,145.965132,148.7197258,156.2312563,153.4077307,3.762711864,156.927851,3.022092268,2.872962963,47.44714678,0.4924242424,0.02272727273,1.544872639,6.887052342,24.59014386,-4.085399449,5.312723192,0.6791339464,-4.08,2.066085135,1.042617332,0.0601,32.99233261,11.33678588,0.007575757576,0.04191919192,0.7611111111,0.6090808416,0.5423185858,1.04927032,0.7039576171,0.8193750239,0.9084005695,1.200461358,0.864309327,0.9897271524,1.032053912,0.9692374843,0.9338551708,1.146320962,1.092060965,0.9701733084,1.263584661,0.9571189891,1.145186648,1.17883387,1.276874688,1.374195297,0.9949820346,1.063535324,1.106021644,0.754210114,0.9758640492,0.8469217936,0.3257142857,0.2951743197,2.978308984,0.04279569892,-0.1978008921,0.132535663,1.954145881,0.8,1287.918955,-3.710514406,-0.8750101132,0.01203561213,0.1600318658,0.2848917983,5.733667477,0.0,17.40315295,27.29840462,0.2183749109,98.84426499,0.0,19.93591408,0.0,21.95893118,1.414607663,0.0,0.0,0.0,5.13155848,0.0,0.0,4.858476049,5.906248583,0.0,0.0,0.0,0.6253075811,0.104861554,0.0,33.1876727
8.045757491,143.8342162,150.5906385,157.9759516,157.6851889,3.340206186,156.9293981,2.479275935,2.536344167,53.44415339,0.5037037037,0.0,1.537519983,11.84065188,71.19983904,-11.35400634,-35.60982848,0.6963983015,-6.48,1.769729189,0.7186050534,0.00462,50.11470593,0.0,0.0,0.01812169312,0.7892857143,0.6611620795,0.4586706659,1.121664671,0.855234519,0.9410499501,1.018650878,1.172867144,0.8887542334,1.177159127,1.138548365,0.9136092057,1.388200894,1.046151011,1.035612272,1.278591789,1.073536366,1.050766493,0.8653392236,1.11569112,1.050497638,0.9244687619,1.089646922,0.9964699958,0.9560124957,0.7233211652,1.04105992,0.9559912031,0.6370068027,0.4930909864,3.784859663,0.03995614035,-0.06582273275,0.04663802084,2.13540958,1.74,2211.254099,-3.754171496,-0.9584610654,-0.149519295,0.02413719429,0.3617843353,4.983978521,0.0,12.99010427,21.4210879,0.1843532327,29.01030548,4.794537184,19.93591408,0.0,21.95893118,3.217612154,11.9107451,0.0,0.2853449797,0.0,11.21535881,6.9237372,4.831538567,0.0,0.0,4.015279208,0.0,0.8902105489,0.1110709264,0.0,29.93570488
5.890084137,144.1317178,150.6909405,151.30043,160.8580615,3.172131148,150.8226569,2.529392765,2.49870801,51.69127177,0.484,0.0,1.735377145,16.64592593,76.25333333,-19.9362963,-43.30666667,0.7041633411,-4.52,2.045313334,1.11198,0.0088,28.92903888,5.693927995,0.016,0.0,0.764,0.7241924157,0.4318467337,1.09643337,0.9165081855,1.23783485,1.464937801,0.9903265774,0.7857167175,0.9140068045,0.9100683598,1.198465298,0.5890807537,0.9743463695,1.01203861,0.6806217052,1.179602597,0.8068454077,0.7065690325,1.228364042,1.172647092,0.8634210964,0.9962603716,1.219763578,1.333426757,1.005345059,1.028397803,1.045609261,0.7552834467,0.5260416667,3.446539763,0.04186507937,-0.05079685259,-0.09966269817,2.022203326,2.5,1588.803392,-2.286157193,-0.7564583901,-0.163705367,0.2886096115,-0.06481507017,0.0,10.36057336,38.9703128,17.3266008,0.1944231464,3.080868168,0.0,14.76446326,5.414990469,28.45350378,0.0,0.0,0.0,0.0,0.0,6.544756406,16.74610334,5.006229029,0.0,0.0,7.720865772,0.0,1.676147384,0.489065941,0.1020620726,27.92704578
7.638272164,143.1073484,148.5630816,156.2282466,159.4922955,3.530612245,152.0573617,2.572892852,2.180371503,52.6718837,0.5037037037,0.0,1.570395305,9.197530864,58.83544582,-15.66666667,-20.63533608,0.6807446078,-5.94,1.603088122,0.7002172223,0.00547,56.53552755,0.0,0.0,0.01812169312,0.7892857143,0.7111836735,0.4776343016,1.064889858,0.799338894,0.9161994799,1.114325581,1.154575111,0.9009137659,1.019279271,1.132702586,0.998971234,1.262830874,1.083286102,1.017156935,1.145185725,1.107183673,0.9309585878,0.7666573462,1.190040756,1.080293227,0.5796535401,1.126390836,1.067321304,1.167652913,0.5987414776,0.8920549413,1.019620465,0.5764172336,0.4175878685,3.888764974,0.03962962963,0.1072929272,-0.006720706816,2.16533074,1.74,2877.676418,-4.266136945,-1.042451766,-0.1742769619,-0.03938169315,0.3845302451,4.983978521,0.0,6.066367068,21.4210879,0.1884912493,6.809623619,4.794537184,19.93591408,0.0,21.95893118,3.260796266,11.61305256,0.0,0.3652299085,0.0,4.794537184,6.9237372,4.847452889,0.0,0.0,2.003334106,0.0,1.020040897,0.1433457877,0.0,31.8231755
7.13667714,145.7399843,151.6176975,157.2517157,158.6214866,3.369747899,159.0802236,2.819333333,2.881018519,48.7992792,0.4739583333,0.015625,1.640540121,11.41046636,65.85938056,-7.743681025,-52.67141331,0.6848636974,-5.95,2.018262017,0.9429088387,0.00229,52.0212877,0.0,0.02604166667,0.0300245098,0.7803921569,0.6426382412,0.4849390068,1.181960564,0.8535014844,1.191630292,1.083304464,1.120570244,0.894064931,0.8516917766,1.043200668,0.9958436832,0.7215789145,1.083811977,1.149643081,1.059323526,1.165312201,1.153994611,1.028010687,0.9866575168,0.9930206748,0.9117261125,1.066937327,0.979682613,0.9284735004,0.9522513535,1.074240463,0.9246652909,0.614829932,0.5538548753,3.709658437,0.04082125604,-0.08789543262,0.08541488505,2.018617256,1.5,3260.296642,-3.154877816,-1.840477807,-0.5391049505,0.4722204238,-0.3878206079,19.77449303,5.261891555,19.05647134,35.25921319,0.1656998431,155.2055286,9.473725908,14.95193556,0.0,40.21348046,0.0,0.0,0.0,0.0,5.687386275,12.96557803,11.33111287,4.852763733,0.0,0.0,2.783400981,0.0,0.7211465865,0.06263564417,0.0,31.0661429
7.721246399,147.1468356,155.7885873,155.1615497,158.3514158,3.016806723,157.6122133,2.568297655,2.384343434,50.37525144,0.4770114943,0.01724137931,1.642421604,11.58986686,63.32544379,-2.907914201,8.112426036,0.6915114137,-4.14,2.22159699,1.000751923,0.0198,46.0664067,0.0,0.02298850575,0.01651340996,0.7788888889,0.6589029751,0.5597102411,1.265551793,0.9461106021,1.52915975,1.174291721,0.996345469,0.8158761012,1.051481772,0.9813260341,1.012618695,1.097649667,0.8010144578,1.061377077,0.7876549587,0.9604565022,0.9397553346,0.8159325465,1.08031409,1.024478648,0.9723877494,0.9422308534,1.12396051,1.175839812,0.8494905065,0.9532183145,0.9824671808,0.3819047619,0.3368409864,3.478842728,0.02417989418,-0.03542498152,0.04835920177,2.065701767,1.42,1253.262666,-3.488580199,-1.518079313,-0.2357653683,0.3324951081,-0.3109242243,9.636772685,5.098681808,18.19910121,11.38785599,0.2294365405,62.94211875,4.736862954,25.06523039,0.0,39.52165029,0.0,0.0,0.0,0.0,0.0,0.0,0.0,4.822259131,0.0,0.0,1.515007169,4.064067143,0.8081057424,0.0761440227,0.0,28.81008251
7.040958608,147.1820149,153.4795538,155.7123705,156.9596397,3.034782609,157.6497143,3.005393743,2.876068376,48.91808,0.4722222222,0.0,1.600638701,11.08304498,49.33564014,-0.9134948097,-19.85813149,0.6920312592,-3.77,2.062752147,0.809494363,0.0734,33.77213846,0.0,0.02777777778,0.03236111111,0.7854166667,0.6268436578,0.5452365016,1.1614955,0.8870558559,1.273009574,1.079168343,1.060724935,0.8786172393,0.8510924523,0.9846160342,0.9995415387,0.9048572102,1.047161619,1.149799635,1.364320662,0.9484417083,0.9614227774,0.8809349247,0.8751369113,1.068306732,0.6045779587,0.9805971459,0.950632126,1.015685971,0.9485205852,1.024096386,1.118169519,0.4806802721,0.3420493197,3.609673195,0.02398989899,0.04176275362,-0.04858408434,2.004919144,0.95,1359.879051,-3.348389093,-1.299248066,-0.1422831748,0.2972729381,-0.337707163,10.05365156,5.098681808,18.19910121,17.99473795,0.1606839127,120.9183069,9.531400138,25.48210926,0.0,33.77213846,0.0,12.15042233,0.0,-0.1261945102,0.0,4.736862954,0.0,4.824033268,0.0,0.0,0.9573687972,1.602107478,0.5582009643,0.09315436814,0.0,28.73446707
6.756961951,144.9161981,150.8079865,158.4278802,156.4083164,3.698630137,157.9277442,2.930041152,2.936026936,49.45692157,0.4766233766,0.02272727273,1.711870415,9.037037037,51.92592593,-14.77777778,29.81481481,0.6865492513,-3.82,1.837193486,0.8543024306,0.0151,40.44737137,12.13273414,0.02337662338,0.0,0.8051948052,0.6259615385,0.4075797084,0.9342640949,0.8389268154,1.239727882,1.005576923,1.107284449,0.8743860817,1.210635711,1.121622022,0.9474946411,1.003197591,1.0691084,0.9380727305,0.8459912541,1.294520548,0.9647380884,0.9829860175,1.151985961,1.01813781,0.6734093572,0.9976887519,0.8635191283,1.130577033,0.4312916165,0.85122216,1.149796062,0.4907482993,0.3628472222,3.332731516,0.04435763889,-0.09277099295,0.09553488308,1.978578567,3.05,1717.267624,-2.895545318,-1.116407159,-0.04038821167,0.2939130884,-0.1725347188,0.0,5.098681808,24.27512131,17.9326124,0.1986284753,11.84715927,4.390415048,14.76446326,0.0,22.51475897,0.0,0.0,0.0,0.0,4.390415048,6.544756406,12.74095804,4.901991542,0.0,0.0,2.722304443,0.0,0.5936386795,0.08579236005,0.0,25.17886494
9.0,151.0770598,157.4928608,161.5167312,165.4801252,3.333333333,158.8700586,3.438155136,3.588333333,44.83319919,0.4587848933,0.05172413793,1.441695765,12.7037037,67.92,-6.987654321,-31.28888889,0.7083876247,-4.44,1.4638734,0.6026536773,0.0164,23.7625527,17.92631849,0.04121510673,0.037809206,0.8482334869,0.6464552239,0.3797743056,1.070157862,0.8555334806,0.9861077441,1.079793341,1.042659927,0.7990447809,1.086937327,1.005097518,1.102853439,0.9776988473,1.084983498,0.9836083728,1.090092615,1.122695347,0.7726364,0.9164786116,1.014309764,1.159803855,0.809851389,1.030856918,0.8841697273,1.030931222,0.9465385515,1.095833333,0.9702446254,0.7918367347,0.5303996599,4.027979697,0.04369565217,-0.06034190564,-0.07778711337,1.700162562,2.97,1662.438993,-3.176556581,-1.753879269,-0.09593108939,0.3915319689,-0.2395620815,10.63357721,9.780484743,0.0,17.57815784,0.1508001707,7.093020615,13.57536728,25.06523039,0.0,11.25737949,0.0,12.11524822,0.0,-0.4120174526,24.95013983,0.0,18.55817888,4.901125933,0.0,0.0,1.828852356,1.506095893,0.7590371604,0.1293264808,0.0,29.36086894
8.494850022,149.9187909,154.9079963,160.477258,159.4589013,3.724489796,160.5607472,3.538748319,3.300925926,44.95577929,0.4751488095,0.046875,1.444096076,7.216387506,56.75755747,-8.440470801,14.69070972,0.6950597415,-5.68,1.761885858,0.7394656915,0.00242,35.01993218,11.00912301,0.02485119048,0.01713564214,0.8483405483,0.7527016488,0.4196733267,0.9714820571,0.7834514229,0.9310370561,1.086093404,1.087356342,0.8487908568,1.269298388,1.100561952,0.9920579794,1.09194033,0.8355193208,0.8708348326,0.4943941141,1.08895959,0.9667770923,0.9687750631,0.9801524505,0.9717390284,0.6241314525,0.8671020997,0.8104514615,1.217840469,0.8798634497,0.8950373773,0.9609871952,0.8180952381,0.6137329932,3.792702994,0.04314058957,-0.04252493146,-0.03503188778,1.897102744,3.78,2524.927034,-4.041443852,-1.553313578,-0.0619121021,0.2079029875,-0.0663329461,5.316788604,10.19736362,6.066367068,5.693927995,0.149199604,20.79042573,8.780830095,29.36252149,0.0,22.51475897,0.0,0.0,0.0,0.151582315,14.46821637,0.0,18.55817888,4.859423894,0.0,0.0,1.895940263,0.0,0.9245101949,0.1048899075,0.0,32.54089629
7.070581074,147.5978611,157.8321886,157.1610552,160.7924871,3.30075188,161.2686912,2.445249597,2.30734127,50.93265931,0.48,0.0,1.659158216,17.59183673,95.75510204,-23.42091837,-134.0714286,0.6888187153,-3.99,2.315494246,0.9627883386,0.0144,70.99110724,0.0,0.02,0.0,0.78,0.6028183716,0.4872254059,1.418977275,0.9924155931,1.635793006,1.086986778,1.047773367,0.7696552482,1.101169241,0.9891450263,1.078228218,1.092232767,0.9209003747,0.8969788832,0.9377631241,1.045489507,1.176815358,1.028415375,1.128760745,0.8508560912,1.183776933,1.149116523,1.135099677,1.148701918,1.092100555,1.230211318,1.091952783,0.8187301587,0.6345663265,3.491860676,0.03414251208,-0.09325959212,-0.2040327227,2.251293462,2.3,2137.502982,-2.833120026,-1.712049124,-0.3516320659,0.3456944555,-0.1783070703,9.467009379,5.098681808,18.20875424,35.29333391,0.1662440571,3.860452175,0.0,29.21545116,0.0,22.51475897,0.0,0.0,0.0,0.0,0.0,13.08951281,6.9237372,4.945982674,0.0,0.0,4.838045859,4.220524565,1.067258904,0.1288113406,0.0,27.46169931
7.327902142,146.1247147,151.1860971,158.7179693,158.6785616,3.371900826,159.4257582,2.744929453,2.780939476,48.76662659,0.4787878788,0.01515151515,1.654040529,11.32441701,64.76680384,-8.49382716,-53.96707819,0.6855377302,-5.56,2.123059313,0.9254475639,0.0038,57.3051773,0.0,0.02121212121,0.02770562771,0.7571428571,0.6424311093,0.4684334539,1.193380188,0.8329574266,1.15952663,1.120631709,1.21712373,0.9297753277,0.9908573102,1.08262818,0.9367748703,0.7354402211,1.136644661,1.095910684,1.106012103,1.158449171,1.129738505,1.046671151,1.001028816,0.979257006,0.6014069537,1.110977255,0.9470969825,0.9256106712,0.9957910982,1.090981533,0.9988111824,0.5731972789,0.6606788549,3.631828189,0.04393617021,0.04574526033,-0.02560021309,2.026312773,1.13,3358.107916,-2.969454678,-1.710474999,-0.3975811033,0.4440482265,-0.2810697766,10.30076712,5.261891555,19.05647134,46.29261463,0.1593193784,26.0493072,0.0,24.9198926,0.0,28.71445679,0.0,0.0,0.0,0.0,5.687386275,12.96557803,11.33111287,4.877336081,0.0,0.0,2.591937797,0.0,0.7323949012,0.06541342195,0.0,30.95983989
7.337242168,145.817401,151.454821,156.37978,158.4776418,3.427272727,159.5420573,2.864942529,2.993569959,48.00479604,0.4731182796,0.01612903226,1.629061707,9.9336,56.6336,-7.0656,-22.4928,0.6841461785,-5.51,1.961800927,0.959483369,0.00417,45.60046608,0.0,0.02688172043,0.0311502118,0.7828282828,0.6667444211,0.4979332692,1.169962633,0.8296626622,1.194764311,1.1269372,1.106385139,0.8657354966,0.8824120773,1.086578615,1.006789333,0.7756154388,1.034689303,1.158187527,1.004462757,1.145588142,1.157114002,1.020508794,1.002944024,0.9589293484,0.9369932415,1.06648165,0.9809719636,0.9574142706,0.941498962,0.9993731107,0.960657298,0.614829932,0.5130385488,3.682055263,0.04176767677,-0.1041976237,0.09083916499,1.97940729,1.29,2452.50927,-3.322802922,-1.754984888,-0.4622425229,0.5825388497,-0.4711483017,19.77449303,5.261891555,12.13273414,35.25921319,0.1687985428,152.9772102,9.473725908,14.95193556,0.0,40.21348046,0.0,0.0,0.0,0.0,5.687386275,6.544756406,18.25485007,4.848683342,0.0,0.0,2.658324812,0.0,0.7589589384,0.06263564417,0.0,31.26935238
8.045757491,148.829875,154.0428157,159.3427908,160.0952576,3.495145631,161.423908,2.689671153,2.671920572,48.24675953,0.4838095238,0.03333333333,1.540249265,9.715277778,57.22153635,-5.932291667,-25.06138546,0.6833808251,-4.44,1.81140835,0.834147917,0.0106,46.02638289,6.338535363,0.01619047619,0.03226190476,0.7839285714,0.6637198622,0.5092463032,1.250822375,0.8057494171,1.166012637,1.119086918,1.212996507,0.8696137268,0.9965119889,1.134631669,0.9902942471,1.107256873,1.056744435,1.070346036,1.098467501,1.111491088,1.150244392,1.097795047,1.003663173,0.915574141,1.032407196,1.105024224,0.9060656806,0.866330618,1.004129039,1.023400634,1.048712911,0.5331972789,0.5538548753,3.773554151,0.0408994709,0.04257371511,-0.01242118056,1.990643971,2.51,2276.262954,-3.310886543,-1.496468881,-0.2755620822,0.430755816,-0.2040060005,10.30076712,5.425791397,35.8760612,34.33655998,0.1609121365,36.29417231,0.0,25.38663948,4.992404733,11.38785599,0.0,0.0,0.0,0.922731149,5.687386275,6.544756406,13.08951281,4.848957738,0.0,0.0,2.467258137,0.0,0.8257433967,0.1108994343,0.0,31.11647891
6.958607315,145.7067382,151.6137345,156.37107,157.4324521,3.214285714,156.6818106,2.571502058,2.738186462,49.81677993,0.4777777778,0.0,1.681192074,9.848135333,56.14225298,4.664359862,7.515570934,0.6779429349,-4.24,2.187232844,1.029986765,0.0148,65.26674601,0.0,0.02222222222,0.0158781362,0.776344086,0.6402910121,0.497389566,1.151940887,0.8696314784,1.243690159,1.136000183,1.121316418,0.9353946377,0.9502277529,0.9685898804,0.9938109531,0.7833325328,1.194143801,1.028525835,1.845119202,0.9997217726,1.028534782,0.9692850158,0.85767488,1.112608775,0.5152415267,0.7624211263,0.927436797,1.008792341,0.9464610362,1.009029271,1.079008805,0.4889342404,0.375885771,3.485192498,0.02468599034,-0.009627654773,0.0343192096,2.036301178,1.96,1501.221143,-3.765976897,-1.28441172,-0.1590448152,0.09794405514,-0.1432646107,4.899909731,5.098681808,18.19910121,11.38785599,0.1647122674,5.714651908,4.794537184,25.06523039,0.0,33.77213846,0.0,12.57046485,0.0,0.1103332676,0.0,0.0,0.0,4.829546089,0.0,0.0,1.70930694,0.0,0.6646168733,0.1141803114,0.0,30.97901559
7.8,150.0319234,156.206539,159.1603498,163.8868928,3.333333333,157.2446397,3.113809302,3.277798354,46.3161155,0.4735632184,0.05172413793,1.441695765,12.7037037,65.18427069,-6.987654321,-23.33912513,0.7083876247,-4.99,1.374984511,0.5137647884,0.00626,5.563451492,36.12541969,0.02643678161,0.03685576567,0.8344086022,0.6464552239,0.417852205,1.139013548,0.8172758043,1.015335711,1.079793341,1.067534446,0.7600882234,1.096622441,0.9684074836,1.107127807,0.9125290559,1.133037745,1.009989936,1.227973926,1.122695347,0.8945610523,0.9168437758,1.040555871,1.101681489,0.828845394,1.076374292,0.9597458825,1.015941578,0.9533240156,1.101915485,0.9918291265,0.7918367347,0.5303996599,4.116868586,0.04369565217,-0.05211959135,-0.0777105292,1.739051451,3.08,1938.84303,-3.649761866,-1.558879283,-0.2902369734,0.1614657941,-0.3975945656,10.63357721,9.780484743,11.60093989,17.57815784,0.1566042528,18.57797643,9.184952232,25.06523039,0.0,11.25737949,0.0,12.1382594,0.0,-0.3850112797,20.55972478,0.0,12.74095804,4.901125933,0.0,0.0,1.87686333,1.525937163,0.8850253181,0.1293264808,0.0,28.00929632
7.387216143,146.8809246,154.0059108,158.4253007,157.6103624,3.571428571,157.7118751,2.550091075,2.49287119,49.89633184,0.4761904762,0.0,1.650819965,14.52644731,69.0,-18.94335693,-82.0,0.681686114,-3.6,1.92315423,0.6613545297,0.0444,58.02552921,0.0,0.02380952381,0.01720032841,0.7816091954,0.5669759199,0.5006289308,1.256039157,0.9017166089,1.212183216,0.97280068,1.176067545,0.8607828033,1.017645946,1.046428571,0.9736915247,0.8817891374,1.096165192,0.9919899746,0.8685572111,1.210980663,1.155965661,1.032098105,1.105555556,1.022675806,0.952715655,1.081967213,1.033233182,1.086543846,0.9328925681,1.116224189,1.123066393,0.7518367347,0.5216836735,3.691555614,0.03569444444,-0.04153354633,-0.05167660946,2.169660809,1.87,2235.796084,-2.71801813,-1.485059905,-0.3134356472,0.5088574899,-0.1854241924,9.673627043,5.098681808,18.20875424,35.29333391,0.1946069796,109.4258724,5.106527395,24.31554143,0.0,22.51475897,0.0,0.0,0.0,0.0,0.0,13.08951281,6.9237372,4.945775726,0.0,0.0,3.696888189,0.0,0.7510311384,0.1288113406,0.0,25.45064953
8.6,151.5257649,157.2635962,163.5218903,164.3794591,3.355555556,161.3458172,3.605429293,3.680365297,43.49756155,0.4573129252,0.05357142857,1.426901074,9.346938776,49.0,3.859410431,36.77777778,0.7026070582,-4.06,1.62628006,0.8337988097,0.0316,18.19910121,24.12316206,0.04268707483,0.03951247166,0.8531746032,0.6710431655,0.4052873563,1.054130241,0.8267878547,0.9874788557,1.032374101,1.072343379,0.8556774354,1.11485472,1.012147335,1.026409886,0.9977456833,1.090129795,1.029778526,1.131097181,1.109802158,0.8093704142,0.9731562305,1.027356322,1.13426717,0.8326726416,1.054320141,0.8210777852,0.945896658,0.9810562833,0.9005668399,0.8904870432,0.5968253968,0.3211805556,3.766037363,0.03952020202,-0.05537400896,-0.06967460441,1.686829229,2.75,1859.334395,-2.922220665,-1.904626993,-0.1552706544,0.3627522401,-0.09845408509,10.63357721,9.780484743,0.0,17.57815784,0.1524828092,14.02949913,13.57536728,25.06523039,0.0,11.25737949,0.0,12.0483115,0.0,-0.4136118403,24.95013983,0.0,11.63444168,4.877473763,0.0,0.0,0.0,1.501980667,0.6258641428,0.08765981412,0.0,33.15383706
8.301029996,146.94792,152.5312104,159.9369804,161.5140242,3.572815534,157.7866144,2.636087768,2.748248248,49.30967614,0.4743589744,0.01923076923,1.63025785,10.88345679,68.16345679,-17.80049383,-11.20296296,0.679730678,-3.68,1.821553217,0.7949875002,0.0326,35.95872634,12.7481417,0.02564102564,0.01875593542,0.787654321,0.6977861788,0.4227900943,1.21486115,0.8924210639,0.7991332812,1.05397066,1.172509348,0.9502477462,1.064684973,1.025702555,1.103003927,0.8352204022,1.178381933,0.9960623896,1.011175076,1.169392328,1.092462978,1.037942051,1.045881552,1.040636805,0.8109808117,0.9651116528,1.057080007,1.164158622,0.8392189399,0.996175354,1.022566517,0.6661678005,0.5043579932,3.670299879,0.04253387534,-0.09617441852,0.0004611167629,2.044765684,3.06,1935.60158,-3.660197484,-1.241504586,-0.3071880361,0.4700211901,-0.04538118536,4.983978521,0.0,18.55355576,23.27208584,0.168103657,43.01328283,0.0,20.37772696,5.917906046,0.0,0.0,12.21552075,0.0,0.0,5.817862778,0.0,18.88348407,4.976090825,0.0,0.0,1.987411367,0.0,0.7957274555,0.1458456799,0.0,25.81328012
5.795880017,144.1027622,150.3402747,157.2832898,158.2228931,3.753846154,154.7643358,2.794797178,2.942307692,50.02006968,0.49138322,0.02380952381,1.606288741,6.644628099,38.23385369,-3.049586777,35.15559637,0.6778019067,-3.8,1.68640862,0.7167116501,0.0287,40.09928197,12.13273414,0.008616780045,0.0,0.8229024943,0.6111111111,0.449132869,0.9994501054,0.7963795128,1.176492564,0.9166666667,1.080802063,0.9313135829,1.021465435,1.051293869,0.9801829355,0.9090066247,1.258961491,0.8785771904,0.9275138058,1.379881657,0.8789046908,0.8808674439,1.02689219,1.207712225,0.6093650198,0.8366360391,0.999384296,1.335756738,0.3819553817,0.9559527936,1.171450206,0.2719274376,0.2777777778,3.3579855,0.04094444444,-0.02647993937,-0.01540645135,1.954116119,2.52,1654.378846,-3.695747383,-0.7633718554,0.00284819115,0.07937513201,0.00896802514,4.567099648,0.0,17.82825202,11.38785599,0.2313117594,4.069284137,4.390415048,14.53505669,0.0,22.64523548,0.0,0.0,0.0,0.0,4.390415048,6.544756406,5.817220841,4.88992845,0.0,1.745355463,0.9231580688,0.0,0.5242119621,0.1086331621,0.0,26.16116463
6.634512015,144.2810228,149.0477527,155.1349513,156.1842024,3.346456693,155.9206171,2.56650663,2.564133987,50.72670447,0.4923809524,0.01428571429,1.67312449,9.907971684,63.32957149,-9.592797784,5.185937553,0.6914312962,-6.26,2.188226156,0.9784989037,0.00136,44.79899817,0.0,0.007619047619,0.01322751323,0.762962963,0.7189443188,0.5105410517,1.037282329,0.8082117581,1.139088046,1.178081897,1.179466224,0.8977825533,1.301041325,1.095117999,1.014697896,0.7910136905,1.096440328,1.046565127,0.9831248793,1.164607657,1.065255552,1.065264155,1.141138618,1.026131791,0.9726240794,1.078575983,1.017396676,1.005808185,0.7336215192,0.9501105924,1.027989545,0.7968707483,0.535643424,3.644663858,0.04284313725,-0.1437418656,-0.03671628967,2.136266088,2.4,3586.584842,-4.339824181,-1.552923209,-0.4308436379,0.3780573597,-0.3628585607,5.316788604,10.36057336,36.48334172,27.83180362,0.1654709228,15.77252385,0.0,19.74844179,0.0,28.58398029,0.0,0.0,0.0,0.6843980315,5.687386275,6.544756406,18.25485007,4.874359498,0.0,0.0,2.588293539,0.0,1.017758715,0.0761440227,0.0,32.07574041
8.236572006,143.8726478,149.5000864,154.5685514,152.9375133,3.7,154.1866516,2.368285101,2.052408618,51.8213122,0.5126984127,0.0,1.499561742,9.917355372,49.35047444,-7.950413223,30.98836853,0.6855703213,-5.73,1.291793651,0.6746867426,0.00697,38.99396439,4.699919916,0.0,0.0227994228,0.7787878788,0.5951690821,0.4843804974,1.055363266,0.7366999171,0.9990935483,1.024613117,1.115515568,0.7415862613,1.295347656,1.249672509,0.8787143251,1.361337442,0.980423144,1.08998115,0.8285287195,1.237101449,1.108303255,0.9572247846,1.258661257,1.321295438,1.307866288,1.095207972,0.9649527905,0.9111080556,0.4239261481,0.7689507446,0.9901672174,0.5258956916,0.2395833333,3.752600468,0.04252873563,-0.1776278867,0.09433505833,2.156663832,1.45,1363.706046,-4.565095883,-0.4387439456,-0.2175322567,0.1221352753,0.1041704129,4.983978521,0.0,6.066367068,21.4210879,0.2364748214,22.4351938,0.0,19.93591408,0.0,21.95893118,3.277053125,0.0,0.0,0.0,0.0,0.0,13.8474744,4.824530955,0.0,0.0,3.973463276,0.0,0.8208949336,0.1110709264,0.0,29.96628288
5.744727495,147.6606619,154.64466,163.5888857,162.2767769,3.305882353,160.4872522,3.010198604,3.040196078,50.76727958,0.4820952381,0.02,1.477486721,9.641528926,67.47658402,-13.37603306,-23.52800735,0.7124476124,-4.67,1.514299784,0.5343130683,0.0431,28.3797528,23.46952001,0.0179047619,0.04073368607,0.8091710758,0.7402756041,0.42622798,1.11394938,0.908847825,0.9750356332,1.054163571,1.135942566,0.9386461188,1.06810565,1.118561244,0.8984430075,1.130821924,1.04507822,1.041720081,1.085026067,1.123689511,0.9137359688,0.8489467275,1.048897097,1.17975814,0.7125822492,1.016955088,1.049935806,1.117044226,0.8995354701,0.9930200821,0.9524929355,0.5406349206,0.521789966,3.945131835,0.0427124183,-0.0203974743,0.01985879814,1.959476488,1.68,2157.481791,-2.730995998,-0.8155418155,-0.06155549106,0.07431723209,0.1671958509,10.30076712,0.0,6.9237372,12.2386844,0.1706753545,15.79293262,9.184952232,20.26872417,0.0,21.95893118,1.505444365,11.68415648,0.0,-0.005671073105,4.390415048,11.33929359,12.74095804,4.782522541,0.0,0.0,4.203868702,0.0,0.681984921,0.06542737998,0.0,25.40060836
7.744727495,148.087398,153.20103,159.5577868,157.1947602,3.677966102,156.3306909,2.608391608,2.384582257,49.27242716,0.4744444444,0.0,1.625579303,14.13609467,67.12130178,-9.403846154,16.65236686,0.6833808251,-3.13,2.017497412,0.9454088357,0.18,52.80408356,5.693927995,0.02555555556,0.04595959596,0.7595959596,0.5723827699,0.4675295088,1.155189703,0.8639795699,1.067828771,0.9225906489,1.17255152,0.9242434666,0.9119356312,0.9755859758,0.8687431111,0.8237364881,1.187727825,0.9979421523,1.364435217,1.329602795,1.11790151,1.018456598,1.172312798,1.119506915,0.8589733477,1.059096432,1.06176533,1.162356148,0.8453713461,0.9138338655,0.9438691875,0.5683446712,0.4010416667,3.682942306,0.03655555556,-0.06444748699,-0.008564166544,2.026898024,1.25,2365.439318,-3.401003974,-1.592536725,-0.1695724603,0.1604839975,-0.1950265088,11.05045608,5.098681808,12.13273414,11.21062871,0.1571462582,29.94895596,4.794537184,25.06523039,5.733667477,22.51475897,0.0,12.33728461,0.0,-0.1433771778,0.0,12.96557803,0.0,5.015075563,5.486146944,0.0,1.772567902,0.0,0.6759707009,0.1476931915,0.0,29.75240743
7.377785977,151.5397617,157.5474193,163.9182458,164.7179547,3.53271028,165.1169809,3.143637227,3.385135135,46.38335578,0.46359447,0.04838709677,1.493241297,8.5936,53.6384,-11.4772,-30.0544,0.6894086529,-4.25,1.662708558,0.6081274391,0.0196,5.57310453,18.19910121,0.03640552995,0.04960693955,0.812605042,0.7566673934,0.4694502873,1.083167515,0.8474360554,1.175789659,1.139452075,1.097325073,0.9144217359,1.004889248,1.080961164,0.9860373438,0.9626907703,1.054019491,1.017239667,0.914501734,1.10068275,1.073344015,1.040100864,0.8885699107,0.9266635793,0.6829368466,1.047397192,0.9223260991,0.9385948302,0.9752887061,1.006720808,1.007875642,0.7112018141,0.6163548753,3.981147632,0.04241975309,0.06624173245,-0.06311020323,1.752997727,2.78,2853.022347,-3.910720297,-1.724644867,-0.1041850566,0.3323877145,-0.1540221275,10.30076712,0.0,18.20875424,29.31392667,0.1391792811,36.58182932,8.780830095,25.38663948,4.992404733,11.38785599,0.0,0.0,0.0,0.806811067,14.46821637,6.544756406,18.55817888,4.865265677,0.0,0.0,1.992124129,0.0,0.8053607425,0.08374028396,0.0,29.32088182
8.15490196,149.7946163,155.2232052,161.5337457,162.7564201,3.495145631,162.6691366,2.949449449,2.887270766,46.83435575,0.4695238095,0.03333333333,1.540249265,9.715277778,59.44444444,-5.932291667,-1.888888889,0.6833808251,-3.89,1.81140835,0.834147917,0.0278,34.51459212,12.40490243,0.03047619048,0.0331547619,0.7973214286,0.6637198622,0.4527049508,1.13746691,0.8399818365,1.164451458,1.119086918,1.141041115,0.9079924669,0.9567080656,1.097750865,0.9765147666,0.9392887769,1.152983613,1.08147425,1.211116299,1.111491088,1.075910287,1.025956037,0.8807808757,0.9245521587,0.5255980233,1.03951183,0.8842050004,0.9039894258,1.001091511,0.9130160916,0.9793040106,0.5331972789,0.5538548753,3.773554151,0.0408994709,0.1186795255,0.001308756523,1.958504393,2.4,2265.696798,-3.616464109,-1.643035383,-0.2715606337,0.2960426579,-0.1066938453,10.30076712,5.425791397,24.27512131,29.31392667,0.1537670096,40.62400469,4.390415048,25.38663948,4.992404733,11.38785599,0.0,0.0,0.0,0.8747201751,10.07780132,6.544756406,18.90673365,4.848957738,0.0,0.0,2.284696408,0.0,0.7166344516,0.07940239484,0.0,30.18565182
6.970616222,144.7629259,147.7589175,153.50475,153.9041889,3.307692308,157.9388272,2.595588235,2.598870056,49.22976446,0.4826086957,0.0,1.735372024,6.734842951,26.51862673,-1.685902118,-0.1607012418,0.6732572563,-3.87,2.434591481,1.11403462,0.0207,33.77213846,0.0,0.01739130435,0.01956521739,0.75,0.5911242604,0.563096817,0.97878136,0.7846235028,1.233316744,1.079036348,1.152129437,0.9533476093,0.8490926167,1.017292389,0.975662232,0.8978491903,1.040318302,1.155467498,0.9035789474,1.086253983,1.053043714,0.9340563371,1.090552143,1.007845284,1.115573061,0.9179279139,0.9989757454,1.090007646,0.9127689359,1.025513645,1.077909055,0.2586394558,0.1962159864,2.774861885,0.02134680135,-0.1005165051,0.07486897859,2.076018519,1.91,1329.437404,-2.789726047,-1.178525788,-0.09450641028,0.3661234005,-0.2843668516,0.0,5.098681808,36.39820241,11.38785599,0.1934537568,53.96419523,0.0,20.16532066,0.0,33.77213846,0.0,0.0,0.0,0.0,0.0,0.0,0.0,4.808350992,0.0,0.0,0.0,0.0,0.4238365946,0.0761440227,0.0,30.60576651
7.657577319,145.9770422,152.953981,152.6842497,157.4450447,3.345132743,164.3073057,2.631858711,2.624958292,51.38666017,0.4913978495,0.01612903226,1.606975805,13.71306515,79.47213322,-8.124599502,-37.51675171,0.6894086529,-6.04,2.104484741,1.194041746,0.00148,45.37412621,16.69035448,0.008602150538,0.01518817204,0.7708333333,0.663694868,0.4977187343,1.160368181,0.8593066484,1.005233256,1.126869159,1.018835717,0.7802333168,1.119522259,1.033742759,1.129072193,1.13598634,1.029176312,1.079834249,0.9583783785,0.9829832107,1.329678525,1.32374746,0.8970563132,0.8180613897,1.173372775,0.9653634742,1.146837014,1.260601618,1.156194186,1.080027722,1.020986166,0.696462585,0.5130385488,3.623435714,0.04419753086,-0.009400924818,-0.001069349544,2.204546418,3.25,2128.759623,-4.681897176,-1.321207125,-0.3160646832,0.214884952,0.2585630642,5.316788604,5.425791397,52.80517724,10.57107519,0.1655533624,24.93919058,0.0,20.40266096,4.992404733,11.38785599,1.628356245,0.0,0.0,1.035422336,5.13155848,6.544756406,26.93698721,4.84886367,0.0,0.0,6.966363136,0.0,1.189562466,0.1146045727,0.0,33.67938053
6.759450752,145.817401,151.454821,156.37978,158.4971748,3.390909091,159.5717647,2.801690821,2.878185525,48.00479604,0.4731182796,0.01612903226,1.629104529,9.9336,56.6336,-8.894,-31.4544,0.6841461785,-5.51,1.961800927,0.919483369,0.00417,45.60046608,0.0,0.02688172043,0.0311502118,0.7828282828,0.6667444211,0.4979332692,1.169962633,0.8296626622,1.193766716,1.146201083,1.106385139,0.8657354966,0.8665076443,1.103095554,1.006789333,0.763072638,1.044833316,1.146620997,1.028728037,1.137795025,1.171247205,1.006796422,0.9733196061,0.9415522302,0.603465499,1.108686691,0.9506436683,0.9762147202,0.9730941466,1.028422971,1.054031506,0.5723809524,0.5755385488,3.682055263,0.04273901809,0.03947820925,-0.02998873392,1.982741402,1.29,2576.189981,-2.924066127,-1.877329191,-0.5710128707,0.4713133612,-0.4117141428,19.77449303,5.261891555,6.066367068,35.25921319,0.1689938919,151.4360865,9.473725908,14.95193556,0.0,40.21348046,0.0,0.0,0.0,0.0,5.687386275,6.544756406,18.25485007,4.848604167,0.0,0.0,2.688647868,0.0,0.7589589384,0.06263564417,0.0,30.3948269
7.602059991,145.2236585,149.1514683,154.0889835,152.6440717,3.3125,161.9569224,2.633499171,2.324404762,49.49423033,0.4818181818,0.0,1.72006025,9.592592593,43.41666667,-5.24691358,-3.444444444,0.6791339464,-3.95,1.964695999,0.9308270835,0.0195,39.1116119,0.0,0.01818181818,0.02055335968,0.752173913,0.5547337278,0.481025641,1.001194482,0.7998243965,1.165050455,1.016483516,1.144084148,0.8655335382,0.9818617667,1.077631579,0.9261065715,1.054548473,1.042631579,1.117415903,0.867221107,1.092548077,1.225300192,1.097782018,1.166075949,0.9568820966,1.147146907,1.174328358,0.9251387058,1.042223191,0.8532268875,1.0,0.830404064,0.3192290249,0.1518920068,3.205229003,0.03140522876,-0.009073121504,0.005526650006,2.081466837,1.98,1298.743643,-2.806878962,-1.118763185,-0.2748183316,0.330003265,-0.1698428165,0.0,5.098681808,24.26546827,11.21062871,0.2077652636,48.49656944,0.0,20.16532066,0.0,22.51475897,0.0,0.0,0.0,0.0,0.0,0.0,6.9237372,4.899567567,0.0,0.0,1.983792569,0.0,0.5306069401,0.09087175382,0.0,27.50802119
6.886056648,146.8104866,154.9455879,161.3904776,160.9577363,3.082644628,159.608501,2.497516397,2.308666088,51.13517741,0.4811111111,0.0,1.518409135,12.66836735,88.99589002,-6.530612245,7.893424036,0.6974691495,-5.98,2.03479173,0.8531149556,0.0101,77.20433024,0.0,0.01888888889,0.03368055556,0.8052083333,0.6948367859,0.4705006297,1.313549791,0.9773250885,1.078827989,0.9854656339,1.174396416,0.9440614041,0.9543023615,1.020392696,0.9605082762,1.121669844,1.035828361,1.05234692,1.237345569,1.148989899,1.028396791,0.8819080523,1.118439868,1.100297595,1.33869002,0.872814873,0.9848130722,1.152231848,0.855673272,0.8935884108,1.056761062,0.6630839002,0.3680909864,3.772563192,0.03703252033,-0.1396544643,-0.02193898849,2.029786661,1.53,2440.144633,-4.113241296,-1.666890384,-0.08270949534,0.3802555449,0.2006403332,19.77449303,0.0,6.9237372,5.693927995,0.1646906487,156.0293329,14.26826309,20.26872417,0.0,33.45795484,1.587612778,11.77331419,0.0,0.1215681455,0.0,11.21535881,6.9237372,4.830967851,0.0,0.0,5.025525567,0.0,0.7368419724,0.07931626887,0.0,29.65311583
7.677780705,144.8518441,149.9881012,155.3636532,157.6931515,3.032520325,154.5679094,2.82893139,2.695365392,50.36298046,0.4822916667,0.03125,1.560052763,10.00411523,39.47919524,-8.141289438,27.95488493,0.7099052407,-6.0,2.284998682,1.269061574,0.00274,28.32608003,12.13273414,0.01770833333,0.04544642857,0.7847619048,0.8966165414,0.6036328946,1.168977784,0.8681259562,0.9734439353,1.25262605,1.189421644,0.9195295294,1.380123951,1.159431485,1.084104458,0.9958271232,1.073288732,1.041194715,0.9550015946,0.9471075015,0.8686346981,0.7333420852,1.116942927,0.9046024589,0.4150866558,1.088137734,0.9808866168,0.9483155915,0.6461930756,0.8244531911,1.040606778,0.747755102,0.5451388889,3.46988882,0.03555555556,0.03678436028,0.08083754567,1.956776304,1.72,1583.778718,-6.23262373,-2.17389194,-0.6929963442,0.2609508786,-0.2832484972,10.05365156,0.0,12.13273414,10.58941147,0.1853540001,59.70582193,13.15465994,9.967957042,5.138973738,22.88687966,0.0,22.8538944,-3.726252327,0.0,11.37477255,10.02329115,13.8474744,4.832039031,5.152395327,0.0,3.942310562,-3.726252327,1.382938484,0.2224053718,0.01964185503,34.67418752
7.920818754,148.3230437,153.6196862,158.2335831,159.0367467,3.324786325,161.5850396,2.633242999,2.739921337,48.96478823,0.4774193548,0.01612903226,1.612747941,12.0,65.47633136,-3.5625,-25.18786982,0.6841461785,-4.58,2.132438035,0.8456570856,0.0115,51.58983439,0.0,0.02258064516,0.02971652004,0.7606060606,0.6428571429,0.5037471091,1.238129516,0.8585909922,1.14261408,1.139717425,1.191183018,0.900011591,1.056694826,1.114508656,0.9893753369,1.051190186,1.029734892,1.106422981,1.067098576,1.128205128,1.143922242,1.043999223,0.9905473011,0.9497406268,1.093573869,1.027032773,0.9426768748,0.9047231493,1.063615802,1.032676137,1.047450283,0.614829932,0.5130385488,3.568001683,0.04176767677,-0.0650879799,0.0631322927,2.054083455,2.38,1978.727963,-2.914043676,-1.855129128,-0.2290486959,0.4462532875,-0.2151664385,10.30076712,5.425791397,36.9300771,23.62654039,0.1554784522,32.88446216,0.0,25.38663948,4.992404733,11.38785599,0.0,0.0,0.0,0.9374637514,5.687386275,6.544756406,13.08951281,4.848683342,0.0,0.0,6.3612173,0.0,0.7694695736,0.06365387513,0.0,28.45934377
7.991399828,146.0295952,151.7288371,154.6627463,156.1004405,3.621052632,157.0994275,2.742881706,2.677557468,49.68752494,0.4982539683,0.03333333333,1.540160503,8.401991852,49.75638941,-10.11815301,-31.07342577,0.6833808251,-5.93,1.807395762,0.7932811173,0.00156,49.41545461,0.0,0.001746031746,0.01650793651,0.7952380952,0.6944113059,0.5479366939,1.133422462,0.7741049506,1.009401761,1.066716163,1.084240045,0.8152846252,1.080872133,1.034808065,1.04088595,1.053893075,1.020081767,1.170605241,1.121812825,1.100615814,1.114826791,1.210754579,1.104410906,1.077711062,1.34971943,0.9855352278,1.157535078,1.309873378,0.9683884234,1.04519691,0.9739428997,0.614829932,0.5130385488,3.74719309,0.0428042328,-0.1694435568,0.02905196501,2.03676864,3.31,2247.95735,-5.243183098,-1.098944915,-0.2790525781,0.325438258,0.1796228561,5.316788604,5.425791397,47.21284708,10.57107519,0.1704897904,23.0877971,0.0,20.40266096,4.992404733,11.38785599,1.59117158,0.0,0.0,1.013529331,5.13155848,6.544756406,13.08951281,4.848631425,0.0,0.0,2.616691449,0.0,1.045211369,0.1146045727,0.0,30.98343595
5.886056648,144.1851809,150.8419307,157.1409259,157.1307331,3.634782609,156.3895983,2.343209877,2.098566308,52.07746353,0.4851851852,0.0,1.785102788,15.6122449,84.22907122,-22.40816327,-138.755935,0.6807446078,-4.91,2.273263854,1.066625765,0.00274,41.98488435,22.20705519,0.01481481481,0.0,0.7592592593,0.5886792453,0.4237798681,1.131625525,0.9097212439,1.291044865,1.006451613,1.189452481,0.8877379939,1.145307783,1.048971596,0.9769784468,0.977530557,1.191190135,0.9299587479,1.294388551,1.32173913,1.228789108,1.07607442,1.223242147,1.069253308,1.169309747,1.309652846,0.9765857501,1.01391603,1.07729835,1.242377808,0.9516078848,0.5251247166,0.4453656463,3.34144599,0.03528395062,-0.0723920825,-0.1695336829,2.151216564,3.09,2086.58422,-4.575509382,-1.338907896,-0.1111993468,0.2818209518,0.04606378681,0.0,5.098681808,38.11294267,11.21062871,0.1811246968,10.62986842,0.0,19.74844179,0.0,22.51475897,0.0,0.0,0.0,0.0,0.0,12.96557803,0.0,4.998950662,0.0,0.0,5.33564435,0.0,0.9048170651,0.2052184453,0.0,29.28526947
7.614393726,146.6826228,153.8360163,154.393322,155.5745751,3.354545455,158.4971807,2.765855725,2.653451178,49.79497264,0.4860215054,0.03225806452,1.551471636,12.51557093,65.71322995,-10.23529412,-9.547396301,0.6841461785,-5.44,1.908587457,0.7850803925,0.00508,50.14233313,0.0,0.01397849462,0.01596102151,0.7947916667,0.6231671554,0.5229137409,1.192605992,0.850069437,1.154989437,1.066308244,1.032417708,0.7856842935,1.051754668,1.086841448,1.062812281,1.036202292,0.9933038209,1.204043191,1.124858731,1.074963343,1.08234411,1.094985792,1.074392778,1.042817834,1.179787543,0.9371297311,1.216995818,1.444234896,0.8145217849,0.9601867527,0.9243527456,0.5723809524,0.5755385488,3.763837885,0.04273901809,-0.09346467055,0.05190511898,2.043666788,2.51,2348.487522,-4.40313787,-1.630922844,-0.1549428418,0.3293047376,0.1962706546,10.05365156,5.425791397,35.61190719,17.68087273,0.202199992,91.84114925,4.736862954,20.40266096,4.992404733,17.13736782,1.602924671,0.0,0.0,1.019725553,5.13155848,6.544756406,13.08951281,4.848604167,0.0,0.0,2.652372549,1.66852335,0.9242705142,0.1146045727,0.0,28.80703149
5.400007822,144.1659287,146.4611805,150.345674,150.3059358,3.657142857,154.7125873,2.936661299,2.684210526,49.53705226,0.496969697,0.02272727273,1.640588694,8.211072664,21.16224529,-5.321799308,-22.92387543,0.6791339464,-4.75,2.011192365,0.7544554251,0.0162,32.6009031,11.33678588,0.00303030303,0.0404040404,0.7444444444,0.5650495216,0.5937989958,0.9628516733,0.7031077067,0.7048065247,0.9462143928,1.006242703,0.8340751701,0.9053621883,0.9828753946,0.9761923985,0.8028395177,1.104870018,0.9230244328,0.835696625,1.319121562,1.28671453,1.442003887,1.025769534,1.20936127,1.177296248,1.090468362,1.076783703,1.033600916,1.23099474,1.169939481,0.858760415,0.3780498866,0.1770833333,3.076270476,0.03416666667,0.04176821451,-0.1920347354,2.070040155,1.6,1489.676249,-4.157887985,-0.7328304335,-0.2856833452,0.1745109829,-0.01243551986,5.733667477,0.0,29.53588708,16.08777591,0.242259347,85.39038714,0.0,14.95193556,0.0,21.69797817,1.488243575,0.0,0.0,0.0,5.13155848,0.0,0.0,4.90972599,5.969542549,0.0,0.0,0.0,0.6593293144,0.1365279666,0.0,27.33328184
7.920818754,148.0103313,152.3722909,154.4269117,157.515908,3.467889908,158.6717354,2.822416552,2.890273451,48.38728898,0.4833333333,0.015625,1.512636097,10.85274894,55.63018497,-6.093425606,-2.323379897,0.6899617195,-5.01,1.75887232,0.809494363,0.0221,44.39282129,17.67532124,0.01666666667,0.04455357143,0.7752380952,0.6826911885,0.5078511369,1.110554208,0.7856332165,0.8104667601,1.109748378,1.064475138,0.8393745447,0.9755157886,1.089866148,1.139410328,0.9689674695,1.032431477,1.011680714,1.020690408,1.123295234,1.177260175,1.239492011,1.01916061,1.351042941,1.078624449,1.087785984,0.966006522,0.9435333642,0.6649973381,0.9409478723,0.9986526776,0.614829932,0.5755385488,3.913553022,0.04256038647,-0.0674455178,0.05935970433,1.990290858,2.06,2650.995469,-5.389817459,-1.673764192,-0.2951343705,0.1437584533,0.1172464586,11.05045608,5.425791397,35.61190719,16.26500318,0.1373791195,133.4514031,4.794537184,20.40266096,10.72607221,10.57107519,1.531695746,11.46331847,0.0,0.4731742973,5.13155848,6.544756406,13.08951281,4.84878054,5.397661056,0.0,2.479594771,0.0,0.9984880308,0.1269440053,0.0,30.95894759
5.73754891,146.2472804,155.0665108,160.0276797,159.9665408,3.226027397,160.4586872,2.301198257,2.331757289,50.61721457,0.4754901961,0.0,1.669179994,14.48652053,93.66565886,-5.41723356,-42.11413454,0.6737412396,-5.02,2.454275736,1.022323364,0.00361,83.89487604,6.420821623,0.02450980392,0.0,0.8039215686,0.6592034203,0.4998098034,1.341906357,0.9885089361,1.385687364,0.9870040283,1.169470853,0.9218194606,1.201758997,1.102617453,0.9743470307,1.170926028,1.167587636,0.950950482,1.211932411,1.059541571,1.16071508,1.03738592,0.951149575,0.9557179295,0.9964098172,0.9101594863,1.019900356,1.014957504,1.075495661,1.057963164,1.041049839,0.7340136054,0.5217191043,3.523004188,0.03283333333,0.01987775498,-0.04150680153,2.176777181,2.52,2336.466524,-5.251998152,-1.940031414,-0.2424870751,0.3372714553,-0.08202178319,14.04082556,5.098681808,18.20875424,41.90021587,0.1456046687,17.84970761,9.473725908,24.31554143,0.0,22.51475897,0.0,0.0,0.0,0.0,0.0,22.56323872,6.9237372,4.942378428,0.0,0.0,5.186592111,0.0,0.8190725202,0.1288113406,0.0,30.02085899
4.945386945,147.1889596,150.5716193,153.3000036,156.5291915,3.472727273,157.0717226,3.905328798,3.804257529,45.48331132,0.4644444444,0.01666666667,1.557441303,10.59924386,39.74102079,-11.68809074,-35.96030246,0.6888187153,-4.4,2.017017473,0.9830278467,0.0292,0.0,4.681802935,0.03555555556,0.05050505051,0.8050505051,0.6291793313,0.4916131253,1.035286165,0.7707667714,1.060415245,1.077760892,1.106167404,0.8555152636,0.7549113867,1.000354625,1.142212589,0.8753185132,1.047029998,1.19186736,1.101000288,1.029566179,0.9991903616,0.8821284576,0.9582893529,0.8639818236,1.008770503,0.9766345731,0.9850828399,1.070424328,0.922099812,1.03765017,0.9372538201,0.6815419501,0.454010771,3.506544483,0.04024305556,-0.0008832956259,0.08903173059,1.850266211,1.9,2079.53101,-3.363356727,-1.700926633,-0.4891252624,0.2840054021,-0.4165042679,15.20739338,0.0,12.13273414,22.63869376,0.1536183472,166.0474505,14.26826309,14.76446326,5.733667477,39.70116891,0.0,24.77564615,0.0,-0.5318461614,0.0,0.0,0.0,4.91143227,5.31165637,0.0,0.1482791863,0.0,0.7090739295,0.1275821809,0.0,33.15744284
7.229147988,146.706832,150.4211916,157.2180287,155.624632,3.840425532,156.0129653,2.43079922,2.243333333,49.63941333,0.48,0.02,1.703290391,11.6122449,53.6553288,-10.05102041,14.71655329,0.6721101656,-3.53,1.820130285,0.8012258203,0.0421,52.92801834,11.25737949,0.02,0.03555555556,0.7444444444,0.5510343119,0.4743616174,1.055773505,0.80721541,0.9749569999,0.9644239901,1.205106589,0.8953403162,1.024612699,1.040906118,0.9399790296,0.9690291201,1.105480018,0.9861356458,0.8739925742,1.400466752,1.176638495,1.014284157,1.245755025,1.122149969,1.004089861,1.078065299,1.038318774,1.189776802,0.6434846924,0.9164666449,0.9073254434,0.4654875283,0.2864583333,3.572187138,0.03872628726,-0.1178067524,0.08409987397,2.070572562,1.88,1931.093636,-2.909515047,-1.337104184,-0.135393362,0.324797326,-0.1713641244,5.733667477,5.098681808,12.13273414,11.21062871,0.2401462188,89.25961711,0.0,19.74844179,0.0,22.51475897,0.0,0.0,0.0,0.0,5.687386275,12.96557803,0.0,5.002782686,5.937321415,0.0,0.9634237738,0.0,0.6378313761,0.130682846,0.0,27.10759439
7.102372909,145.4483366,151.8452865,157.7991108,154.8832424,3.801801802,155.2950731,2.743405276,2.565118397,48.50866702,0.47,0.0,1.625579303,12.7904,60.96,-7.3536,40.68,0.6833808251,-3.81,1.948001808,0.8330296891,0.0527,47.28738284,5.693927995,0.03,0.01709677419,0.8129032258,0.5764779202,0.4763888889,1.150889609,0.8740111102,1.107962755,0.9053616221,1.159598231,0.9003036372,0.8795490602,0.9810560345,0.8919580082,0.6923643735,1.195779817,1.034431385,1.149771598,1.341606029,1.167634127,1.016925607,1.041724806,1.132918464,0.6301484994,1.016133094,1.043516976,1.129528642,0.8382428825,0.871557377,0.9482045186,0.5683446712,0.4010416667,3.695854381,0.03655555556,-0.01789490347,0.005818675611,1.994744098,1.66,2353.989797,-3.584926957,-1.219345458,-0.3702908775,0.2236858134,-0.2867259117,9.843390349,5.098681808,12.13273414,23.38096217,0.1932632161,38.82563308,14.63792753,19.74844179,0.0,22.51475897,0.0,12.17061795,0.0,-0.4733771778,0.0,17.70244098,0.0,5.015075563,0.0,0.0,0.6707660241,0.0,0.6666063312,0.1445717349,0.0,29.76070055
6.583359493,145.045857,151.7808163,154.5847109,162.0658088,3.066666667,153.7869852,2.466666667,2.283702409,52.22564214,0.4820512821,0.01923076923,1.737281155,18.88696655,91.43252595,-25.21607074,-111.1868512,0.7105510391,-5.28,2.368428181,1.346490872,0.0027,41.174265,5.693927995,0.01794871795,0.01761633428,0.7580246914,0.7604015041,0.4745684031,1.151053834,0.9811979846,0.8204296587,1.435418941,1.150658022,0.847892995,0.923798806,1.043212565,1.213894295,0.8992749702,1.08311348,0.9923983499,0.7568720209,1.159934498,0.9381128886,0.8060504642,1.36831172,1.15128987,0.7937709652,1.206264518,1.083114681,1.17929948,0.9197600469,1.110483351,0.9984535941,0.8785034014,0.6823270975,3.303997161,0.04949864499,-0.09577186839,-0.001318857314,2.055152759,3.06,1856.890625,-3.597444181,-1.302169865,-0.04458693,0.1663626326,0.09362744359,5.106527395,5.098681808,45.89405,11.38785599,0.2926393097,124.1941533,5.106527395,14.76446326,5.414990469,28.26427081,0.0,0.0,0.0,0.0,0.0,12.96557803,5.414990469,4.99633447,0.0,0.0,9.890925645,0.0,1.762182231,0.4665289338,0.1020620726,28.37327328
5.292429824,144.8592369,153.1948839,157.8095517,156.4750018,3.357142857,156.9958077,2.261235955,2.130630631,50.88332424,0.4787878788,0.02272727273,1.712429814,11.34122288,56.72583826,-5.509533202,0.9381985536,0.6791339464,-3.12,1.953354089,0.779650563,0.0613,53.60555146,0.0,0.02121212121,0.0,0.7893939394,0.5371361659,0.4872848997,1.317071019,0.9277488374,1.376667884,0.9640905543,1.105142608,0.8639504346,1.064883491,1.121568314,0.9891393624,0.9332383528,1.199617979,1.069699868,1.128096604,1.332510873,1.140732324,1.02407872,1.105640973,1.091268175,1.10130052,0.9005321662,1.023197291,1.197610234,0.9347662102,0.9831514515,0.8590729933,0.2719274376,0.2777777778,3.33204813,0.03963541667,-0.181512605,0.13761072,2.091157407,1.75,1554.327602,-2.562244436,-1.184396756,-0.1617551175,0.1009398481,-0.1232613423,9.303962602,0.0,6.066367068,18.49765353,0.3083900449,61.30429595,4.736862954,14.53505669,0.0,28.39474731,0.0,0.0,0.0,0.0,0.0,12.96557803,0.0,4.893937783,0.0,0.0,1.024334766,1.685364964,0.477495456,0.09033189192,0.0,23.98816943
7.585026652,143.0263923,147.2379897,153.7283912,156.6873333,3.518181818,157.9621341,2.851364522,2.794001967,49.59300473,0.4838709677,0.0,1.764174135,9.9336,54.56,-10.3024,-27.08,0.6841461785,-6.06,2.284893636,1.11548875,0.00087,50.62994439,0.0,0.01612903226,0.01451612903,0.75,0.6667444211,0.480081826,1.063024221,0.8006899081,1.002611425,1.178708887,1.122396289,0.9096887762,1.157469684,1.092054264,1.04526311,0.7913634388,1.084749553,1.068405771,0.9574627346,1.075450092,1.164393103,1.019252084,1.092894629,0.8713394097,1.067443475,1.064565483,0.8596356559,0.9366248321,0.8636708116,0.9542344104,1.004579115,0.7356462585,0.4462514172,3.358962553,0.03880434783,-0.1119247403,-0.08504151787,2.109014669,2.2,2090.993894,-3.097626129,-1.657906649,-0.3905481873,0.4828985212,-0.3199275181,4.983978521,5.261891555,30.33183534,34.23115751,0.1793978374,25.51876313,0.0,19.93591408,0.0,28.71445679,0.0,0.0,0.0,0.0,0.0,6.420821623,18.25485007,4.87862781,0.0,0.0,1.981682321,0.0,0.8235086609,0.07026332943,0.0,31.44058453
7.37675071,146.2217091,150.9941239,157.9963401,158.5402442,3.428571429,159.9072869,2.784425451,2.87962963,47.91974111,0.478125,0.015625,1.643342141,9.852748943,55.5171088,-7.83160323,-23.45905421,0.6848636974,-5.11,2.153891597,0.9798856559,0.00688,50.88435568,0.0,0.021875,0.02867647059,0.7588235294,0.6668742217,0.4816028966,1.182217953,0.8091796514,1.161434476,1.167654302,1.209208366,0.9053723345,1.029803856,1.128865679,0.9438083753,0.7913171568,1.08711971,1.101271972,1.048155457,1.138392857,1.132323358,1.04259701,1.017586478,0.945187391,0.6112380475,1.112031134,0.9473387046,0.956465875,0.9587730547,1.008931429,1.040676543,0.5731972789,0.6198625283,3.518533745,0.045,0.03965672389,-0.0283177358,2.004272784,0.92,2240.776417,-3.032394041,-1.691975118,-0.296404184,0.4181105421,-0.3103246066,10.30076712,5.261891555,12.13273414,46.29261463,0.1627685423,26.81160078,0.0,24.9198926,0.0,28.71445679,0.0,0.0,0.0,0.0,5.687386275,6.544756406,18.25485007,4.874762888,0.0,0.0,2.468875052,0.0,0.7702072531,0.06541342195,0.0,32.01951086
