sample,strategy,imputation,upstream,best_tl_rmse,best_st_rmse,abs_gain,pct_gain
5,LH,Gaussian,2,1.36319858736402,0.966070211758308,-0.397128375605712,-0.4110761006520568
5,LH,Gaussian,3,1.1863657707164224,0.966070211758308,-0.22029555895811437,-0.22803265878280496
5,LH,Gaussian,4,1.2824275928825228,0.966070211758308,-0.31635738112421485,-0.32746831159240974
5,LH,Mean,2,1.2160501463008042,0.966070211758308,-0.24997993454249623,-0.2587595927293081
5,LH,Mean,3,1.2154582088230872,0.966070211758308,-0.2493879970647792,-0.2581468655480822
5,LH,Mean,4,0.9625557670350454,0.966070211758308,0.0035144447232625664,0.0036378771237196707
5,LH-E2E,Gaussian,2,1.2615954775371283,0.966070211758308,-0.2955252657788203,-0.30590454211495244
5,LH-E2E,Gaussian,3,1.0671368242123167,0.966070211758308,-0.10106661245400872,-0.10461621859767438
5,LH-E2E,Gaussian,4,1.2761355123609561,0.966070211758308,-0.31006530060264814,-0.32095524406896886
5,LH-E2E,Mean,2,1.091584527241819,0.966070211758308,-0.125514315483511,-0.12992256044730655
5,LH-E2E,Mean,3,1.119145749610744,0.966070211758308,-0.153075537852436,-0.15845177295533103
5,LH-E2E,Mean,4,0.9242034215477312,0.966070211758308,0.04186679021057682,0.04333721265908474
5,MLP,Gaussian,2,1.3996240661848278,0.966070211758308,-0.43355385442651984,-0.44878089516643394
5,MLP,Gaussian,3,1.094965293131209,0.966070211758308,-0.12889508137290107,-0.133422063742452
5,MLP,Gaussian,4,1.418564369509093,0.966070211758308,-0.45249415775078505,-0.4683864094383135
5,MLP,Mean,2,1.1519703448266996,0.966070211758308,-0.1859001330683916,-0.19242921560539764
5,MLP,Mean,3,1.219307460509515,0.966070211758308,-0.2532372487512071,-0.26213130854153915
5,MLP,Mean,4,0.9201705170743668,0.966070211758308,0.04589969468394117,0.04751175859195665
5,MLP-E2E,Gaussian,2,1.2044905291605341,0.966070211758308,-0.23842031740222613,-0.24679398505444683
5,MLP-E2E,Gaussian,3,1.0851329290450673,0.966070211758308,-0.11906271728675932,-0.12324437275636287
5,MLP-E2E,Gaussian,4,1.2742825879814628,0.966070211758308,-0.3082123762231548,-0.3190372422954529
5,MLP-E2E,Mean,2,1.0777815077397401,0.966070211758308,-0.11171129598143215,-0.11563475886303401
5,MLP-E2E,Mean,3,1.1079211573564798,0.966070211758308,-0.1418509455981718,-0.14683295672681412
5,MLP-E2E,Mean,4,0.9537978159013176,0.966070211758308,0.012272395856990359,0.012703420214824587
10,LH,Gaussian,2,1.1357881623560948,0.9087907724740993,-0.22699738988199547,-0.24977959367260733
10,LH,Gaussian,3,1.2438522713981135,0.9087907724740993,-0.33506149892401416,-0.3686893717151639
10,LH,Gaussian,4,1.1731983110269886,0.9087907724740993,-0.26440753855288923,-0.2909443477656183
10,LH,Mean,2,1.1117135897361268,0.9087907724740993,-0.20292281726202743,-0.22328881785362842
10,LH,Mean,3,1.0100340173229523,0.9087907724740993,-0.10124324484885294,-0.11140434951075429
10,LH,Mean,4,1.0108225817895318,0.9087907724740993,-0.10203180931543243,-0.11227205689782722
10,LH-E2E,Gaussian,2,1.0122342947616403,0.9087907724740993,-0.10344352228754095,-0.11382545402163961
10,LH-E2E,Gaussian,3,0.9506919732038938,0.9087907724740993,-0.04190120072979442,-0.04610654289074949
10,LH-E2E,Gaussian,4,0.9080703005558428,0.9087907724740993,0.0007204719182565267,0.0007927808468995653
10,LH-E2E,Mean,2,0.8110317096075748,0.9087907724740993,0.09775906286652458,0.10757048357828779
10,LH-E2E,Mean,3,0.8962074671617138,0.9087907724740993,0.012583305312385495,0.013846207172778178
10,LH-E2E,Mean,4,0.8683294760921062,0.9087907724740993,0.04046129638199314,0.04452212501216422
10,MLP,Gaussian,2,1.0518521553031412,0.9087907724740993,-0.1430613828290419,-0.15741949320146642
10,MLP,Gaussian,3,1.2585950253715579,0.9087907724740993,-0.34980425289745853,-0.38491175691094287
10,MLP,Gaussian,4,1.134095252236049,0.9087907724740993,-0.22530447976194967,-0.24791677753128913
10,MLP,Mean,2,0.9932202146614663,0.9087907724740993,-0.08442944218736692,-0.09290305837669932
10,MLP,Mean,3,1.0107655507771742,0.9087907724740993,-0.10197477830307489,-0.11220930206570862
10,MLP,Mean,4,0.9754279672396962,0.9087907724740993,-0.06663719476559682,-0.07332512255178734
10,MLP-E2E,Gaussian,2,0.9678812846538943,0.9087907724740993,-0.059090512179794996,-0.06502103010897273
10,MLP-E2E,Gaussian,3,1.4636570099357937,0.9087907724740993,-0.5548662374616944,-0.6105544359249182
10,MLP-E2E,Gaussian,4,1.1553203928489846,0.9087907724740993,-0.24652962037488524,-0.27127214298592733
10,MLP-E2E,Mean,2,0.8144835126388391,0.9087907724740993,0.09430725983526023,0.10377224625478687
10,MLP-E2E,Mean,3,0.9083177777576498,0.9087907724740993,0.0004729947164495707,0.0005204660200960075
10,MLP-E2E,Mean,4,0.851854377308178,0.9087907724740993,0.056936395165921305,0.06265071883478439
20,LH,Gaussian,2,0.8809746237068086,0.6109546899581245,-0.27001993374868405,-0.4419639266001731
20,LH,Gaussian,3,0.8455730907913067,0.6109546899581245,-0.2346184008331822,-0.3840193138533124
20,LH,Gaussian,4,1.0288867936507826,0.6109546899581245,-0.4179321036926581,-0.6840639912614528
20,LH,Mean,2,0.8583364410956824,0.6109546899581245,-0.2473817511375579,-0.40491014342571574
20,LH,Mean,3,0.7870919835351856,0.6109546899581245,-0.1761372935770611,-0.2882984556336473
20,LH,Mean,4,0.8729820394323278,0.6109546899581245,-0.26202734947420325,-0.4288818038080089
20,LH-E2E,Gaussian,2,0.7220240860362239,0.6109546899581245,-0.1110693960780994,-0.18179645381838744
20,LH-E2E,Gaussian,3,0.8557998402060545,0.6109546899581245,-0.24484515024792997,-0.40075827925097346
20,LH-E2E,Gaussian,4,1.0283458202616615,0.6109546899581245,-0.41739113030353703,-0.6831785354363111
20,LH-E2E,Mean,2,0.625019345094166,0.6109546899581245,-0.014064655136041493,-0.023020782665577867
20,LH-E2E,Mean,3,0.6841859931318878,0.6109546899581245,-0.07323130317376325,-0.11986372210152377
20,LH-E2E,Mean,4,0.7005908690367545,0.6109546899581245,-0.08963617907862997,-0.14671493737902844
20,MLP,Gaussian,2,0.8313085643274578,0.6109546899581245,-0.2203538743693333,-0.3606713852780745
20,MLP,Gaussian,3,0.8625290366719209,0.6109546899581245,-0.2515743467137964,-0.4117725108731706
20,MLP,Gaussian,4,1.1002003337942752,0.6109546899581245,-0.48924564383615066,-0.8007887522226633
20,MLP,Mean,2,0.7362883280145578,0.6109546899581245,-0.12533363805643327,-0.20514391675268712
20,MLP,Mean,3,0.7884554611622764,0.6109546899581245,-0.17750077120415186,-0.29053017207596515
20,MLP,Mean,4,0.8643714300602618,0.6109546899581245,-0.25341674010213733,-0.4147881082957343
20,MLP-E2E,Gaussian,2,0.7235874045459213,0.6109546899581245,-0.11263271458779678,-0.18435526633819072
20,MLP-E2E,Gaussian,3,0.7971737972094872,0.6109546899581245,-0.1862191072513627,-0.3048001927346304
20,MLP-E2E,Gaussian,4,1.002992941986599,0.6109546899581245,-0.39203825202847453,-0.6416813856610958
20,MLP-E2E,Mean,2,0.6218510175410301,0.6109546899581245,-0.010896327582905596,-0.01783491928616252
20,MLP-E2E,Mean,3,0.6705042375721609,0.6109546899581245,-0.05954954761403641,-0.09746966279630001
20,MLP-E2E,Mean,4,0.6629246645544739,0.6109546899581245,-0.05196997459634933,-0.08506354963886342
50,LH,Gaussian,2,1.0407864235839213,1.0541648531986922,0.013378429614770981,0.012691022257264893
50,LH,Gaussian,3,1.0936316378329631,1.0541648531986922,-0.03946678463427089,-0.037438911489522095
50,LH,Gaussian,4,1.1869073033016442,1.0541648531986922,-0.13274245010295194,-0.12592190841894083
50,LH,Mean,2,1.0309148491776627,1.0541648531986922,0.023250004021029502,0.02205537772434846
50,LH,Mean,3,0.9296167567342624,1.0541648531986922,0.12454809646442988,0.11814859515237004
50,LH,Mean,4,1.051248876503014,1.0541648531986922,0.002915976695678335,0.002766148659605067
50,LH-E2E,Gaussian,2,0.9693323990244586,1.0541648531986922,0.08483245417423368,0.08047361275309395
50,LH-E2E,Gaussian,3,0.9499469404377044,1.0541648531986922,0.1042179127609878,0.09886301221744914
50,LH-E2E,Gaussian,4,0.7164212872052097,1.0541648531986922,0.33774356599348254,0.3203897046734716
50,LH-E2E,Mean,2,0.6919070367035878,1.0541648531986922,0.36225781649510447,0.3436443696599179
50,LH-E2E,Mean,3,0.8165035534505231,1.0541648531986922,0.23766129974816919,0.22544984214473146
50,LH-E2E,Mean,4,0.8535071984077351,1.0541648531986922,0.2006576547909571,0.19034750986251722
50,MLP,Gaussian,2,0.9690559029631165,1.0541648531986922,0.08510895023557574,0.08073590195814861
50,MLP,Gaussian,3,1.0904771319005397,1.0541648531986922,-0.0363122787018475,-0.03444648964691223
50,MLP,Gaussian,4,1.1973002395460925,1.0541648531986922,-0.1431353863474003,-0.13578083723155748
50,MLP,Mean,2,0.8765728887999935,1.0541648531986922,0.17759196439869873,0.1684669754069534
50,MLP,Mean,3,0.9308365113669197,1.0541648531986922,0.12332834183177255,0.11699151366842928
50,MLP,Mean,4,1.0376194574410655,1.0541648531986922,0.016545395757626702,0.01569526408267396
50,MLP-E2E,Gaussian,2,0.9757585682607554,1.0541648531986922,0.07840628493793689,0.07437763144922327
50,MLP-E2E,Gaussian,3,0.9124090084152917,1.0541648531986922,0.14175584478340053,0.13447217895120048
50,MLP-E2E,Gaussian,4,1.109733538377682,1.0541648531986922,-0.05556868517898983,-0.052713467927123225
50,MLP-E2E,Mean,2,0.6823475484370123,1.0541648531986922,0.37181730476167996,0.3527126745247299
50,MLP-E2E,Mean,3,0.8158797092068615,1.0541648531986922,0.23828514399183076,0.22604163216862444
50,MLP-E2E,Mean,4,0.8238912814334576,1.0541648531986922,0.23027357176523466,0.2184417086820025
75,LH,Gaussian,2,1.0733297643435133,0.8588370688231854,-0.2144926955203279,-0.24974783146497714
75,LH,Gaussian,3,1.0619865892153226,0.8588370688231854,-0.20314952039213718,-0.23654023302755336
75,LH,Gaussian,4,1.1769756180876276,0.8588370688231854,-0.3181385492644422,-0.3704294572431171
75,LH,Mean,2,1.0471729291755403,0.8588370688231854,-0.18833586035235483,-0.21929172271339023
75,LH,Mean,3,0.9504810865731017,0.8588370688231854,-0.09164401774991626,-0.10670710554621349
75,LH,Mean,4,1.065092225966476,0.8588370688231854,-0.20625515714329046,-0.24015632840104342
75,LH-E2E,Gaussian,2,0.9807364633665407,0.8588370688231854,-0.1218993945433553,-0.14193541355915967
75,LH-E2E,Gaussian,3,0.9277393657310443,0.8588370688231854,-0.06890229690785887,-0.08022743708800517
75,LH-E2E,Gaussian,4,0.8061152583803983,0.8588370688231854,0.05272181044278712,0.06138744164248611
75,LH-E2E,Mean,2,0.7785424225656082,0.8588370688231854,0.0802946462575772,0.09349229227797573
75,LH-E2E,Mean,3,0.8337985909291689,0.8588370688231854,0.025038477894016586,0.029153932454645162
75,LH-E2E,Mean,4,0.8703133842839278,0.8588370688231854,-0.011476315460742348,-0.013362622408075231
75,MLP,Gaussian,2,1.058208771173363,0.8588370688231854,-0.19937170235017754,-0.2321414731473631
75,MLP,Gaussian,3,1.0768280176685676,0.8588370688231854,-0.21799094884538217,-0.2538210759161601
75,MLP,Gaussian,4,1.176877117637051,0.8588370688231854,-0.3180400488138655,-0.3703147667457546
75,MLP,Mean,2,0.897799055688388,0.8588370688231854,-0.03896198686520258,-0.04536598183703217
75,MLP,Mean,3,0.9497746848995354,0.8588370688231854,-0.09093761607634998,-0.10588459601651395
75,MLP,Mean,4,1.072964808708958,0.8588370688231854,-0.2141277398857726,-0.2493228898226056
75,MLP-E2E,Gaussian,2,1.0060492930495095,0.8588370688231854,-0.14721222422632407,-0.1714087916908855
75,MLP-E2E,Gaussian,3,0.9129878059732163,0.8588370688231854,-0.054150737150030825,-0.06305123418139186
75,MLP-E2E,Gaussian,4,1.0819831129179864,0.8588370688231854,-0.223146044094801,-0.25982348945483347
75,MLP-E2E,Mean,2,0.7561985064626404,0.8588370688231854,0.10263856236054503,0.11950877073946597
75,MLP-E2E,Mean,3,0.8339000863698144,0.8588370688231854,0.02493698245337106,0.029035754695056138
75,MLP-E2E,Mean,4,0.8482835314403665,0.8588370688231854,0.010553537382818945,0.012288171721884157
