AATS1i,AATS2i,AATS2s,AATS3d,AATS3i,AATS3v,AATS4i,AATS5d,AATS6i,AATS7s,AATS8s,AATSC0c,AATSC0v,AETA_alpha,AETA_beta_ns_d,AMID_C,ATSC0i,ATSC1d,ATSC1dv,ATSC7d,ATSC8d,ATSC8dv,AXp-0d,AXp-1d,Ali_Log_S,BCUTi-1h,BCUTi-1l,BCUTs-1h,BCUTs-1l,CIC1,CIC2,ESOL_Solubility_(mg/ml),EState_VSA1,EState_VSA2,EState_VSA3,EState_VSA4,EState_VSA5,EState_VSA6,ETA_dAlpha_B,ETA_dEpsilon_C,ETA_dEpsilon_D,ETA_epsilon_5,GATS1c,GATS1d,GATS1dv,GATS1i,GATS1v,GATS2c,GATS2d,GATS2dv,GATS2i,GATS2s,GATS2v,GATS3c,GATS3d,GATS3dv,GATS3i,GATS3p,GATS3s,GATS4dv,GATS4i,GATS4s,GATS5c,GATS5d,GATS5dv,GATS5i,GATS5p,GATS6d,GATS6dv,GATS6i,GATS6p,GATS6s,GATS6v,GATS7c,GATS7d,GATS7dv,GATS7i,GATS7p,GATS8c,GATS8d,GATS8dv,GATS8i,GGI5,GGI6,GGI7,GGI8,GGI9,IC1,IC2,JGI3,JGI4,MATS1c,MATS2s,MATS6s,MATS7s,MATS8s,MAXaaCH,MINaasC,MLOGP,MOMI-Z,Mor02m,Mor03m,Mor10m,Mor11m,Mor12m,Mor13m,Mor16m,Mor21m,Mor22m,Mor23m,Mor26m,Mor30m,Mor31m,PEOE_VSA1,PEOE_VSA11,PEOE_VSA2,PEOE_VSA3,PEOE_VSA4,PEOE_VSA6,PEOE_VSA7,PEOE_VSA9,RNCG,RNCS,RPCG,SMR_VSA1,SMR_VSA3,SMR_VSA4,SMR_VSA5,SMR_VSA6,SMR_VSA9,SaaNH,SaaS,SdCH2,SdO,SdS,SddssS,SdsCH,SdsN,SdssC,Silicos-IT_Log_P,SlogP_VSA10,SlogP_VSA2,SlogP_VSA3,SlogP_VSA4,SpDiam_A,SsCH3,SsNH2,SsOH,SssO,SssS,SsssCH,TASA,TSRW10,TopoPSA(NO),VSA_EState7,VSA_EState8,VSA_EState9,Xc-3dv,Xc-4dv,Xc-5d,Xc-5dv,Xc-6dv,Xch-6d,ZMIC2,iLOGP
151.5397617,157.5474193,3.272713911141844,3.587033504244681,163.9182458,222.28522649609928,164.7179547,3.53271028,165.1169809,3.143637227,3.385135135,0.016601520787276593,46.38335578,0.46359447,0.04838709677,1.493241297,86.76923015042554,8.5936,53.6384,-11.4772,-4.059880343654929,-30.0544,0.6894086529,0.432423611443617,-4.25,15.242407685106382,10.701758785141843,5.70477858691844,1.1150805523631204,1.662708558,0.6081274391,0.0196,2.4164533223333335,4.9659163038191485,12.502109570932625,5.57310453,18.19910121,16.626085250723403,0.03640552995,-0.09328502273886526,0.04960693955,0.812605042,1.4557518449503546,0.7566673934,0.4694502873,1.083167515,0.8474360554,1.175789659,1.139452075,0.8630156722989362,1.097325073,0.5823498062,0.9144217359,1.004889248,1.0853830795439714,1.080961164,0.9860373438,0.9492245377014187,0.9626907703,1.054019491,1.017239667,0.914501734,1.0527459188042554,1.10068275,1.0446875290514184,1.073344015,1.040100864,1.0877841560173758,0.8885699107,0.9820830857031915,0.9266635793,0.6829368466,0.9836227129929077,0.9953989918386523,1.097887927582624,1.047397192,0.9223260991,0.9385948302,0.9752887061,0.9800191619141844,1.006720808,1.007875642,0.8774714342312057,0.7112018141,0.6163548753,0.28152588031453896,0.1991174152756383,3.981147632,4.644136198432625,0.041280412057765954,0.04241975309,-0.43850480901382977,0.07284758476946951,0.06624173245,-0.02694792288,-0.06311020323,1.752997727,0.4161539874454255,2.78,2853.022347,30.56534244,-3.910720297,0.8889980275676952,0.6845995323817021,1.3907987367042554,-1.724644867,0.3949605066559954,-0.16740066906518794,-0.21229562357010498,-0.7422368534921986,-0.1041850566,0.3323877145,-0.1540221275,10.30076712,4.169084296134752,9.019891914145392,9.344086562957447,0.0,18.20875424,45.646522313333335,29.31392667,0.1391792811,36.58182932,0.07010002312,8.780830095,25.38663948,4.992404733,16.123639934297874,6.838650666432625,11.38785599,1.3870471091808512,0.0,0.0,0.0,0.5120103576595745,0.0,1.7097681279748227,0.9415251031170212,0.806811067,4.272978723404255,14.46821637,32.46515906,6.544756406,18.55817888,4.865265677,2.5526396382127663,0.0,0.9490765134113476,0.0,0.0,0.033668482947943265,556.093109458156,79.05367202301419,81.23,4.3393117083241135,1.992124129,0.0,0.8053607425,0.013554159652021275,0.39325319552705673,0.08374028396,0.0,0.5490650829230498,29.32088182,2.4160638297872343
145.6756489,152.3692317,3.272713911141844,3.587033504244681,156.7243031,222.28522649609928,158.5660927,3.369369369,159.4311695,2.820304818,2.793756146,0.016601520787276593,48.00479604,0.4731182796,0.01612903226,1.622721684,86.76923015042554,9.9336,59.6336,-10.1108,-4.059880343654929,-1.5408,0.6841461785,0.432423611443617,-5.23,15.242407685106382,10.701758785141843,5.70477858691844,1.1150805523631204,1.978490264,0.959483369,0.00449,2.4164533223333335,4.9659163038191485,12.502109570932625,40.03047287,0.0,16.626085250723403,0.02688172043,-0.09328502273886526,0.01606182796,0.7979166667,1.4557518449503546,0.6667444211,0.4928543905,1.253901445,0.8579165357,1.263143658,1.146201083,0.8630156722989362,1.126765514,0.6367795801,0.8542836326,0.9479241672,1.0853830795439714,1.104689293,1.036446104,0.9492245377014187,0.7493841166,1.034176102,1.105811125,0.9985451631,1.0527459188042554,1.127544619,1.0446875290514184,1.119860331,0.9749229542,1.0877841560173758,1.086820551,0.9820830857031915,0.8720432635,0.6671579862,0.9836227129929077,0.9953989918386523,1.097887927582624,1.022812614,1.096381135,1.135496843,0.89754036,0.9800191619141844,0.9796886227,0.9783350062,0.8774714342312057,0.5723809524,0.5755385488,0.28152588031453896,0.1991174152756383,3.665365926,4.644136198432625,0.041280412057765954,0.04273901809,-0.43850480901382977,0.07284758476946951,-0.01323283817,-0.06183612388,0.001028379954,1.993581034,0.4161539874454255,1.56,1801.206755,28.28848451,-3.062389242,0.8889980275676952,0.6845995323817021,1.3907987367042554,-1.966806931,0.3949605066559954,-0.16740066906518794,-0.21229562357010498,-0.7422368534921986,-0.6798670227,0.7196377646,-0.3665019633,14.79051451,4.169084296134752,9.019891914145392,9.344086562957447,5.261891555,6.066367068,45.646522313333335,29.55874348,0.1732788131,148.1751399,0.08816961431,9.473725908,14.53505669,0.0,16.123639934297874,6.838650666432625,34.77396375,1.3870471091808512,0.0,0.0,0.0,0.5120103576595745,0.0,1.7097681279748227,0.9415251031170212,0.0,4.272978723404255,5.687386275,21.327999,6.544756406,18.25485007,4.848604167,2.5526396382127663,0.0,0.9490765134113476,10.9890741,0.0,0.033668482947943265,556.093109458156,79.05367202301419,84.99,4.3393117083241135,2.72396651,0.0,0.7585393788,0.013554159652021275,0.39325319552705673,0.06274916425,0.0,0.5490650829230498,31.26935238,2.4160638297872343
144.0134583,150.126197,3.272713911141844,3.587033504244681,156.8461685,222.28522649609928,153.5723163,3.865979381,156.7137158,2.356688122,2.087254445,0.016601520787276593,51.04803271,0.4928571429,0.01923076923,1.710001269,86.76923015042554,12.73336939,67.91639792,-20.64196863,-4.059880343654929,-38.35570779,0.679730678,0.432423611443617,-4.76,15.242407685106382,10.701758785141843,5.70477858691844,1.1150805523631204,1.882225511,0.7536365571,0.00255,2.4164533223333335,4.9659163038191485,12.502109570932625,47.37110857,16.82083098,16.626085250723403,0.007142857143,-0.09328502273886526,0.0,0.7879120879,1.4557518449503546,0.5602350279,0.4318447912,1.098254068,0.8150876153,1.314057055,0.9656629185,0.8630156722989362,1.20195393,0.802777227,0.8248936248,1.162451852,1.0853830795439714,1.122979597,0.9005178782,0.9492245377014187,1.07024599,1.142759713,1.026477864,1.104286557,1.0527459188042554,1.277430991,1.0446875290514184,1.254770926,0.9894774431,1.0877841560173758,1.240392507,0.9820830857031915,0.9625365914,1.264429857,0.9836227129929077,0.9953989918386523,1.097887927582624,1.226162045,1.006670644,1.045596152,0.7989429637,0.9800191619141844,1.006643446,0.9886050964,0.8774714342312057,0.6131972789,0.4288548753,0.28152588031453896,0.1991174152756383,3.544039244,4.644136198432625,0.041280412057765954,0.04044973545,-0.43850480901382977,0.07284758476946951,-0.1398244797,-0.1165371515,-0.1514373106,2.125990226,0.4161539874454255,3.15,2177.837598,20.78246748,-2.909144122,0.8889980275676952,0.6845995323817021,1.3907987367042554,-1.147689069,0.3949605066559954,-0.16740066906518794,-0.21229562357010498,-0.7422368534921986,-0.4462850492,0.3119019792,-0.02368572528,0.0,4.169084296134752,9.019891914145392,9.344086562957447,5.098681808,29.8000411,45.646522313333335,21.92719002,0.1910926599,9.627587987,0.08464523789,0.0,19.74844179,0.0,16.123639934297874,6.838650666432625,22.51475897,1.3870471091808512,0.0,0.0,0.0,0.5120103576595745,0.0,1.7097681279748227,0.9415251031170212,0.0,4.272978723404255,0.0,19.74844179,12.96557803,6.9237372,5.000147947,2.5526396382127663,0.0,0.9490765134113476,0.0,0.0,0.033668482947943265,556.093109458156,79.05367202301419,43.6,4.3393117083241135,2.883960967,0.0,0.8170731478,0.013554159652021275,0.39325319552705673,0.2038753515,0.0,0.5490650829230498,27.68479521,2.4160638297872343
146.5993687,154.1669417,3.272713911141844,3.587033504244681,159.7211343,222.28522649609928,160.2334063,3.412371134,157.6714408,2.789948692,2.688571257,0.016601520787276593,51.66154758,0.4942528736,0.0,1.431447135,86.76923015042554,11.87,75.11964444,-5.64,-4.059880343654929,26.19964444,0.6971368173,0.432423611443617,-6.95,15.242407685106382,10.701758785141843,5.70477858691844,1.1150805523631204,1.648447688,0.5652932501,0.00457,2.4164533223333335,4.9659163038191485,12.502109570932625,50.71112305,0.0,16.626085250723403,0.005747126437,-0.09328502273886526,0.03485354097,0.8053763441,1.4557518449503546,0.6650115856,0.4779477044,1.228012266,0.8749425937,0.8909175888,0.9456140351,0.8630156722989362,1.106504655,0.5603797909,0.8701675144,1.07023076,1.0853830795439714,1.034606877,0.8681295929,0.9492245377014187,0.915101555,1.101335129,1.058849269,1.376825005,1.0527459188042554,1.107795261,1.0446875290514184,1.006497601,0.827745925,1.0877841560173758,1.173792156,0.9820830857031915,1.15118977,1.392880882,0.9836227129929077,0.9953989918386523,1.097887927582624,1.065235378,1.038845107,0.8922866148,0.8003754203,0.9800191619141844,0.8960468008,1.050911894,0.8774714342312057,0.6370068027,0.4930909864,0.28152588031453896,0.1991174152756383,3.995408502,4.644136198432625,0.041280412057765954,0.03995833333,-0.43850480901382977,0.07284758476946951,-0.1033774514,-0.1345191316,0.08512529267,2.097914513,0.4161539874454255,1.34,2421.485615,28.99992128,-5.985861375,0.8889980275676952,0.6845995323817021,1.3907987367042554,-0.7117091594,0.3949605066559954,-0.16740066906518794,-0.21229562357010498,-0.7422368534921986,-0.09575072774,0.2428381953,0.2028940593,15.03763008,4.169084296134752,9.019891914145392,9.344086562957447,0.0,19.41092589,45.646522313333335,34.57272627,0.1756174026,36.04326419,0.1589936585,9.531400138,25.25270269,0.0,16.123639934297874,6.838650666432625,21.95893118,1.3870471091808512,3.1530174,0.0,11.85223036,0.5120103576595745,0.0,1.7097681279748227,0.9415251031170212,-0.4359976129,4.272978723404255,4.794537184,32.63603612,11.28161936,6.9237372,4.831551496,2.5526396382127663,0.0,0.9490765134113476,5.145563254,0.0,0.033668482947943265,556.093109458156,79.05367202301419,92.79,4.3393117083241135,4.691401677,0.0,0.8298151429,0.013554159652021275,0.39325319552705673,0.1110709264,0.0,0.5490650829230498,29.79848615,2.4160638297872343
150.1287662,155.577371,3.272713911141844,3.587033504244681,160.8336168,222.28522649609928,160.1387595,3.341463415,162.5521344,2.748106061,2.791894353,0.016601520787276593,47.59726111,0.4707070707,0.0303030303,1.519969228,86.76923015042554,11.33190083,75.49586777,-3.483636364,-4.059880343654929,-2.421487603,0.6904812668,0.432423611443617,-3.54,15.242407685106382,10.701758785141843,5.70477858691844,1.1150805523631204,2.01541337,0.9098018185,0.0997,2.4164533223333335,4.9659163038191485,12.502109570932625,51.71376917,13.26227256,16.626085250723403,0.02929292929,-0.09328502273886526,0.04335016835,0.7768518519,1.4557518449503546,0.7054229688,0.4701755915,1.310822657,0.871503092,0.9983987644,1.141330729,0.8630156722989362,1.247799371,0.5704406583,0.9051268693,1.185920903,1.0853830795439714,1.182222662,0.9763069501,0.9492245377014187,1.312861561,0.9728418609,1.056870471,0.6390663656,1.0527459188042554,1.109865471,1.0446875290514184,1.169295384,1.094277983,1.0877841560173758,0.9583467224,0.9820830857031915,0.9608184825,0.7748292652,0.9836227129929077,0.9953989918386523,1.097887927582624,1.052699229,0.8864739701,0.9262473304,1.1312054,0.9800191619141844,0.9470689873,1.061783366,0.8774714342312057,0.7356462585,0.5130385488,0.28152588031453896,0.1991174152756383,3.765946344,4.644136198432625,0.041280412057765954,0.0399537037,-0.43850480901382977,0.07284758476946951,0.02791545152,-0.06188380767,-0.06019558339,1.980502618,0.4161539874454255,1.49,2410.562961,31.04069865,-3.435346892,0.8889980275676952,0.6845995323817021,1.3907987367042554,-1.670162037,0.3949605066559954,-0.16740066906518794,-0.21229562357010498,-0.7422368534921986,-0.2684374989,0.3533697405,-0.2098917096,15.61755573,4.169084296134752,9.019891914145392,9.344086562957447,5.425791397,18.20875424,45.646522313333335,23.62654039,0.1343410739,33.44055909,0.07858035979,4.794537184,25.38663948,4.992404733,16.123639934297874,6.838650666432625,11.38785599,1.3870471091808512,0.0,0.0,11.33939598,0.5120103576595745,0.0,1.7097681279748227,0.9415251031170212,0.7953104794,4.272978723404255,11.37477255,32.20656318,11.33929359,13.08951281,4.84872166,2.5526396382127663,0.0,0.9490765134113476,0.0,0.0,0.033668482947943265,556.093109458156,79.05367202301419,112.4,4.3393117083241135,3.918105847,0.0,0.8586399347,0.013554159652021275,0.39325319552705673,0.06365387513,0.0,0.5490650829230498,29.638011,2.4160638297872343
145.2099007,150.9997198,3.272713911141844,3.587033504244681,159.6007726,222.28522649609928,160.6028503,3.7,160.1861851,4.12394412,5.584929757,0.016601520787276593,47.18135908,0.4826190476,0.025,1.460883267,86.76923015042554,5.32,35.08,-6.591111111,-4.059880343654929,-28.30567901,0.6844934983,0.432423611443617,-4.23,15.242407685106382,10.701758785141843,5.70477858691844,1.1150805523631204,1.107309365,0.6,0.0436,2.4164533223333335,4.9659163038191485,12.502109570932625,29.69887896,23.46952001,16.626085250723403,0.01738095238,-0.09328502273886526,0.0,0.8673809524,1.4557518449503546,0.6997198007,0.4082961782,0.891441957,0.7736881998,0.9658537332,1.020738204,0.8630156722989362,1.17065636,0.5995147277,0.9814459381,0.8583093994,1.0853830795439714,0.8446876528,0.9941708864,0.9492245377014187,0.7924413668,1.115985009,0.9669628592,0.9613873454,1.0527459188042554,1.355650685,1.0446875290514184,0.9082043996,1.054480569,1.0877841560173758,1.218909838,0.9820830857031915,1.092971536,1.075988583,0.9836227129929077,0.9953989918386523,1.097887927582624,1.20279857,1.068597897,1.281192165,0.7148405057,0.9800191619141844,1.410596581,0.9389262985,0.8774714342312057,0.3673015873,0.3359552154,0.28152588031453896,0.1991174152756383,3.799581231,4.644136198432625,0.041280412057765954,0.04452674897,-0.43850480901382977,0.07284758476946951,-0.05662620013,-0.1550138167,0.1450244576,1.621602104,0.4161539874454255,2.25,539.8377532,19.17433041,-3.185761506,0.8889980275676952,0.6845995323817021,1.3907987367042554,-0.8106417495,0.3949605066559954,-0.16740066906518794,-0.21229562357010498,-0.7422368534921986,0.09260569599,0.02337361608,0.06641800929,0.0,4.169084296134752,9.019891914145392,9.344086562957447,9.614079702,11.33678588,45.646522313333335,0.0,0.2122845906,208.8221789,0.1526629909,9.184952232,14.59805822,0.0,16.123639934297874,6.838650666432625,11.25737949,1.3870471091808512,1.523836425,0.0,11.36712758,0.5120103576595745,0.0,1.7097681279748227,0.9415251031170212,0.0,4.272978723404255,4.390415048,20.88421875,0.0,5.817220841,4.850608614,2.5526396382127663,0.0,0.9490765134113476,0.0,0.0,0.033668482947943265,556.093109458156,79.05367202301419,47.26,4.3393117083241135,0.0,0.0,0.7417047715,0.013554159652021275,0.39325319552705673,0.1539444827,0.0,0.5490650829230498,27.16226232,2.4160638297872343
144.1851809,150.8419307,3.272713911141844,3.587033504244681,157.1409259,222.28522649609928,157.1307331,3.634782609,156.3895983,2.343209877,2.098566308,0.016601520787276593,52.07746353,0.4851851852,0.0,1.785102788,86.76923015042554,15.6122449,84.22907122,-22.40816327,-4.059880343654929,-138.755935,0.6807446078,0.432423611443617,-4.91,15.242407685106382,10.701758785141843,5.70477858691844,1.1150805523631204,2.273263854,1.066625765,0.00274,2.4164533223333335,4.9659163038191485,12.502109570932625,41.98488435,22.20705519,16.626085250723403,0.01481481481,-0.09328502273886526,0.0,0.7592592593,1.4557518449503546,0.5886792453,0.4237798681,1.131625525,0.9097212439,1.291044865,1.006451613,0.8630156722989362,1.189452481,0.7820508886,0.8877379939,1.145307783,1.0853830795439714,1.048971596,0.9769784468,0.9492245377014187,0.977530557,1.191190135,0.9299587479,1.294388551,1.0527459188042554,1.32173913,1.0446875290514184,1.228789108,1.07607442,1.0877841560173758,1.223242147,0.9820830857031915,1.069253308,1.169309747,0.9836227129929077,0.9953989918386523,1.097887927582624,1.309652846,0.9765857501,1.01391603,1.07729835,0.9800191619141844,1.242377808,0.9516078848,0.8774714342312057,0.5251247166,0.4453656463,0.28152588031453896,0.1991174152756383,3.34144599,4.644136198432625,0.041280412057765954,0.03528395062,-0.43850480901382977,0.07284758476946951,-0.0723920825,-0.1537992578,-0.1695336829,2.151216564,0.4161539874454255,3.09,2086.58422,14.69025353,-4.575509382,0.8889980275676952,0.6845995323817021,1.3907987367042554,-1.338907896,0.3949605066559954,-0.16740066906518794,-0.21229562357010498,-0.7422368534921986,-0.1111993468,0.2818209518,0.04606378681,0.0,4.169084296134752,9.019891914145392,9.344086562957447,5.098681808,38.11294267,45.646522313333335,11.21062871,0.1811246968,10.62986842,0.08022885623,0.0,19.74844179,0.0,16.123639934297874,6.838650666432625,22.51475897,1.3870471091808512,0.0,0.0,0.0,0.5120103576595745,0.0,1.7097681279748227,0.9415251031170212,0.0,4.272978723404255,0.0,19.74844179,12.96557803,0.0,4.998950662,2.5526396382127663,0.0,0.9490765134113476,0.0,0.0,0.033668482947943265,556.093109458156,79.05367202301419,43.6,4.3393117083241135,5.33564435,0.0,0.9048170651,0.013554159652021275,0.39325319552705673,0.2052184453,0.0,0.5490650829230498,29.28526947,2.4160638297872343
151.5257649,157.2635962,3.272713911141844,3.587033504244681,163.5218903,222.28522649609928,164.3794591,3.355555556,161.3458172,3.605429293,3.680365297,0.016601520787276593,43.49756155,0.4573129252,0.05357142857,1.426901074,86.76923015042554,9.346938776,49.0,3.859410431,-4.059880343654929,36.77777778,0.7026070582,0.432423611443617,-4.06,15.242407685106382,10.701758785141843,5.70477858691844,1.1150805523631204,1.62628006,0.8337988097,0.0316,2.4164533223333335,4.9659163038191485,12.502109570932625,18.19910121,24.12316206,16.626085250723403,0.04268707483,-0.09328502273886526,0.03951247166,0.8531746032,1.4557518449503546,0.6710431655,0.4052873563,1.054130241,0.8267878547,0.9874788557,1.032374101,0.8630156722989362,1.072343379,0.5953059769,0.8556774354,1.11485472,1.0853830795439714,1.012147335,1.026409886,0.9492245377014187,0.9977456833,1.090129795,1.029778526,1.131097181,1.0527459188042554,1.109802158,1.0446875290514184,0.8093704142,0.9731562305,1.0877841560173758,1.027356322,0.9820830857031915,1.13426717,0.8326726416,0.9836227129929077,0.9953989918386523,1.097887927582624,1.054320141,0.8210777852,0.945896658,0.9810562833,0.9800191619141844,0.9005668399,0.8904870432,0.8774714342312057,0.5968253968,0.3211805556,0.28152588031453896,0.1991174152756383,3.766037363,4.644136198432625,0.041280412057765954,0.03952020202,-0.43850480901382977,0.07284758476946951,-0.05537400896,-0.06680925073,-0.06967460441,1.686829229,0.4161539874454255,2.75,1859.334395,16.17687259,-2.922220665,0.8889980275676952,0.6845995323817021,1.3907987367042554,-1.904626993,0.3949605066559954,-0.16740066906518794,-0.21229562357010498,-0.7422368534921986,-0.1552706544,0.3627522401,-0.09845408509,10.63357721,4.169084296134752,9.019891914145392,9.344086562957447,9.780484743,0.0,45.646522313333335,17.57815784,0.1524828092,14.02949913,0.1475073878,13.57536728,25.06523039,0.0,16.123639934297874,6.838650666432625,11.25737949,1.3870471091808512,0.0,0.0,12.0483115,0.5120103576595745,0.0,1.7097681279748227,0.9415251031170212,-0.4136118403,4.272978723404255,24.95013983,32.82722828,0.0,11.63444168,4.877473763,2.5526396382127663,0.0,0.9490765134113476,0.0,0.0,0.033668482947943265,556.093109458156,79.05367202301419,84.73,4.3393117083241135,0.0,1.501980667,0.6258641428,0.013554159652021275,0.39325319552705673,0.08765981412,0.0,0.5490650829230498,33.15383706,2.4160638297872343
147.4612651,157.7221058,3.272713911141844,3.587033504244681,159.9476082,222.28522649609928,159.1225334,4.1,162.9607215,5.453186535,4.534979424,0.016601520787276593,43.86052541,0.4843253968,0.0,1.332445565,86.76923015042554,3.752066116,40.2265075,-11.12396694,-4.059880343654929,-81.96755433,0.7040406978,0.432423611443617,-6.27,15.242407685106382,10.701758785141843,5.70477858691844,1.1150805523631204,1.049369409,0.4928685608,0.00251,2.4164533223333335,4.9659163038191485,12.502109570932625,15.91054863,22.67357176,16.626085250723403,0.01567460317,-0.09328502273886526,0.02512698413,0.903047619,1.4557518449503546,0.9346405229,0.3964611406,0.8505278771,0.7117645346,1.066337923,0.9322033898,0.8630156722989362,0.7492637709,0.3591895554,0.7793836392,0.6916775797,1.0853830795439714,0.7824128347,0.5185500431,0.9492245377014187,0.4570906609,0.8466251836,0.9734528773,0.8341697233,1.0527459188042554,1.175490196,1.0446875290514184,0.9434064182,0.9520079746,1.0877841560173758,1.087901579,0.9820830857031915,1.339381988,1.049784255,0.9836227129929077,0.9953989918386523,1.097887927582624,1.329232471,1.424684863,0.9366503436,0.8996855229,0.9800191619141844,1.56203012,1.45619129,0.8774714342312057,0.7413151927,0.5721017574,0.28152588031453896,0.1991174152756383,3.995024711,4.644136198432625,0.041280412057765954,0.05052380952,-0.43850480901382977,0.07284758476946951,-0.02532760127,-0.2289025083,-0.337053202,1.810150227,0.4161539874454255,2.09,2275.114305,30.5186832,-6.198717848,0.8889980275676952,0.6845995323817021,1.3907987367042554,-0.5802035465,0.3949605066559954,-0.16740066906518794,-0.21229562357010498,-0.7422368534921986,-0.309865363,0.155164361,0.1592967637,4.983978521,4.169084296134752,9.019891914145392,9.344086562957447,13.17124514,6.066367068,45.646522313333335,21.4210879,0.1746651557,31.96666154,0.2350145504,13.17124514,19.93591408,0.0,16.123639934297874,6.838650666432625,21.95893118,1.3870471091808512,2.703659126,0.0,0.0,0.5120103576595745,0.0,1.7097681279748227,0.9415251031170212,0.0,4.272978723404255,13.17124514,19.93591408,6.176298517,6.9237372,4.853464981,2.5526396382127663,0.0,0.9490765134113476,0.0,0.0,0.033668482947943265,556.093109458156,79.05367202301419,54.46,4.3393117083241135,1.792035689,0.0,0.8991335537,0.013554159652021275,0.39325319552705673,0.1350287976,0.003018408053,0.5490650829230498,36.71808007,2.4160638297872343
146.2217091,150.9941239,3.272713911141844,3.587033504244681,157.9963401,222.28522649609928,158.5402442,3.428571429,159.9072869,2.784425451,2.87962963,0.016601520787276593,47.91974111,0.478125,0.015625,1.643342141,86.76923015042554,9.852748943,55.5171088,-7.83160323,-4.059880343654929,-23.45905421,0.6848636974,0.432423611443617,-5.11,15.242407685106382,10.701758785141843,5.70477858691844,1.1150805523631204,2.153891597,0.9798856559,0.00688,2.4164533223333335,4.9659163038191485,12.502109570932625,50.88435568,0.0,16.626085250723403,0.021875,-0.09328502273886526,0.02867647059,0.7588235294,1.4557518449503546,0.6668742217,0.4816028966,1.182217953,0.8091796514,1.161434476,1.167654302,0.8630156722989362,1.209208366,0.565111774,0.9053723345,1.029803856,1.0853830795439714,1.128865679,0.9438083753,0.9492245377014187,0.7913171568,1.08711971,1.101271972,1.048155457,1.0527459188042554,1.138392857,1.0446875290514184,1.132323358,1.04259701,1.0877841560173758,1.017586478,0.9820830857031915,0.945187391,0.6112380475,0.9836227129929077,0.9953989918386523,1.097887927582624,1.112031134,0.9473387046,0.956465875,0.9587730547,0.9800191619141844,1.008931429,1.040676543,0.8774714342312057,0.5731972789,0.6198625283,0.28152588031453896,0.1991174152756383,3.518533745,4.644136198432625,0.041280412057765954,0.045,-0.43850480901382977,0.07284758476946951,0.03965672389,-0.08469110507,-0.0283177358,2.004272784,0.4161539874454255,0.92,2240.776417,31.05677271,-3.032394041,0.8889980275676952,0.6845995323817021,1.3907987367042554,-1.691975118,0.3949605066559954,-0.16740066906518794,-0.21229562357010498,-0.7422368534921986,-0.296404184,0.4181105421,-0.3103246066,10.30076712,4.169084296134752,9.019891914145392,9.344086562957447,5.261891555,12.13273414,45.646522313333335,46.29261463,0.1627685423,26.81160078,0.07234939331,0.0,24.9198926,0.0,16.123639934297874,6.838650666432625,28.71445679,1.3870471091808512,0.0,0.0,0.0,0.5120103576595745,0.0,1.7097681279748227,0.9415251031170212,0.0,4.272978723404255,5.687386275,24.9198926,6.544756406,18.25485007,4.874762888,2.5526396382127663,0.0,0.9490765134113476,0.0,0.0,0.033668482947943265,556.093109458156,79.05367202301419,103.17,4.3393117083241135,2.468875052,0.0,0.7702072531,0.013554159652021275,0.39325319552705673,0.06541342195,0.0,0.5490650829230498,32.01951086,2.4160638297872343
145.045857,151.7808163,3.272713911141844,3.587033504244681,154.5847109,222.28522649609928,162.0658088,3.066666667,153.7869852,2.466666667,2.283702409,0.016601520787276593,52.22564214,0.4820512821,0.01923076923,1.737281155,86.76923015042554,18.88696655,91.43252595,-25.21607074,-4.059880343654929,-111.1868512,0.7105510391,0.432423611443617,-5.28,15.242407685106382,10.701758785141843,5.70477858691844,1.1150805523631204,2.368428181,1.346490872,0.0027,2.4164533223333335,4.9659163038191485,12.502109570932625,41.174265,5.693927995,16.626085250723403,0.01794871795,-0.09328502273886526,0.01761633428,0.7580246914,1.4557518449503546,0.7604015041,0.4745684031,1.151053834,0.9811979846,0.8204296587,1.435418941,0.8630156722989362,1.150658022,0.5303073254,0.847892995,0.923798806,1.0853830795439714,1.043212565,1.213894295,0.9492245377014187,0.8992749702,1.08311348,0.9923983499,0.7568720209,1.0527459188042554,1.159934498,1.0446875290514184,0.9381128886,0.8060504642,1.0877841560173758,1.36831172,0.9820830857031915,1.15128987,0.7937709652,0.9836227129929077,0.9953989918386523,1.097887927582624,1.206264518,1.083114681,1.17929948,0.9197600469,0.9800191619141844,1.110483351,0.9984535941,0.8774714342312057,0.8785034014,0.6823270975,0.28152588031453896,0.1991174152756383,3.303997161,4.644136198432625,0.041280412057765954,0.04949864499,-0.43850480901382977,0.07284758476946951,-0.09577186839,-0.004723994585,-0.001318857314,2.055152759,0.4161539874454255,3.06,1856.890625,18.79239773,-3.597444181,0.8889980275676952,0.6845995323817021,1.3907987367042554,-1.302169865,0.3949605066559954,-0.16740066906518794,-0.21229562357010498,-0.7422368534921986,-0.04458693,0.1663626326,0.09362744359,5.106527395,4.169084296134752,9.019891914145392,9.344086562957447,5.098681808,45.89405,45.646522313333335,11.38785599,0.2926393097,124.1941533,0.168850319,5.106527395,14.76446326,5.414990469,16.123639934297874,6.838650666432625,28.26427081,1.3870471091808512,0.0,0.0,0.0,0.5120103576595745,0.0,1.7097681279748227,0.9415251031170212,0.0,4.272978723404255,0.0,19.87099066,12.96557803,5.414990469,4.99633447,2.5526396382127663,0.0,0.9490765134113476,0.0,0.0,0.033668482947943265,556.093109458156,79.05367202301419,50.94,4.3393117083241135,9.890925645,0.0,1.762182231,0.013554159652021275,0.39325319552705673,0.4665289338,0.1020620726,0.5490650829230498,28.37327328,2.4160638297872343
149.6517217,156.7887235,3.272713911141844,3.587033504244681,165.1300249,222.28522649609928,161.1284905,3.280898876,163.1065269,2.793103448,2.854642314,0.016601520787276593,47.50931806,0.4686813187,0.03846153846,1.51914289,86.76923015042554,11.26608978,74.27852893,1.135208221,-4.059880343654929,75.41319632,0.6959864369,0.432423611443617,-3.57,15.242407685106382,10.701758785141843,5.70477858691844,1.1150805523631204,1.682895999,0.7237073367,0.0436,2.4164533223333335,4.9659163038191485,12.502109570932625,34.64685839,6.066367068,16.626085250723403,0.03131868132,-0.09328502273886526,0.01982091982,0.8153439153,1.4557518449503546,0.6450498108,0.3869798971,1.170095256,0.9001993602,1.31642711,1.044650369,0.8630156722989362,1.250283439,0.6101764648,0.853075442,1.322431658,1.0853830795439714,1.039052346,0.8916500422,0.9492245377014187,0.9604706502,1.026194743,1.005423611,0.9095742073,1.0527459188042554,1.297543257,1.0446875290514184,1.067359088,1.036944541,1.0877841560173758,1.266190829,0.9820830857031915,1.049558482,1.485893777,0.9836227129929077,0.9953989918386523,1.097887927582624,0.9712334693,0.9758674735,1.070124523,1.016702807,0.9800191619141844,0.7252172632,0.8242227403,0.8774714342312057,0.5111564626,0.2803996599,0.28152588031453896,0.1991174152756383,3.743368755,4.644136198432625,0.041280412057765954,0.04253753754,-0.43850480901382977,0.07284758476946951,-0.1940148838,-0.08331887009,0.08640454012,1.907275554,0.4161539874454255,1.75,1305.357101,24.2729562,-2.989518449,0.8889980275676952,0.6845995323817021,1.3907987367042554,-1.516796498,0.3949605066559954,-0.16740066906518794,-0.21229562357010498,-0.7422368534921986,-0.1333143151,0.3854469559,-0.08393550899,5.316788604,4.169084296134752,9.019891914145392,9.344086562957447,5.098681808,0.0,45.646522313333335,17.57815784,0.1832797149,32.21497008,0.08637282833,4.390415048,24.73242031,0.0,16.123639934297874,6.838650666432625,11.38785599,1.3870471091808512,0.0,0.0,0.0,0.5120103576595745,0.0,1.7097681279748227,0.9415251031170212,0.0,4.272978723404255,15.7651876,24.73242031,6.544756406,12.74095804,4.83287049,2.5526396382127663,0.0,0.9490765134113476,0.0,0.0,0.033668482947943265,556.093109458156,79.05367202301419,68.52,4.3393117083241135,4.618875901,0.0,0.6617085363,0.013554159652021275,0.39325319552705673,0.05720369498,0.0,0.5490650829230498,28.33828488,2.4160638297872343
144.7629259,147.7589175,3.272713911141844,3.587033504244681,153.50475,222.28522649609928,153.9041889,3.307692308,157.9388272,2.595588235,2.598870056,0.016601520787276593,49.22976446,0.4826086957,0.0,1.735372024,86.76923015042554,6.734842951,26.51862673,-1.685902118,-4.059880343654929,-0.1607012418,0.6732572563,0.432423611443617,-3.87,15.242407685106382,10.701758785141843,5.70477858691844,1.1150805523631204,2.434591481,1.11403462,0.0207,2.4164533223333335,4.9659163038191485,12.502109570932625,33.77213846,0.0,16.626085250723403,0.01739130435,-0.09328502273886526,0.01956521739,0.75,1.4557518449503546,0.5911242604,0.563096817,0.97878136,0.7846235028,1.233316744,1.079036348,0.8630156722989362,1.152129437,1.03106203,0.9533476093,0.8490926167,1.0853830795439714,1.017292389,0.975662232,0.9492245377014187,0.8978491903,1.040318302,1.155467498,0.9035789474,1.0527459188042554,1.086253983,1.0446875290514184,1.053043714,0.9340563371,1.0877841560173758,1.090552143,0.9820830857031915,1.007845284,1.115573061,0.9836227129929077,0.9953989918386523,1.097887927582624,0.9179279139,0.9989757454,1.090007646,0.9127689359,0.9800191619141844,1.025513645,1.077909055,0.8774714342312057,0.2586394558,0.1962159864,0.28152588031453896,0.1991174152756383,2.774861885,4.644136198432625,0.041280412057765954,0.02134680135,-0.43850480901382977,0.07284758476946951,-0.1005165051,0.09118856424,0.07486897859,2.076018519,0.4161539874454255,1.91,1329.437404,20.9493021,-2.789726047,0.8889980275676952,0.6845995323817021,1.3907987367042554,-1.178525788,0.3949605066559954,-0.16740066906518794,-0.21229562357010498,-0.7422368534921986,-0.09450641028,0.3661234005,-0.2843668516,0.0,4.169084296134752,9.019891914145392,9.344086562957447,5.098681808,36.39820241,45.646522313333335,11.38785599,0.1934537568,53.96419523,0.1287815026,0.0,20.16532066,0.0,16.123639934297874,6.838650666432625,33.77213846,1.3870471091808512,0.0,0.0,0.0,0.5120103576595745,0.0,1.7097681279748227,0.9415251031170212,0.0,4.272978723404255,0.0,20.16532066,0.0,0.0,4.808350992,2.5526396382127663,0.0,0.9490765134113476,0.0,0.0,0.033668482947943265,556.093109458156,79.05367202301419,54.46,4.3393117083241135,0.0,0.0,0.4238365946,0.013554159652021275,0.39325319552705673,0.0761440227,0.0,0.5490650829230498,30.60576651,2.4160638297872343
144.7227279,147.4050701,3.272713911141844,3.587033504244681,155.2240072,222.28522649609928,159.9378992,3.534883721,154.4561001,3.873677249,3.404320988,0.016601520787276593,46.23770573,0.4686067019,0.01851851852,1.639376376,86.76923015042554,6.431290898,25.69303986,-7.850684117,-4.059880343654929,26.10826889,0.6963983015,0.432423611443617,-4.98,15.242407685106382,10.701758785141843,5.70477858691844,1.1150805523631204,2.190931349,1.160085922,0.00673,2.4164533223333335,4.9659163038191485,12.502109570932625,11.12690298,24.26546827,16.626085250723403,0.03139329806,-0.09328502273886526,0.03741409718,0.805090312,1.4557518449503546,0.7253674469,0.495530168,0.9275797067,0.7567441633,0.7177619018,1.150452718,0.8630156722989362,1.073783433,0.4825250131,0.9711726078,0.7433106859,1.0853830795439714,1.036737698,1.104481501,0.9492245377014187,0.8028411052,1.161312321,1.004902277,0.9775436168,1.0527459188042554,1.094322982,1.0446875290514184,0.7977153753,0.7845234312,1.0877841560173758,0.9090909091,0.9820830857031915,0.9408536473,0.41702611,0.9836227129929077,0.9953989918386523,1.097887927582624,0.8598944628,0.8818053521,1.074461045,0.8252219138,0.9800191619141844,0.8661781211,0.9201523475,0.8774714342312057,0.4570521542,0.2795493197,0.28152588031453896,0.1991174152756383,3.166620655,4.644136198432625,0.041280412057765954,0.03757834758,-0.43850480901382977,0.07284758476946951,0.0584850184,0.08927022399,-0.03699110817,1.873950546,0.4161539874454255,2.78,1771.427832,25.04206361,-3.050304278,0.8889980275676952,0.6845995323817021,1.3907987367042554,-1.346285933,0.3949605066559954,-0.16740066906518794,-0.21229562357010498,-0.7422368534921986,-0.239957759,0.343601045,-0.205236377,10.09050592,4.169084296134752,9.019891914145392,9.344086562957447,0.0,18.19910121,45.646522313333335,22.64523548,0.2140199639,133.7769021,0.1501865618,14.29147963,14.95193556,0.0,16.123639934297874,6.838650666432625,34.03309147,1.3870471091808512,0.0,0.0,11.04215076,0.5120103576595745,0.0,1.7097681279748227,0.9415251031170212,-0.9841012049,4.272978723404255,4.390415048,26.02776825,0.0,5.817220841,4.814805348,2.5526396382127663,0.0,0.9490765134113476,0.0,0.0,0.033668482947943265,556.093109458156,79.05367202301419,78.87,4.3393117083241135,0.0,0.0,0.5974907466,0.013554159652021275,0.39325319552705673,0.08259517058,0.0,0.5490650829230498,33.70273077,2.4160638297872343
142.568784,147.0264186,3.272713911141844,3.587033504244681,150.228361,222.28522649609928,156.1724908,3.465517241,159.8089967,2.506858711,2.574133074,0.016601520787276593,51.19414657,0.5112554113,0.02272727273,1.613859381,86.76923015042554,6.387543253,37.25823401,-10.49134948,-4.059880343654929,-42.15075398,0.6865492513,0.432423611443617,-6.13,15.242407685106382,10.701758785141843,5.70477858691844,1.1150805523631204,1.743653309,0.9045555148,0.000727,2.4164533223333335,4.9659163038191485,12.502109570932625,31.81196091,5.563451492,16.626085250723403,0.0,-0.09328502273886526,0.0,0.7978354978,1.4557518449503546,0.702740662,0.5496909568,0.9601897125,0.7324090131,1.054521134,1.076825843,0.8630156722989362,1.168403169,0.9764116598,0.7950806361,0.9514008569,1.0853830795439714,0.9484975008,1.072127304,0.9492245377014187,1.01926616,0.9355006689,1.140327832,1.03888694,1.0527459188042554,1.046033514,1.0446875290514184,1.156503074,0.8949825732,1.0877841560173758,1.28728987,0.9820830857031915,1.429588173,1.590509625,0.9836227129929077,0.9953989918386523,1.097887927582624,1.498679609,0.9274549705,1.141796019,0.7659585896,0.9800191619141844,1.328864352,0.7764336092,0.8774714342312057,0.3788208617,0.3411635488,0.28152588031453896,0.1991174152756383,3.343809532,4.644136198432625,0.041280412057765954,0.04555555556,-0.43850480901382977,0.07284758476946951,-0.1232475129,-0.06048862328,-0.3969541693,2.137281307,0.4161539874454255,4.07,390.8279117,23.86903746,-4.431175036,0.8889980275676952,0.6845995323817021,1.3907987367042554,-0.4233779371,0.3949605066559954,-0.16740066906518794,-0.21229562357010498,-0.7422368534921986,-0.2706113907,0.3611107697,-0.1605658084,0.0,4.169084296134752,9.019891914145392,9.344086562957447,5.098681808,58.8330126,45.646522313333335,11.89077157,0.1752600273,98.50396462,0.1713114299,0.0,14.59805822,0.0,16.123639934297874,6.838650666432625,21.82845468,1.3870471091808512,1.592402954,0.0,0.0,0.5120103576595745,0.0,1.7097681279748227,0.9415251031170212,0.0,4.272978723404255,0.0,14.59805822,0.0,6.9237372,4.773957061,2.5526396382127663,0.0,0.9490765134113476,0.0,0.0,0.033668482947943265,556.093109458156,79.05367202301419,30.19,4.3393117083241135,2.084179544,0.0,0.9040054457,0.013554159652021275,0.39325319552705673,0.09878289721,0.0,0.5490650829230498,29.43827486,2.4160638297872343
145.9770422,152.953981,3.272713911141844,3.587033504244681,152.6842497,222.28522649609928,157.4450447,3.345132743,164.3073057,2.631858711,2.624958292,0.016601520787276593,51.38666017,0.4913978495,0.01612903226,1.606975805,86.76923015042554,13.71306515,79.47213322,-8.124599502,-4.059880343654929,-37.51675171,0.6894086529,0.432423611443617,-6.04,15.242407685106382,10.701758785141843,5.70477858691844,1.1150805523631204,2.104484741,1.194041746,0.00148,2.4164533223333335,4.9659163038191485,12.502109570932625,45.37412621,16.69035448,16.626085250723403,0.008602150538,-0.09328502273886526,0.01518817204,0.7708333333,1.4557518449503546,0.663694868,0.4977187343,1.160368181,0.8593066484,1.005233256,1.126869159,0.8630156722989362,1.018835717,0.786586176,0.7802333168,1.119522259,1.0853830795439714,1.033742759,1.129072193,0.9492245377014187,1.13598634,1.029176312,1.079834249,0.9583783785,1.0527459188042554,0.9829832107,1.0446875290514184,1.329678525,1.32374746,1.0877841560173758,0.8970563132,0.9820830857031915,0.8180613897,1.173372775,0.9836227129929077,0.9953989918386523,1.097887927582624,0.9653634742,1.146837014,1.260601618,1.156194186,0.9800191619141844,1.080027722,1.020986166,0.8774714342312057,0.696462585,0.5130385488,0.28152588031453896,0.1991174152756383,3.623435714,4.644136198432625,0.041280412057765954,0.04419753086,-0.43850480901382977,0.07284758476946951,-0.009400924818,0.204855339,-0.001069349544,2.204546418,0.4161539874454255,3.25,2128.759623,26.14319643,-4.681897176,0.8889980275676952,0.6845995323817021,1.3907987367042554,-1.321207125,0.3949605066559954,-0.16740066906518794,-0.21229562357010498,-0.7422368534921986,-0.3160646832,0.214884952,0.2585630642,5.316788604,4.169084296134752,9.019891914145392,9.344086562957447,5.425791397,52.80517724,45.646522313333335,10.57107519,0.1655533624,24.93919058,0.1023502624,0.0,20.40266096,4.992404733,16.123639934297874,6.838650666432625,11.38785599,1.3870471091808512,1.628356245,0.0,0.0,0.5120103576595745,0.0,1.7097681279748227,0.9415251031170212,1.035422336,4.272978723404255,5.13155848,21.31540493,6.544756406,26.93698721,4.84886367,2.5526396382127663,0.0,0.9490765134113476,0.0,0.0,0.033668482947943265,556.093109458156,79.05367202301419,67.51,4.3393117083241135,6.966363136,0.0,1.189562466,0.013554159652021275,0.39325319552705673,0.1146045727,0.0,0.5490650829230498,33.67938053,2.4160638297872343
143.9205754,148.497033,3.272713911141844,3.587033504244681,155.7072841,222.28522649609928,157.6903983,3.638554217,156.1471078,2.775983348,2.513594118,0.016601520787276593,49.36971113,0.4938271605,0.01851851852,1.645994822,86.76923015042554,8.611111111,47.5648778,-11.11111111,-4.059880343654929,-49.07432603,0.6747025075,0.432423611443617,-5.7,15.242407685106382,10.701758785141843,5.70477858691844,1.1150805523631204,1.971019137,1.017358475,0.00211,2.4164533223333335,4.9659163038191485,12.502109570932625,44.70847628,0.0,16.626085250723403,0.006172839506,-0.09328502273886526,0.01728395062,0.7666666667,1.4557518449503546,0.6357555488,0.4925806497,1.097914098,0.7586816813,0.928830155,1.046116046,0.8630156722989362,1.162316982,0.806176138,0.8736319481,1.359112878,1.0853830795439714,1.046212291,1.069299139,0.9492245377014187,1.059650804,1.096330246,1.153244123,1.134986036,1.0527459188042554,1.09849187,1.0446875290514184,1.001694662,0.9087220074,1.0877841560173758,1.262825586,0.9820830857031915,0.7062011674,1.36756626,0.9836227129929077,0.9953989918386523,1.097887927582624,1.087030257,0.9636005185,0.9363242298,0.8892957006,0.9800191619141844,1.06378838,0.945521376,0.8774714342312057,0.4734240363,0.3871527778,0.28152588031453896,0.1991174152756383,3.421298286,4.644136198432625,0.041280412057765954,0.03834795322,-0.43850480901382977,0.07284758476946951,-0.3256048181,0.007166955336,-0.2231714005,2.091736636,0.4161539874454255,2.83,2341.143937,30.25372769,-4.349804826,0.8889980275676952,0.6845995323817021,1.3907987367042554,-1.364894195,0.3949605066559954,-0.16740066906518794,-0.21229562357010498,-0.7422368534921986,-0.2638964467,0.3145197949,-0.1177401881,5.316788604,4.169084296134752,9.019891914145392,9.344086562957447,0.0,24.26546827,45.646522313333335,21.41454618,0.1884334693,20.66219208,0.1109721935,0.0,15.28474565,4.992404733,16.123639934297874,6.838650666432625,0.0,1.3870471091808512,1.623420283,0.0,0.0,0.5120103576595745,0.0,1.7097681279748227,0.9415251031170212,0.6099706843,4.272978723404255,11.37477255,15.80357683,0.0,13.08951281,4.903407469,2.5526396382127663,0.0,0.9490765134113476,0.0,0.0,0.033668482947943265,556.093109458156,79.05367202301419,64.27,4.3393117083241135,1.966259719,0.0,0.7609291239,0.013554159652021275,0.39325319552705673,0.09332482137,0.0,0.5490650829230498,31.3110809,2.4160638297872343
147.1889596,150.5716193,3.272713911141844,3.587033504244681,153.3000036,222.28522649609928,156.5291915,3.472727273,157.0717226,3.905328798,3.804257529,0.016601520787276593,45.48331132,0.4644444444,0.01666666667,1.557441303,86.76923015042554,10.59924386,39.74102079,-11.68809074,-4.059880343654929,-35.96030246,0.6888187153,0.432423611443617,-4.4,15.242407685106382,10.701758785141843,5.70477858691844,1.1150805523631204,2.017017473,0.9830278467,0.0292,2.4164533223333335,4.9659163038191485,12.502109570932625,0.0,4.681802935,16.626085250723403,0.03555555556,-0.09328502273886526,0.05050505051,0.8050505051,1.4557518449503546,0.6291793313,0.4916131253,1.035286165,0.7707667714,1.060415245,1.077760892,0.8630156722989362,1.106167404,0.5904261633,0.8555152636,0.7549113867,1.0853830795439714,1.000354625,1.142212589,0.9492245377014187,0.8753185132,1.047029998,1.19186736,1.101000288,1.0527459188042554,1.029566179,1.0446875290514184,0.9991903616,0.8821284576,1.0877841560173758,0.9582893529,0.9820830857031915,0.8639818236,1.008770503,0.9836227129929077,0.9953989918386523,1.097887927582624,0.9766345731,0.9850828399,1.070424328,0.922099812,0.9800191619141844,1.03765017,0.9372538201,0.8774714342312057,0.6815419501,0.454010771,0.28152588031453896,0.1991174152756383,3.506544483,4.644136198432625,0.041280412057765954,0.04024305556,-0.43850480901382977,0.07284758476946951,-0.0008832956259,0.005339956495,0.08903173059,1.850266211,0.4161539874454255,1.9,2079.53101,28.59171415,-3.363356727,0.8889980275676952,0.6845995323817021,1.3907987367042554,-1.700926633,0.3949605066559954,-0.16740066906518794,-0.21229562357010498,-0.7422368534921986,-0.4891252624,0.2840054021,-0.4165042679,15.20739338,4.169084296134752,9.019891914145392,9.344086562957447,0.0,12.13273414,45.646522313333335,22.63869376,0.1536183472,166.0474505,0.09459016054,14.26826309,14.76446326,5.733667477,16.123639934297874,6.838650666432625,39.70116891,1.3870471091808512,0.0,0.0,24.77564615,0.5120103576595745,0.0,1.7097681279748227,0.9415251031170212,-0.5318461614,4.272978723404255,0.0,27.4645853,0.0,0.0,4.91143227,2.5526396382127663,5.31165637,0.9490765134113476,10.84841365,0.0,0.033668482947943265,556.093109458156,79.05367202301419,112.23,4.3393117083241135,0.1482791863,0.0,0.7090739295,0.013554159652021275,0.39325319552705673,0.1275821809,0.0,0.5490650829230498,33.15744284,2.4160638297872343
144.1027622,150.3402747,3.272713911141844,3.587033504244681,157.2832898,222.28522649609928,158.2228931,3.753846154,154.7643358,2.794797178,2.942307692,0.016601520787276593,50.02006968,0.49138322,0.02380952381,1.606288741,86.76923015042554,6.644628099,38.23385369,-3.049586777,-4.059880343654929,35.15559637,0.6778019067,0.432423611443617,-3.8,15.242407685106382,10.701758785141843,5.70477858691844,1.1150805523631204,1.68640862,0.7167116501,0.0287,2.4164533223333335,4.9659163038191485,12.502109570932625,40.09928197,12.13273414,16.626085250723403,0.008616780045,-0.09328502273886526,0.0,0.8229024943,1.4557518449503546,0.6111111111,0.449132869,0.9994501054,0.7963795128,1.176492564,0.9166666667,0.8630156722989362,1.080802063,0.5735961645,0.9313135829,1.021465435,1.0853830795439714,1.051293869,0.9801829355,0.9492245377014187,0.9090066247,1.258961491,0.8785771904,0.9275138058,1.0527459188042554,1.379881657,1.0446875290514184,0.8789046908,0.8808674439,1.0877841560173758,1.02689219,0.9820830857031915,1.207712225,0.6093650198,0.9836227129929077,0.9953989918386523,1.097887927582624,0.8366360391,0.999384296,1.335756738,0.3819553817,0.9800191619141844,0.9559527936,1.171450206,0.8774714342312057,0.2719274376,0.2777777778,0.28152588031453896,0.1991174152756383,3.3579855,4.644136198432625,0.041280412057765954,0.04094444444,-0.43850480901382977,0.07284758476946951,-0.02647993937,0.0763616943,-0.01540645135,1.954116119,0.4161539874454255,2.52,1654.378846,19.98217491,-3.695747383,0.8889980275676952,0.6845995323817021,1.3907987367042554,-0.7633718554,0.3949605066559954,-0.16740066906518794,-0.21229562357010498,-0.7422368534921986,0.00284819115,0.07937513201,0.00896802514,4.567099648,4.169084296134752,9.019891914145392,9.344086562957447,0.0,17.82825202,45.646522313333335,11.38785599,0.2313117594,4.069284137,0.1229123691,4.390415048,14.53505669,0.0,16.123639934297874,6.838650666432625,22.64523548,1.3870471091808512,0.0,0.0,0.0,0.5120103576595745,0.0,1.7097681279748227,0.9415251031170212,0.0,4.272978723404255,4.390415048,20.2879103,6.544756406,5.817220841,4.88992845,2.5526396382127663,0.0,0.9490765134113476,0.0,1.745355463,0.033668482947943265,556.093109458156,79.05367202301419,30.71,4.3393117083241135,0.9231580688,0.0,0.5242119621,0.013554159652021275,0.39325319552705673,0.1086331621,0.0,0.5490650829230498,26.16116463,2.4160638297872343
146.3467283,151.2254929,3.272713911141844,3.587033504244681,157.186806,222.28522649609928,159.0318735,3.0234375,156.633458,2.528490028,2.638383838,0.016601520787276593,49.47834402,0.4739583333,0.015625,1.646727263,86.76923015042554,8.479338843,50.20297521,1.247933884,-4.059880343654929,43.61818182,0.6797656753,0.432423611443617,-4.15,15.242407685106382,10.701758785141843,5.70477858691844,1.1150805523631204,2.087874319,0.8823513639,0.0256,2.4164533223333335,4.9659163038191485,12.502109570932625,52.30116798,0.0,16.626085250723403,0.02604166667,-0.09328502273886526,0.0300245098,0.7803921569,1.4557518449503546,0.7281739687,0.5436466395,1.131669773,0.8795727074,1.098436452,1.186132075,0.8630156722989362,1.171715426,0.7414861039,0.9889053603,1.016168077,1.0853830795439714,1.043135494,1.015878179,0.9492245377014187,1.053732652,1.043135494,1.08278471,1.393481191,1.0527459188042554,0.9923349057,1.0446875290514184,0.8995710157,0.8184946154,1.0877841560173758,0.9738463563,0.9820830857031915,1.048252812,0.8417966211,0.9836227129929077,0.9953989918386523,1.097887927582624,0.777126301,1.089856057,1.146973605,0.7786952573,0.9800191619141844,0.8916458408,1.026381936,0.8774714342312057,0.3786394558,0.3785076531,0.28152588031453896,0.1991174152756383,3.693485395,4.644136198432625,0.041280412057765954,0.02737588652,-0.43850480901382977,0.07284758476946951,-0.07109127655,0.0355086687,0.144729708,2.034631883,0.4161539874454255,1.37,1432.418675,29.60938638,-4.556060394,0.8889980275676952,0.6845995323817021,1.3907987367042554,-1.438365411,0.3949605066559954,-0.16740066906518794,-0.21229562357010498,-0.7422368534921986,-0.2568511041,0.2918328058,-0.2183428283,10.05365156,4.169084296134752,9.019891914145392,9.344086562957447,5.098681808,18.19910121,45.646522313333335,11.38785599,0.1606741544,142.3191854,0.09569664158,9.531400138,20.16532066,5.917906046,16.123639934297874,6.838650666432625,33.77213846,1.3870471091808512,0.0,0.0,12.45432442,0.5120103576595745,0.0,1.7097681279748227,0.9415251031170212,0.0585009185,4.272978723404255,5.687386275,39.28626432,9.531400138,5.917906046,4.821864782,2.5526396382127663,0.0,0.9490765134113476,5.337351856,0.0,0.033668482947943265,556.093109458156,79.05367202301419,92.79,4.3393117083241135,1.301084642,0.0,0.7104330604,0.013554159652021275,0.39325319552705673,0.1056068053,0.0,0.5490650829230498,29.45497848,2.4160638297872343
