pIC50,AATS1i,AATS2i,AATS3i,AATS4i,AATS5d,AATS6i,AATS7s,AATS8s,AATSC0v,AETA_alpha,AETA_beta_ns_d,AMID_C,ATSC1d,ATSC1dv,ATSC7d,ATSC8dv,AXp-0d,Ali_Log_S,CIC1,CIC2,ESOL_Solubility_(mg/ml),EState_VSA4,EState_VSA5,ETA_dAlpha_B,ETA_dEpsilon_D,ETA_epsilon_5,GATS1d,GATS1dv,GATS1i,GATS1v,GATS2c,GATS2d,GATS2i,GATS2v,GATS3c,GATS3dv,GATS3i,GATS3s,GATS4dv,GATS4i,GATS4s,GATS5d,GATS5i,GATS5p,GATS6dv,GATS6p,GATS6s,GATS7dv,GATS7i,GATS7p,GATS8c,GATS8dv,GATS8i,GGI6,GGI7,IC1,JGI4,MATS6s,MATS8s,MAXaaCH,MLOGP,MOMI-Z,Mor03m,Mor13m,Mor26m,Mor30m,Mor31m,PEOE_VSA1,PEOE_VSA4,PEOE_VSA6,PEOE_VSA9,RNCG,RNCS,SMR_VSA1,SMR_VSA3,SMR_VSA4,SMR_VSA9,SaaS,SdO,SddssS,SdssC,SlogP_VSA10,SlogP_VSA3,SlogP_VSA4,SpDiam_A,SsNH2,SssS,VSA_EState8,VSA_EState9,Xc-3dv,Xc-5dv,Xc-6dv,ZMIC2
7.377785977,151.5397617,157.5474193,163.9182458,164.7179547,3.53271028,165.1169809,3.143637227,3.385135135,46.38335578,0.46359447,0.04838709677,1.493241297,8.5936,53.6384,-11.4772,-30.0544,0.6894086529,-4.25,1.662708558,0.6081274391,0.0196,5.57310453,18.19910121,0.03640552995,0.04960693955,0.812605042,0.7566673934,0.4694502873,1.083167515,0.8474360554,1.175789659,1.139452075,1.097325073,0.9144217359,1.004889248,1.080961164,0.9860373438,0.9626907703,1.054019491,1.017239667,0.914501734,1.10068275,1.073344015,1.040100864,0.8885699107,0.9266635793,0.6829368466,1.047397192,0.9223260991,0.9385948302,0.9752887061,1.006720808,1.007875642,0.7112018141,0.6163548753,3.981147632,0.04241975309,0.06624173245,-0.06311020323,1.752997727,2.78,2853.022347,-3.910720297,-1.724644867,-0.1041850566,0.3323877145,-0.1540221275,10.30076712,0.0,18.20875424,29.31392667,0.1391792811,36.58182932,8.780830095,25.38663948,4.992404733,11.38785599,0.0,0.0,0.0,0.806811067,14.46821637,6.544756406,18.55817888,4.865265677,0.0,0.0,1.992124129,0.0,0.8053607425,0.08374028396,0.0,29.32088182
6.187086643,145.6756489,152.3692317,156.7243031,158.5660927,3.369369369,159.4311695,2.820304818,2.793756146,48.00479604,0.4731182796,0.01612903226,1.622721684,9.9336,59.6336,-10.1108,-1.5408,0.6841461785,-5.23,1.978490264,0.959483369,0.00449,40.03047287,0.0,0.02688172043,0.01606182796,0.7979166667,0.6667444211,0.4928543905,1.253901445,0.8579165357,1.263143658,1.146201083,1.126765514,0.8542836326,0.9479241672,1.104689293,1.036446104,0.7493841166,1.034176102,1.105811125,0.9985451631,1.127544619,1.119860331,0.9749229542,1.086820551,0.8720432635,0.6671579862,1.022812614,1.096381135,1.135496843,0.89754036,0.9796886227,0.9783350062,0.5723809524,0.5755385488,3.665365926,0.04273901809,-0.01323283817,0.001028379954,1.993581034,1.56,1801.206755,-3.062389242,-1.966806931,-0.6798670227,0.7196377646,-0.3665019633,14.79051451,5.261891555,6.066367068,29.55874348,0.1732788131,148.1751399,9.473725908,14.53505669,0.0,34.77396375,0.0,0.0,0.0,0.0,5.687386275,6.544756406,18.25485007,4.848604167,0.0,0.0,2.72396651,0.0,0.7585393788,0.06274916425,0.0,31.26935238
7.318758763,144.0134583,150.126197,156.8461685,153.5723163,3.865979381,156.7137158,2.356688122,2.087254445,51.04803271,0.4928571429,0.01923076923,1.710001269,12.73336939,67.91639792,-20.64196863,-38.35570779,0.679730678,-4.76,1.882225511,0.7536365571,0.00255,47.37110857,16.82083098,0.007142857143,0.0,0.7879120879,0.5602350279,0.4318447912,1.098254068,0.8150876153,1.314057055,0.9656629185,1.20195393,0.8248936248,1.162451852,1.122979597,0.9005178782,1.07024599,1.142759713,1.026477864,1.104286557,1.277430991,1.254770926,0.9894774431,1.240392507,0.9625365914,1.264429857,1.226162045,1.006670644,1.045596152,0.7989429637,1.006643446,0.9886050964,0.6131972789,0.4288548753,3.544039244,0.04044973545,-0.1398244797,-0.1514373106,2.125990226,3.15,2177.837598,-2.909144122,-1.147689069,-0.4462850492,0.3119019792,-0.02368572528,0.0,5.098681808,29.8000411,21.92719002,0.1910926599,9.627587987,0.0,19.74844179,0.0,22.51475897,0.0,0.0,0.0,0.0,0.0,12.96557803,6.9237372,5.000147947,0.0,0.0,2.883960967,0.0,0.8170731478,0.2038753515,0.0,27.68479521
8.040958608,146.5993687,154.1669417,159.7211343,160.2334063,3.412371134,157.6714408,2.789948692,2.688571257,51.66154758,0.4942528736,0.0,1.431447135,11.87,75.11964444,-5.64,26.19964444,0.6971368173,-6.95,1.648447688,0.5652932501,0.00457,50.71112305,0.0,0.005747126437,0.03485354097,0.8053763441,0.6650115856,0.4779477044,1.228012266,0.8749425937,0.8909175888,0.9456140351,1.106504655,0.8701675144,1.07023076,1.034606877,0.8681295929,0.915101555,1.101335129,1.058849269,1.376825005,1.107795261,1.006497601,0.827745925,1.173792156,1.15118977,1.392880882,1.065235378,1.038845107,0.8922866148,0.8003754203,0.8960468008,1.050911894,0.6370068027,0.4930909864,3.995408502,0.03995833333,-0.1033774514,0.08512529267,2.097914513,1.34,2421.485615,-5.985861375,-0.7117091594,-0.09575072774,0.2428381953,0.2028940593,15.03763008,0.0,19.41092589,34.57272627,0.1756174026,36.04326419,9.531400138,25.25270269,0.0,21.95893118,3.1530174,11.85223036,0.0,-0.4359976129,4.794537184,11.28161936,6.9237372,4.831551496,0.0,0.0,4.691401677,0.0,0.8298151429,0.1110709264,0.0,29.79848615
7.823908741,150.1287662,155.577371,160.8336168,160.1387595,3.341463415,162.5521344,2.748106061,2.791894353,47.59726111,0.4707070707,0.0303030303,1.519969228,11.33190083,75.49586777,-3.483636364,-2.421487603,0.6904812668,-3.54,2.01541337,0.9098018185,0.0997,51.71376917,13.26227256,0.02929292929,0.04335016835,0.7768518519,0.7054229688,0.4701755915,1.310822657,0.871503092,0.9983987644,1.141330729,1.247799371,0.9051268693,1.185920903,1.182222662,0.9763069501,1.312861561,0.9728418609,1.056870471,0.6390663656,1.109865471,1.169295384,1.094277983,0.9583467224,0.9608184825,0.7748292652,1.052699229,0.8864739701,0.9262473304,1.1312054,0.9470689873,1.061783366,0.7356462585,0.5130385488,3.765946344,0.0399537037,0.02791545152,-0.06019558339,1.980502618,1.49,2410.562961,-3.435346892,-1.670162037,-0.2684374989,0.3533697405,-0.2098917096,15.61755573,5.425791397,18.20875424,23.62654039,0.1343410739,33.44055909,4.794537184,25.38663948,4.992404733,11.38785599,0.0,11.33939598,0.0,0.7953104794,11.37477255,11.33929359,13.08951281,4.84872166,0.0,0.0,3.918105847,0.0,0.8586399347,0.06365387513,0.0,29.638011
7.721246399,145.2099007,150.9997198,159.6007726,160.6028503,3.7,160.1861851,4.12394412,5.584929757,47.18135908,0.4826190476,0.025,1.460883267,5.32,35.08,-6.591111111,-28.30567901,0.6844934983,-4.23,1.107309365,0.6,0.0436,29.69887896,23.46952001,0.01738095238,0.0,0.8673809524,0.6997198007,0.4082961782,0.891441957,0.7736881998,0.9658537332,1.020738204,1.17065636,0.9814459381,0.8583093994,0.8446876528,0.9941708864,0.7924413668,1.115985009,0.9669628592,0.9613873454,1.355650685,0.9082043996,1.054480569,1.218909838,1.092971536,1.075988583,1.20279857,1.068597897,1.281192165,0.7148405057,1.410596581,0.9389262985,0.3673015873,0.3359552154,3.799581231,0.04452674897,-0.05662620013,0.1450244576,1.621602104,2.25,539.8377532,-3.185761506,-0.8106417495,0.09260569599,0.02337361608,0.06641800929,0.0,9.614079702,11.33678588,0.0,0.2122845906,208.8221789,9.184952232,14.59805822,0.0,11.25737949,1.523836425,11.36712758,0.0,0.0,4.390415048,0.0,5.817220841,4.850608614,0.0,0.0,0.0,0.0,0.7417047715,0.1539444827,0.0,27.16226232
5.886056648,144.1851809,150.8419307,157.1409259,157.1307331,3.634782609,156.3895983,2.343209877,2.098566308,52.07746353,0.4851851852,0.0,1.785102788,15.6122449,84.22907122,-22.40816327,-138.755935,0.6807446078,-4.91,2.273263854,1.066625765,0.00274,41.98488435,22.20705519,0.01481481481,0.0,0.7592592593,0.5886792453,0.4237798681,1.131625525,0.9097212439,1.291044865,1.006451613,1.189452481,0.8877379939,1.145307783,1.048971596,0.9769784468,0.977530557,1.191190135,0.9299587479,1.294388551,1.32173913,1.228789108,1.07607442,1.223242147,1.069253308,1.169309747,1.309652846,0.9765857501,1.01391603,1.07729835,1.242377808,0.9516078848,0.5251247166,0.4453656463,3.34144599,0.03528395062,-0.0723920825,-0.1695336829,2.151216564,3.09,2086.58422,-4.575509382,-1.338907896,-0.1111993468,0.2818209518,0.04606378681,0.0,5.098681808,38.11294267,11.21062871,0.1811246968,10.62986842,0.0,19.74844179,0.0,22.51475897,0.0,0.0,0.0,0.0,0.0,12.96557803,0.0,4.998950662,0.0,0.0,5.33564435,0.0,0.9048170651,0.2052184453,0.0,29.28526947
8.6,151.5257649,157.2635962,163.5218903,164.3794591,3.355555556,161.3458172,3.605429293,3.680365297,43.49756155,0.4573129252,0.05357142857,1.426901074,9.346938776,49.0,3.859410431,36.77777778,0.7026070582,-4.06,1.62628006,0.8337988097,0.0316,18.19910121,24.12316206,0.04268707483,0.03951247166,0.8531746032,0.6710431655,0.4052873563,1.054130241,0.8267878547,0.9874788557,1.032374101,1.072343379,0.8556774354,1.11485472,1.012147335,1.026409886,0.9977456833,1.090129795,1.029778526,1.131097181,1.109802158,0.8093704142,0.9731562305,1.027356322,1.13426717,0.8326726416,1.054320141,0.8210777852,0.945896658,0.9810562833,0.9005668399,0.8904870432,0.5968253968,0.3211805556,3.766037363,0.03952020202,-0.05537400896,-0.06967460441,1.686829229,2.75,1859.334395,-2.922220665,-1.904626993,-0.1552706544,0.3627522401,-0.09845408509,10.63357721,9.780484743,0.0,17.57815784,0.1524828092,14.02949913,13.57536728,25.06523039,0.0,11.25737949,0.0,12.0483115,0.0,-0.4136118403,24.95013983,0.0,11.63444168,4.877473763,0.0,0.0,0.0,1.501980667,0.6258641428,0.08765981412,0.0,33.15383706
8.236572006,147.4612651,157.7221058,159.9476082,159.1225334,4.1,162.9607215,5.453186535,4.534979424,43.86052541,0.4843253968,0.0,1.332445565,3.752066116,40.2265075,-11.12396694,-81.96755433,0.7040406978,-6.27,1.049369409,0.4928685608,0.00251,15.91054863,22.67357176,0.01567460317,0.02512698413,0.903047619,0.9346405229,0.3964611406,0.8505278771,0.7117645346,1.066337923,0.9322033898,0.7492637709,0.7793836392,0.6916775797,0.7824128347,0.5185500431,0.4570906609,0.8466251836,0.9734528773,0.8341697233,1.175490196,0.9434064182,0.9520079746,1.087901579,1.339381988,1.049784255,1.329232471,1.424684863,0.9366503436,0.8996855229,1.56203012,1.45619129,0.7413151927,0.5721017574,3.995024711,0.05052380952,-0.02532760127,-0.337053202,1.810150227,2.09,2275.114305,-6.198717848,-0.5802035465,-0.309865363,0.155164361,0.1592967637,4.983978521,13.17124514,6.066367068,21.4210879,0.1746651557,31.96666154,13.17124514,19.93591408,0.0,21.95893118,2.703659126,0.0,0.0,0.0,13.17124514,6.176298517,6.9237372,4.853464981,0.0,0.0,1.792035689,0.0,0.8991335537,0.1350287976,0.003018408053,36.71808007
7.37675071,146.2217091,150.9941239,157.9963401,158.5402442,3.428571429,159.9072869,2.784425451,2.87962963,47.91974111,0.478125,0.015625,1.643342141,9.852748943,55.5171088,-7.83160323,-23.45905421,0.6848636974,-5.11,2.153891597,0.9798856559,0.00688,50.88435568,0.0,0.021875,0.02867647059,0.7588235294,0.6668742217,0.4816028966,1.182217953,0.8091796514,1.161434476,1.167654302,1.209208366,0.9053723345,1.029803856,1.128865679,0.9438083753,0.7913171568,1.08711971,1.101271972,1.048155457,1.138392857,1.132323358,1.04259701,1.017586478,0.945187391,0.6112380475,1.112031134,0.9473387046,0.956465875,0.9587730547,1.008931429,1.040676543,0.5731972789,0.6198625283,3.518533745,0.045,0.03965672389,-0.0283177358,2.004272784,0.92,2240.776417,-3.032394041,-1.691975118,-0.296404184,0.4181105421,-0.3103246066,10.30076712,5.261891555,12.13273414,46.29261463,0.1627685423,26.81160078,0.0,24.9198926,0.0,28.71445679,0.0,0.0,0.0,0.0,5.687386275,6.544756406,18.25485007,4.874762888,0.0,0.0,2.468875052,0.0,0.7702072531,0.06541342195,0.0,32.01951086
6.583359493,145.045857,151.7808163,154.5847109,162.0658088,3.066666667,153.7869852,2.466666667,2.283702409,52.22564214,0.4820512821,0.01923076923,1.737281155,18.88696655,91.43252595,-25.21607074,-111.1868512,0.7105510391,-5.28,2.368428181,1.346490872,0.0027,41.174265,5.693927995,0.01794871795,0.01761633428,0.7580246914,0.7604015041,0.4745684031,1.151053834,0.9811979846,0.8204296587,1.435418941,1.150658022,0.847892995,0.923798806,1.043212565,1.213894295,0.8992749702,1.08311348,0.9923983499,0.7568720209,1.159934498,0.9381128886,0.8060504642,1.36831172,1.15128987,0.7937709652,1.206264518,1.083114681,1.17929948,0.9197600469,1.110483351,0.9984535941,0.8785034014,0.6823270975,3.303997161,0.04949864499,-0.09577186839,-0.001318857314,2.055152759,3.06,1856.890625,-3.597444181,-1.302169865,-0.04458693,0.1663626326,0.09362744359,5.106527395,5.098681808,45.89405,11.38785599,0.2926393097,124.1941533,5.106527395,14.76446326,5.414990469,28.26427081,0.0,0.0,0.0,0.0,0.0,12.96557803,5.414990469,4.99633447,0.0,0.0,9.890925645,0.0,1.762182231,0.4665289338,0.1020620726,28.37327328
8.0,149.6517217,156.7887235,165.1300249,161.1284905,3.280898876,163.1065269,2.793103448,2.854642314,47.50931806,0.4686813187,0.03846153846,1.51914289,11.26608978,74.27852893,1.135208221,75.41319632,0.6959864369,-3.57,1.682895999,0.7237073367,0.0436,34.64685839,6.066367068,0.03131868132,0.01982091982,0.8153439153,0.6450498108,0.3869798971,1.170095256,0.9001993602,1.31642711,1.044650369,1.250283439,0.853075442,1.322431658,1.039052346,0.8916500422,0.9604706502,1.026194743,1.005423611,0.9095742073,1.297543257,1.067359088,1.036944541,1.266190829,1.049558482,1.485893777,0.9712334693,0.9758674735,1.070124523,1.016702807,0.7252172632,0.8242227403,0.5111564626,0.2803996599,3.743368755,0.04253753754,-0.1940148838,0.08640454012,1.907275554,1.75,1305.357101,-2.989518449,-1.516796498,-0.1333143151,0.3854469559,-0.08393550899,5.316788604,5.098681808,0.0,17.57815784,0.1832797149,32.21497008,4.390415048,24.73242031,0.0,11.38785599,0.0,0.0,0.0,0.0,15.7651876,6.544756406,12.74095804,4.83287049,0.0,0.0,4.618875901,0.0,0.6617085363,0.05720369498,0.0,28.33828488
6.970616222,144.7629259,147.7589175,153.50475,153.9041889,3.307692308,157.9388272,2.595588235,2.598870056,49.22976446,0.4826086957,0.0,1.735372024,6.734842951,26.51862673,-1.685902118,-0.1607012418,0.6732572563,-3.87,2.434591481,1.11403462,0.0207,33.77213846,0.0,0.01739130435,0.01956521739,0.75,0.5911242604,0.563096817,0.97878136,0.7846235028,1.233316744,1.079036348,1.152129437,0.9533476093,0.8490926167,1.017292389,0.975662232,0.8978491903,1.040318302,1.155467498,0.9035789474,1.086253983,1.053043714,0.9340563371,1.090552143,1.007845284,1.115573061,0.9179279139,0.9989757454,1.090007646,0.9127689359,1.025513645,1.077909055,0.2586394558,0.1962159864,2.774861885,0.02134680135,-0.1005165051,0.07486897859,2.076018519,1.91,1329.437404,-2.789726047,-1.178525788,-0.09450641028,0.3661234005,-0.2843668516,0.0,5.098681808,36.39820241,11.38785599,0.1934537568,53.96419523,0.0,20.16532066,0.0,33.77213846,0.0,0.0,0.0,0.0,0.0,0.0,0.0,4.808350992,0.0,0.0,0.0,0.0,0.4238365946,0.0761440227,0.0,30.60576651
5.823908741,144.7227279,147.4050701,155.2240072,159.9378992,3.534883721,154.4561001,3.873677249,3.404320988,46.23770573,0.4686067019,0.01851851852,1.639376376,6.431290898,25.69303986,-7.850684117,26.10826889,0.6963983015,-4.98,2.190931349,1.160085922,0.00673,11.12690298,24.26546827,0.03139329806,0.03741409718,0.805090312,0.7253674469,0.495530168,0.9275797067,0.7567441633,0.7177619018,1.150452718,1.073783433,0.9711726078,0.7433106859,1.036737698,1.104481501,0.8028411052,1.161312321,1.004902277,0.9775436168,1.094322982,0.7977153753,0.7845234312,0.9090909091,0.9408536473,0.41702611,0.8598944628,0.8818053521,1.074461045,0.8252219138,0.8661781211,0.9201523475,0.4570521542,0.2795493197,3.166620655,0.03757834758,0.0584850184,-0.03699110817,1.873950546,2.78,1771.427832,-3.050304278,-1.346285933,-0.239957759,0.343601045,-0.205236377,10.09050592,0.0,18.19910121,22.64523548,0.2140199639,133.7769021,14.29147963,14.95193556,0.0,34.03309147,0.0,11.04215076,0.0,-0.9841012049,4.390415048,0.0,5.817220841,4.814805348,0.0,0.0,0.0,0.0,0.5974907466,0.08259517058,0.0,33.70273077
6.970616222,142.568784,147.0264186,150.228361,156.1724908,3.465517241,159.8089967,2.506858711,2.574133074,51.19414657,0.5112554113,0.02272727273,1.613859381,6.387543253,37.25823401,-10.49134948,-42.15075398,0.6865492513,-6.13,1.743653309,0.9045555148,0.000727,31.81196091,5.563451492,0.0,0.0,0.7978354978,0.702740662,0.5496909568,0.9601897125,0.7324090131,1.054521134,1.076825843,1.168403169,0.7950806361,0.9514008569,0.9484975008,1.072127304,1.01926616,0.9355006689,1.140327832,1.03888694,1.046033514,1.156503074,0.8949825732,1.28728987,1.429588173,1.590509625,1.498679609,0.9274549705,1.141796019,0.7659585896,1.328864352,0.7764336092,0.3788208617,0.3411635488,3.343809532,0.04555555556,-0.1232475129,-0.3969541693,2.137281307,4.07,390.8279117,-4.431175036,-0.4233779371,-0.2706113907,0.3611107697,-0.1605658084,0.0,5.098681808,58.8330126,11.89077157,0.1752600273,98.50396462,0.0,14.59805822,0.0,21.82845468,1.592402954,0.0,0.0,0.0,0.0,0.0,6.9237372,4.773957061,0.0,0.0,2.084179544,0.0,0.9040054457,0.09878289721,0.0,29.43827486
7.657577319,145.9770422,152.953981,152.6842497,157.4450447,3.345132743,164.3073057,2.631858711,2.624958292,51.38666017,0.4913978495,0.01612903226,1.606975805,13.71306515,79.47213322,-8.124599502,-37.51675171,0.6894086529,-6.04,2.104484741,1.194041746,0.00148,45.37412621,16.69035448,0.008602150538,0.01518817204,0.7708333333,0.663694868,0.4977187343,1.160368181,0.8593066484,1.005233256,1.126869159,1.018835717,0.7802333168,1.119522259,1.033742759,1.129072193,1.13598634,1.029176312,1.079834249,0.9583783785,0.9829832107,1.329678525,1.32374746,0.8970563132,0.8180613897,1.173372775,0.9653634742,1.146837014,1.260601618,1.156194186,1.080027722,1.020986166,0.696462585,0.5130385488,3.623435714,0.04419753086,-0.009400924818,-0.001069349544,2.204546418,3.25,2128.759623,-4.681897176,-1.321207125,-0.3160646832,0.214884952,0.2585630642,5.316788604,5.425791397,52.80517724,10.57107519,0.1655533624,24.93919058,0.0,20.40266096,4.992404733,11.38785599,1.628356245,0.0,0.0,1.035422336,5.13155848,6.544756406,26.93698721,4.84886367,0.0,0.0,6.966363136,0.0,1.189562466,0.1146045727,0.0,33.67938053
6.189767482,143.9205754,148.497033,155.7072841,157.6903983,3.638554217,156.1471078,2.775983348,2.513594118,49.36971113,0.4938271605,0.01851851852,1.645994822,8.611111111,47.5648778,-11.11111111,-49.07432603,0.6747025075,-5.7,1.971019137,1.017358475,0.00211,44.70847628,0.0,0.006172839506,0.01728395062,0.7666666667,0.6357555488,0.4925806497,1.097914098,0.7586816813,0.928830155,1.046116046,1.162316982,0.8736319481,1.359112878,1.046212291,1.069299139,1.059650804,1.096330246,1.153244123,1.134986036,1.09849187,1.001694662,0.9087220074,1.262825586,0.7062011674,1.36756626,1.087030257,0.9636005185,0.9363242298,0.8892957006,1.06378838,0.945521376,0.4734240363,0.3871527778,3.421298286,0.03834795322,-0.3256048181,-0.2231714005,2.091736636,2.83,2341.143937,-4.349804826,-1.364894195,-0.2638964467,0.3145197949,-0.1177401881,5.316788604,0.0,24.26546827,21.41454618,0.1884334693,20.66219208,0.0,15.28474565,4.992404733,0.0,1.623420283,0.0,0.0,0.6099706843,11.37477255,0.0,13.08951281,4.903407469,0.0,0.0,1.966259719,0.0,0.7609291239,0.09332482137,0.0,31.3110809
4.945386945,147.1889596,150.5716193,153.3000036,156.5291915,3.472727273,157.0717226,3.905328798,3.804257529,45.48331132,0.4644444444,0.01666666667,1.557441303,10.59924386,39.74102079,-11.68809074,-35.96030246,0.6888187153,-4.4,2.017017473,0.9830278467,0.0292,0.0,4.681802935,0.03555555556,0.05050505051,0.8050505051,0.6291793313,0.4916131253,1.035286165,0.7707667714,1.060415245,1.077760892,1.106167404,0.8555152636,0.7549113867,1.000354625,1.142212589,0.8753185132,1.047029998,1.19186736,1.101000288,1.029566179,0.9991903616,0.8821284576,0.9582893529,0.8639818236,1.008770503,0.9766345731,0.9850828399,1.070424328,0.922099812,1.03765017,0.9372538201,0.6815419501,0.454010771,3.506544483,0.04024305556,-0.0008832956259,0.08903173059,1.850266211,1.9,2079.53101,-3.363356727,-1.700926633,-0.4891252624,0.2840054021,-0.4165042679,15.20739338,0.0,12.13273414,22.63869376,0.1536183472,166.0474505,14.26826309,14.76446326,5.733667477,39.70116891,0.0,24.77564615,0.0,-0.5318461614,0.0,0.0,0.0,4.91143227,5.31165637,0.0,0.1482791863,0.0,0.7090739295,0.1275821809,0.0,33.15744284
5.795880017,144.1027622,150.3402747,157.2832898,158.2228931,3.753846154,154.7643358,2.794797178,2.942307692,50.02006968,0.49138322,0.02380952381,1.606288741,6.644628099,38.23385369,-3.049586777,35.15559637,0.6778019067,-3.8,1.68640862,0.7167116501,0.0287,40.09928197,12.13273414,0.008616780045,0.0,0.8229024943,0.6111111111,0.449132869,0.9994501054,0.7963795128,1.176492564,0.9166666667,1.080802063,0.9313135829,1.021465435,1.051293869,0.9801829355,0.9090066247,1.258961491,0.8785771904,0.9275138058,1.379881657,0.8789046908,0.8808674439,1.02689219,1.207712225,0.6093650198,0.8366360391,0.999384296,1.335756738,0.3819553817,0.9559527936,1.171450206,0.2719274376,0.2777777778,3.3579855,0.04094444444,-0.02647993937,-0.01540645135,1.954116119,2.52,1654.378846,-3.695747383,-0.7633718554,0.00284819115,0.07937513201,0.00896802514,4.567099648,0.0,17.82825202,11.38785599,0.2313117594,4.069284137,4.390415048,14.53505669,0.0,22.64523548,0.0,0.0,0.0,0.0,4.390415048,6.544756406,5.817220841,4.88992845,0.0,1.745355463,0.9231580688,0.0,0.5242119621,0.1086331621,0.0,26.16116463
6.950781977,146.3467283,151.2254929,157.186806,159.0318735,3.0234375,156.633458,2.528490028,2.638383838,49.47834402,0.4739583333,0.015625,1.646727263,8.479338843,50.20297521,1.247933884,43.61818182,0.6797656753,-4.15,2.087874319,0.8823513639,0.0256,52.30116798,0.0,0.02604166667,0.0300245098,0.7803921569,0.7281739687,0.5436466395,1.131669773,0.8795727074,1.098436452,1.186132075,1.171715426,0.9889053603,1.016168077,1.043135494,1.015878179,1.053732652,1.043135494,1.08278471,1.393481191,0.9923349057,0.8995710157,0.8184946154,0.9738463563,1.048252812,0.8417966211,0.777126301,1.089856057,1.146973605,0.7786952573,0.8916458408,1.026381936,0.3786394558,0.3785076531,3.693485395,0.02737588652,-0.07109127655,0.144729708,2.034631883,1.37,1432.418675,-4.556060394,-1.438365411,-0.2568511041,0.2918328058,-0.2183428283,10.05365156,5.098681808,18.19910121,11.38785599,0.1606741544,142.3191854,9.531400138,20.16532066,5.917906046,33.77213846,0.0,12.45432442,0.0,0.0585009185,5.687386275,9.531400138,5.917906046,4.821864782,0.0,0.0,1.301084642,0.0,0.7104330604,0.1056068053,0.0,29.45497848
