SpDiam_A,AATS5d,AATS7s,AATS8s,AATS1i,AATS2i,AATS3i,AATS4i,AATS6i,ATSC1dv,ATSC8dv,ATSC1d,ATSC7d,AATSC0v,MATS6s,MATS7s,MATS8s,GATS2c,GATS3c,GATS8c,GATS1dv,GATS3dv,GATS4dv,GATS6dv,GATS7dv,GATS8dv,GATS1d,GATS2d,GATS5d,GATS2s,GATS3s,GATS4s,GATS6s,GATS1v,GATS2v,GATS5p,GATS6p,GATS7p,GATS1i,GATS2i,GATS3i,GATS4i,GATS5i,GATS7i,GATS8i,RNCG,RPCG,Xc-3dv,Xc-5dv,Xc-6dv,AXp-0d,SdssC,SsNH2,SdO,SssO,SssS,SaaS,SddssS,MAXaaCH,AETA_alpha,AETA_beta_ns_d,ETA_dAlpha_B,ETA_epsilon_5,ETA_dEpsilon_D,IC1,CIC1,CIC2,ZMIC2,PEOE_VSA1,PEOE_VSA4,PEOE_VSA6,PEOE_VSA9,SMR_VSA1,SMR_VSA3,SMR_VSA4,SMR_VSA9,SlogP_VSA2,SlogP_VSA3,SlogP_VSA4,SlogP_VSA10,EState_VSA4,EState_VSA5,VSA_EState8,VSA_EState9,AMID_C,TopoPSA(NO),GGI6,GGI7,JGI4,RNCS,Mor02m,Mor03m,Mor13m,Mor26m,Mor30m,Mor31m,MOMI-Z,MLOGP,ESOL_Solubility_(mg/ml),Ali_Log_S,SpMax_A,VE1_A,AATS8dv,ATSC8d,ATSC0p,ATSC0i,MATS1c,MATS2s,MATS3s,GATS4c,GATS5dv,GATS6d,GATS7d,GATS3v,GATS1p,GATS6i,BCUTc-1h,BCUTd-1l,BCUTs-1h,Xch-5d,Xch-7d,Xc-5d,AXp-1d,SaasC,SaaaC,SssssC,SssNH,SsOH,SdS,AETA_beta_s,AETA_eta_L,AETA_eta_F,IC2,ZMIC1,PEOE_VSA2,SlogP_VSA1,EState_VSA1,EState_VSA2,EState_VSA3,EState_VSA6,EState_VSA9,VSA_EState3,VSA_EState7,MDEC-33,GGI3,GGI5,GGI8,GGI9,JGI2,JGI5,FPSA3,RPCS,Mor06m,Mor08m,Mor11m,Mor16m,Mor23m,XLOGP3,Silicos-IT_Log_P,ESOL_Log_S,Ali_Solubility_(mg/ml),Silicos-IT_Solubility_(mg/ml)
4.945982674,3.30075188,2.445249597,2.30734127,147.5978611,157.8321886,157.1610552,160.7924871,161.2686912,95.75510204,-134.0714286,17.59183673,-23.42091837,50.93265931,-0.09325959212,0.07908645055,-0.2040327227,1.635793006,1.101169241,1.092100555,0.4872254059,0.9891450263,0.9209003747,1.128760745,1.149116523,1.230211318,0.6028183716,1.086986778,1.045489507,0.8086185044,1.092232767,0.9377631241,1.183776933,0.9924155931,0.7696552482,1.028415375,0.8508560912,1.148701918,1.418977275,1.047773367,1.078228218,0.8969788832,1.176815358,1.135099677,1.091952783,0.1662440571,0.05993567359,1.067258904,0.1288113406,0.0,0.6888187153,0.0,0.0,0.0,0.0,0.0,0.0,0.0,2.251293462,0.48,0.0,0.02,0.78,0.0,3.491860676,2.315494246,0.9627883386,27.46169931,9.467009379,5.098681808,18.20875424,35.29333391,0.0,29.21545116,0.0,22.51475897,49.85555154,13.08951281,6.9237372,0.0,70.99110724,0.0,4.838045859,4.220524565,1.659158216,51.77,0.8187301587,0.6345663265,0.03414251208,3.860452175,25.76288881,-2.833120026,-1.712049124,-0.3516320659,0.3456944555,-0.1783070703,2137.502982,2.3,0.0144,-3.99,2.597850078,4.101665835,1.26119403,-13.83767361,11.16728167,72.82102943,-0.3860697834,0.1572707599,-0.05661729883,0.8128885896,1.188467447,1.385646218,1.169289244,1.137579186,1.012467805,1.149255504,0.3863274904,0.991510793,6.002808208,0.1466088019,1.229032715,0.7194749337,0.423750376,6.542281956,0.0,0.1731802327,0.0,9.67224571,0.0,0.62,0.2419431816,0.889479317,4.398802147,44.2804485,9.665781456,0.0,0.0,11.1645023,5.917906046,12.13273414,10.08266033,14.61084548,0.0,10.00980201,2.833333333,1.278611111,0.3797004913,0.096875,0.0826873385,0.03118563686,0.03896814881,105.2326043,0.5408248503,-2.326330623,0.3945932708,0.0256806776,-0.4857751605,4.05,4.26,-4.83,0.005,8.28e-05
4.942378428,3.226027397,2.301198257,2.331757289,146.2472804,155.0665108,160.0276797,159.9665408,160.4586872,93.66565886,-42.11413454,14.48652053,-5.41723356,50.61721457,0.01987775498,0.1411001885,-0.04150680153,1.385687364,1.201758997,1.075495661,0.4998098034,1.102617453,1.167587636,0.951149575,0.9101594863,1.057963164,0.6592034203,0.9870040283,1.059541571,1.02202004,1.170926028,1.211932411,0.9964098172,0.9885089361,0.9218194606,1.03738592,0.9557179295,1.014957504,1.341906357,1.169470853,0.9743470307,0.950950482,1.16071508,1.019900356,1.041049839,0.1456046687,0.06484728411,0.8190725202,0.1288113406,0.0,0.6737412396,0.0,0.0,0.0,11.54632504,0.0,0.0,0.0,2.176777181,0.4754901961,0.0,0.02450980392,0.8039215686,0.0,3.523004188,2.454275736,1.022323364,30.02085899,14.04082556,5.098681808,18.20875424,41.90021587,9.473725908,24.31554143,0.0,22.51475897,43.81933209,22.56323872,6.9237372,0.0,83.89487604,6.420821623,5.186592111,0.0,1.669179994,66.99,0.7340136054,0.5217191043,0.03283333333,17.84970761,28.28447932,-5.251998152,-1.940031414,-0.2424870751,0.3372714553,-0.08202178319,2336.466524,2.52,0.00361,-5.02,2.597850078,4.101665835,1.26119403,-13.83767361,11.16728167,72.82102943,-0.3860697834,0.1572707599,-0.05661729883,0.8128885896,1.188467447,1.385646218,1.169289244,1.137579186,1.012467805,1.149255504,0.3863274904,0.991510793,6.002808208,0.1466088019,1.229032715,0.7194749337,0.423750376,6.542281956,0.0,0.1731802327,0.0,9.67224571,0.0,0.62,0.2419431816,0.889479317,4.398802147,44.2804485,9.665781456,0.0,0.0,11.1645023,5.917906046,12.13273414,10.08266033,14.61084548,0.0,10.00980201,2.833333333,1.278611111,0.3797004913,0.096875,0.0826873385,0.03118563686,0.03896814881,105.2326043,0.5408248503,-2.326330623,0.3945932708,0.0256806776,-0.4857751605,4.05,4.26,-4.83,0.005,8.28e-05
4.929552615,3.780487805,2.585518102,2.42440225,146.6934932,151.7346049,156.4534982,154.8694075,157.2106152,54.62984878,-45.90664037,10.82117028,-16.59434583,48.68718614,-0.1814485991,0.1143808457,-0.1888823613,1.145238383,1.034833562,0.9778018234,0.453322684,1.119566292,1.047057063,1.139602858,1.113357116,1.084651032,0.5582902205,1.000269978,1.200323974,0.811582298,1.148448627,0.9849907897,1.247896255,0.8087763166,0.8306297425,0.9908930956,0.987697696,1.10844714,1.134124049,1.171483515,0.9641591692,1.046496374,1.131839,0.978669644,1.071483421,0.2097399158,0.1019598315,0.6673631067,0.1044262599,0.0,0.6706519733,0.0,0.0,0.0,0.0,0.0,0.0,0.0,2.114904573,0.4791666667,0.0,0.02083333333,0.764,0.01933333333,3.547185554,1.738216665,0.6770864604,25.00643644,4.983978521,5.098681808,18.20875424,35.29333391,0.0,24.73242031,0.0,22.51475897,24.73242031,6.544756406,6.9237372,0.0,51.4807728,0.0,2.806967831,0.0,1.676679689,59.39,0.5689795918,0.3315972222,0.03904320988,41.20627215,21.23321958,-3.052922224,-1.151841564,-0.2127517232,0.3868126365,-0.2556954959,1782.335708,2.02,0.0234,-3.86,2.597850078,4.101665835,1.26119403,-13.83767361,11.16728167,72.82102943,-0.3860697834,0.1572707599,-0.05661729883,0.8128885896,1.188467447,1.385646218,1.169289244,1.137579186,1.012467805,1.149255504,0.3863274904,0.991510793,6.002808208,0.1466088019,1.229032715,0.7194749337,0.423750376,6.542281956,0.0,0.1731802327,0.0,9.67224571,0.0,0.62,0.2419431816,0.889479317,4.398802147,44.2804485,9.665781456,0.0,0.0,11.1645023,5.917906046,12.13273414,10.08266033,14.61084548,0.0,10.00980201,2.833333333,1.278611111,0.3797004913,0.096875,0.0826873385,0.03118563686,0.03896814881,105.2326043,0.5408248503,-2.326330623,0.3945932708,0.0256806776,-0.4857751605,4.05,4.26,-4.83,0.005,8.28e-05
4.864588,3.202380952,3.14172163,3.324057208,144.775219,147.1915212,155.8267923,158.771623,157.4010174,20.81425475,46.83666529,6.147928994,4.351742275,47.09045049,0.0360866479,-0.1164609041,0.06598173248,0.7765750213,1.212874598,0.7863925804,0.5499137854,1.008740849,1.076988932,0.9183002771,1.024197882,0.8072723091,0.7240049367,1.139701551,0.9526380747,0.6167583804,0.952594945,1.027062828,0.7314889713,0.7143467684,0.9105186018,0.987686915,0.995896079,0.9632520521,0.9203991109,1.116963593,1.108215123,0.9821725007,0.9704861299,0.9065594642,0.8693869923,0.2637362504,0.1524323098,0.727356777,0.08469947665,0.0,0.6959864369,0.0,0.0,0.0,0.0,0.0,0.0,0.0,1.819003949,0.4820512821,0.07692307692,0.01794871795,0.805952381,0.03891941392,3.424297788,1.861104431,0.7315211542,28.6523244,10.423316,0.0,17.66730696,22.2842392,9.496942443,9.967957042,0.0,17.00689132,15.07448444,0.0,5.817220841,15.7651876,0.0,18.19910121,0.0,0.0,1.625955818,58.04,0.386122449,0.2864583333,0.03749287749,78.43899978,22.01041359,-4.02754587,-1.308588109,-0.4286383181,0.4802769356,-0.240679363,951.9338672,3.26,0.00116,-5.65,2.597850078,4.101665835,1.26119403,-13.83767361,11.16728167,72.82102943,-0.3860697834,0.1572707599,-0.05661729883,0.8128885896,1.188467447,1.385646218,1.169289244,1.137579186,1.012467805,1.149255504,0.3863274904,0.991510793,6.002808208,0.1466088019,1.229032715,0.7194749337,0.423750376,6.542281956,0.0,0.1731802327,0.0,9.67224571,0.0,0.62,0.2419431816,0.889479317,4.398802147,44.2804485,9.665781456,0.0,0.0,11.1645023,5.917906046,12.13273414,10.08266033,14.61084548,0.0,10.00980201,2.833333333,1.278611111,0.3797004913,0.096875,0.0826873385,0.03118563686,0.03896814881,105.2326043,0.5408248503,-2.326330623,0.3945932708,0.0256806776,-0.4857751605,4.05,4.26,-4.83,0.005,8.28e-05
4.859076679,3.455357143,3.03894081,2.917866941,149.9215863,153.2231385,156.0873279,156.7402181,159.811369,61.56200607,13.88222479,10.8792772,-10.59207997,46.90235383,0.04857823646,-0.08990521132,0.06739460723,0.8132428522,0.992438935,0.6330643064,0.4712530987,1.122740841,1.001590804,1.038395451,1.033784504,0.9177407739,0.6951708023,1.152706687,1.038069374,0.5108919971,0.9676971736,1.006810245,0.4895083172,0.7696251407,0.8483334008,0.9767755275,0.9580830047,1.165863699,1.100146157,1.182124876,1.020155448,1.12448727,1.095328816,0.9975627089,1.054195681,0.140427677,0.09533335505,0.9407809356,0.1245317625,0.0,0.6954248033,-0.1191489073,5.309393804,11.30015538,0.0,0.0,0.0,0.0,1.945794737,0.4808080808,0.01515151515,0.01919191919,0.7842592593,0.04402356902,3.793728528,1.878696814,0.7310629905,29.89809159,11.05045608,10.19736362,6.066367068,5.693927995,4.794537184,29.36252149,5.733667477,22.51475897,40.3821381,0.0,6.9237372,5.687386275,28.16193619,6.327320075,1.934878506,0.0,1.464208038,116.02,0.734829932,0.7387329932,0.044138322,128.4215519,30.06621847,-4.158371024,-1.377038032,-0.299926762,0.3267209139,-0.3304276365,2624.044637,2.01,0.0183,-5.21,2.597850078,4.101665835,1.26119403,-13.83767361,11.16728167,72.82102943,-0.3860697834,0.1572707599,-0.05661729883,0.8128885896,1.188467447,1.385646218,1.169289244,1.137579186,1.012467805,1.149255504,0.3863274904,0.991510793,6.002808208,0.1466088019,1.229032715,0.7194749337,0.423750376,6.542281956,0.0,0.1731802327,0.0,9.67224571,0.0,0.62,0.2419431816,0.889479317,4.398802147,44.2804485,9.665781456,0.0,0.0,11.1645023,5.917906046,12.13273414,10.08266033,14.61084548,0.0,10.00980201,2.833333333,1.278611111,0.3797004913,0.096875,0.0826873385,0.03118563686,0.03896814881,105.2326043,0.5408248503,-2.326330623,0.3945932708,0.0256806776,-0.4857751605,4.05,4.26,-4.83,0.005,8.28e-05
4.824033268,3.034782609,3.005393743,2.876068376,147.1820149,153.4795538,155.7123705,156.9596397,157.6497143,49.33564014,-19.85813149,11.08304498,-0.9134948097,48.91808,0.04176275362,0.0340408739,-0.04858408434,1.273009574,0.8510924523,0.9485205852,0.5452365016,0.9846160342,1.047161619,0.8751369113,0.9805971459,1.024096386,0.6268436578,1.079168343,0.9484417083,0.8017522325,0.9048572102,1.364320662,0.6045779587,0.8870558559,0.8786172393,0.8809349247,1.068306732,1.015685971,1.1614955,1.060724935,0.9995415387,1.149799635,0.9614227774,0.950632126,1.118169519,0.1606839127,0.10528379,0.5582009643,0.09315436814,0.0,0.6920312592,-0.1261945102,0.0,12.15042233,4.949871137,0.0,0.0,0.0,2.004919144,0.4722222222,0.0,0.02777777778,0.7854166667,0.03236111111,3.609673195,2.062752147,0.809494363,28.73446707,10.05365156,5.098681808,18.19910121,17.99473795,9.531400138,25.48210926,0.0,33.77213846,46.3339363,4.736862954,0.0,0.0,33.77213846,0.0,0.9573687972,1.602107478,1.600638701,92.79,0.4806802721,0.3420493197,0.02398989899,120.9183069,26.65185095,-3.348389093,-1.299248066,-0.1422831748,0.2972729381,-0.337707163,1359.879051,0.95,0.0734,-3.77,2.597850078,4.101665835,1.26119403,-13.83767361,11.16728167,72.82102943,-0.3860697834,0.1572707599,-0.05661729883,0.8128885896,1.188467447,1.385646218,1.169289244,1.137579186,1.012467805,1.149255504,0.3863274904,0.991510793,6.002808208,0.1466088019,1.229032715,0.7194749337,0.423750376,6.542281956,0.0,0.1731802327,0.0,9.67224571,0.0,0.62,0.2419431816,0.889479317,4.398802147,44.2804485,9.665781456,0.0,0.0,11.1645023,5.917906046,12.13273414,10.08266033,14.61084548,0.0,10.00980201,2.833333333,1.278611111,0.3797004913,0.096875,0.0826873385,0.03118563686,0.03896814881,105.2326043,0.5408248503,-2.326330623,0.3945932708,0.0256806776,-0.4857751605,4.05,4.26,-4.83,0.005,8.28e-05
4.849116668,3.283333333,2.564246914,2.661155203,147.9609889,153.6858859,157.3442561,157.7077439,161.6377542,76.74556213,-56.00460224,13.75,-1.9375,50.24069857,0.05878208115,0.04017452146,-0.1093473555,1.174959601,1.020395464,1.186186566,0.4810350213,1.158207059,1.072603217,0.9047576196,1.059640339,1.112932764,0.5969387755,1.080745342,1.05,0.7813184696,1.097053819,1.056067791,0.9661400282,0.8419519833,0.8883641275,1.089909807,0.8544840436,0.7841151186,1.202428832,1.170031011,1.012033715,1.127195336,1.14152256,0.8774295087,0.9531486201,0.1566820121,0.09185342235,0.8388566744,0.1146849114,0.0,0.6841461785,0.947518529,0.0,0.0,0.0,1.71746793,0.0,0.0,2.107141054,0.488172043,0.03225806452,0.01182795699,0.7686868687,0.0302378625,3.751632789,1.948806929,0.8614228369,30.72059456,10.30076712,5.425791397,24.27512131,23.62654039,0.0,25.38663948,4.992404733,11.38785599,32.55515263,6.544756406,13.08951281,5.687386275,46.02638289,4.895483476,2.56029826,0.0,1.551484447,83.3,0.5331972789,0.5538548753,0.0390617284,20.34371107,29.21401461,-4.352685478,-1.739690349,-0.01357394355,0.4967982155,-0.2431900401,2334.442946,2.51,0.0132,-4.85,2.597850078,4.101665835,1.26119403,-13.83767361,11.16728167,72.82102943,-0.3860697834,0.1572707599,-0.05661729883,0.8128885896,1.188467447,1.385646218,1.169289244,1.137579186,1.012467805,1.149255504,0.3863274904,0.991510793,6.002808208,0.1466088019,1.229032715,0.7194749337,0.423750376,6.542281956,0.0,0.1731802327,0.0,9.67224571,0.0,0.62,0.2419431816,0.889479317,4.398802147,44.2804485,9.665781456,0.0,0.0,11.1645023,5.917906046,12.13273414,10.08266033,14.61084548,0.0,10.00980201,2.833333333,1.278611111,0.3797004913,0.096875,0.0826873385,0.03118563686,0.03896814881,105.2326043,0.5408248503,-2.326330623,0.3945932708,0.0256806776,-0.4857751605,4.05,4.26,-4.83,0.005,8.28e-05
4.852763733,3.369747899,2.819333333,2.881018519,145.7399843,151.6176975,157.2517157,158.6214866,159.0802236,65.85938056,-52.67141331,11.41046636,-7.743681025,48.7992792,-0.08789543262,-0.04911403994,0.08541488505,1.191630292,0.8516917766,0.9522513535,0.4849390068,1.043200668,1.083811977,0.9866575168,1.066937327,1.074240463,0.6426382412,1.083304464,1.165312201,0.6428460608,0.7215789145,1.059323526,0.9117261125,0.8535014844,0.894064931,1.028010687,0.9930206748,0.9284735004,1.181960564,1.120570244,0.9958436832,1.149643081,1.153994611,0.979682613,0.9246652909,0.1656998431,0.08431228547,0.7211465865,0.06263564417,0.0,0.6848636974,0.0,0.0,0.0,11.0125403,0.0,0.0,0.0,2.018617256,0.4739583333,0.015625,0.02604166667,0.7803921569,0.0300245098,3.709658437,2.018262017,0.9429088387,31.0661429,19.77449303,5.261891555,19.05647134,35.25921319,9.473725908,14.95193556,0.0,40.21348046,21.74487787,12.96557803,11.33111287,5.687386275,52.0212877,0.0,2.783400981,0.0,1.640540121,95.85,0.614829932,0.5538548753,0.04082125604,155.2055286,30.53157844,-3.154877816,-1.840477807,-0.5391049505,0.4722204238,-0.3878206079,3260.296642,1.5,0.00229,-5.95,2.597850078,4.101665835,1.26119403,-13.83767361,11.16728167,72.82102943,-0.3860697834,0.1572707599,-0.05661729883,0.8128885896,1.188467447,1.385646218,1.169289244,1.137579186,1.012467805,1.149255504,0.3863274904,0.991510793,6.002808208,0.1466088019,1.229032715,0.7194749337,0.423750376,6.542281956,0.0,0.1731802327,0.0,9.67224571,0.0,0.62,0.2419431816,0.889479317,4.398802147,44.2804485,9.665781456,0.0,0.0,11.1645023,5.917906046,12.13273414,10.08266033,14.61084548,0.0,10.00980201,2.833333333,1.278611111,0.3797004913,0.096875,0.0826873385,0.03118563686,0.03896814881,105.2326043,0.5408248503,-2.326330623,0.3945932708,0.0256806776,-0.4857751605,4.05,4.26,-4.83,0.005,8.28e-05
4.849748974,3.255813953,2.519444444,2.7,147.1267119,155.4926101,153.8604697,154.7423056,160.5518811,82.06887052,3.831037649,17.56826446,6.114049587,49.5433796,-0.08323872643,0.2263720605,0.02008862009,1.327952892,0.9690716316,0.9042829602,0.5032986119,1.046754328,1.188428787,0.8343994904,0.7392863864,0.918081473,0.5502299156,0.9868649161,1.038885702,1.102670439,0.9181392224,1.130769684,1.02427245,0.8848085675,0.720369697,1.119548288,1.050322085,1.146020669,1.246454741,0.9825257012,1.083243039,1.223509617,1.115057542,0.9748046223,1.041018816,0.1700935143,0.07625739634,0.9503966762,0.1474660367,0.0,0.6904812668,0.9961268768,0.0,0.0,10.98224063,0.0,1.571304065,0.0,2.004500121,0.4818181818,0.04545454545,0.01818181818,0.8117647059,0.01550802139,3.817215782,1.964143932,0.950266591,32.34373128,14.79051451,5.425791397,35.61190719,24.79067027,9.473725908,20.40266096,4.992404733,22.88687966,35.53500001,6.544756406,13.08951281,5.13155848,44.39282129,0.0,2.515238238,3.277664584,1.516857384,85.97,0.614829932,0.5538548753,0.0405664488,51.01493161,27.34525962,-4.56770909,-1.563893355,-0.261842053,0.2409274504,0.09389796053,2428.673969,2.2,0.00456,-5.61,2.597850078,4.101665835,1.26119403,-13.83767361,11.16728167,72.82102943,-0.3860697834,0.1572707599,-0.05661729883,0.8128885896,1.188467447,1.385646218,1.169289244,1.137579186,1.012467805,1.149255504,0.3863274904,0.991510793,6.002808208,0.1466088019,1.229032715,0.7194749337,0.423750376,6.542281956,0.0,0.1731802327,0.0,9.67224571,0.0,0.62,0.2419431816,0.889479317,4.398802147,44.2804485,9.665781456,0.0,0.0,11.1645023,5.917906046,12.13273414,10.08266033,14.61084548,0.0,10.00980201,2.833333333,1.278611111,0.3797004913,0.096875,0.0826873385,0.03118563686,0.03896814881,105.2326043,0.5408248503,-2.326330623,0.3945932708,0.0256806776,-0.4857751605,4.05,4.26,-4.83,0.005,8.28e-05
4.797866366,3.414285714,2.847457627,2.833333333,150.0679784,153.9194824,159.3868522,155.9591169,162.4927314,29.15570934,16.01384083,6.211072664,-0.339100346,45.70914731,-0.06332288401,0.1633156387,0.1832896168,1.226162554,0.9584354375,0.9076725832,0.5180527014,1.089809913,1.003955125,1.040182868,0.8854137779,0.9641825932,0.5791103604,1.041127874,1.071354167,1.033672035,0.9545454545,0.8673197492,1.050470219,0.8034947067,0.9247869939,0.9921028173,1.016326401,1.067674364,1.114878099,1.242668863,0.9090941507,1.234467219,1.094298239,0.83990913,1.122448978,0.182185791,0.1212804598,0.3914235927,0.06953456841,0.0,0.6717186416,0.0,0.0,0.0,0.0,0.0,0.0,0.0,1.976481481,0.4727272727,0.0,0.02727272727,0.7869565217,0.02213438735,3.136921362,1.95054148,0.7136665443,25.94615458,0.0,10.19736362,6.066367068,5.693927995,0.0,29.9458054,0.0,28.33262175,29.9458054,0.0,0.0,0.0,28.33262175,0.0,0.0,0.0,1.526241476,72.28,0.2087528345,0.1927437642,0.02385416667,56.12759645,20.79991367,-2.494540355,-1.096020032,-0.0157224321,0.5093656477,-0.3064979401,921.8420309,1.07,0.166,-2.83,2.597850078,4.101665835,1.26119403,-13.83767361,11.16728167,72.82102943,-0.3860697834,0.1572707599,-0.05661729883,0.8128885896,1.188467447,1.385646218,1.169289244,1.137579186,1.012467805,1.149255504,0.3863274904,0.991510793,6.002808208,0.1466088019,1.229032715,0.7194749337,0.423750376,6.542281956,0.0,0.1731802327,0.0,9.67224571,0.0,0.62,0.2419431816,0.889479317,4.398802147,44.2804485,9.665781456,0.0,0.0,11.1645023,5.917906046,12.13273414,10.08266033,14.61084548,0.0,10.00980201,2.833333333,1.278611111,0.3797004913,0.096875,0.0826873385,0.03118563686,0.03896814881,105.2326043,0.5408248503,-2.326330623,0.3945932708,0.0256806776,-0.4857751605,4.05,4.26,-4.83,0.005,8.28e-05
4.847452889,3.530612245,2.572892852,2.180371503,143.1073484,148.5630816,156.2282466,159.4922955,152.0573617,58.83544582,-20.63533608,9.197530864,-15.66666667,52.6718837,0.1072929272,-0.07268125226,-0.006720706816,0.9161994799,1.019279271,0.5987414776,0.4776343016,1.132702586,1.083286102,1.190040756,1.126390836,0.8920549413,0.7111836735,1.114325581,1.107183673,0.6185304277,1.262830874,1.145185725,0.5796535401,0.799338894,0.9009137659,0.7666573462,1.080293227,1.167652913,1.064889858,1.154575111,0.998971234,1.017156935,0.9309585878,1.067321304,1.019620465,0.1884912493,0.09272645569,1.020040897,0.1433457877,0.0,0.6807446078,0.3652299085,0.0,11.61305256,0.0,0.0,3.260796266,0.0,2.16533074,0.5037037037,0.0,0.0,0.7892857143,0.01812169312,3.888764974,1.603088122,0.7002172223,31.8231755,4.983978521,0.0,6.066367068,21.4210879,4.794537184,19.93591408,0.0,21.95893118,25.71915903,4.794537184,6.9237372,0.0,56.53552755,0.0,2.003334106,0.0,1.570395305,71.53,0.5764172336,0.4175878685,0.03962962963,6.809623619,28.07042095,-4.266136945,-1.042451766,-0.1742769619,-0.03938169315,0.3845302451,2877.676418,1.74,0.00547,-5.94,2.597850078,4.101665835,1.26119403,-13.83767361,11.16728167,72.82102943,-0.3860697834,0.1572707599,-0.05661729883,0.8128885896,1.188467447,1.385646218,1.169289244,1.137579186,1.012467805,1.149255504,0.3863274904,0.991510793,6.002808208,0.1466088019,1.229032715,0.7194749337,0.423750376,6.542281956,0.0,0.1731802327,0.0,9.67224571,0.0,0.62,0.2419431816,0.889479317,4.398802147,44.2804485,9.665781456,0.0,0.0,11.1645023,5.917906046,12.13273414,10.08266033,14.61084548,0.0,10.00980201,2.833333333,1.278611111,0.3797004913,0.096875,0.0826873385,0.03118563686,0.03896814881,105.2326043,0.5408248503,-2.326330623,0.3945932708,0.0256806776,-0.4857751605,4.05,4.26,-4.83,0.005,8.28e-05
4.824530955,3.7,2.368285101,2.052408618,143.8726478,149.5000864,154.5685514,152.9375133,154.1866516,49.35047444,30.98836853,9.917355372,-7.950413223,51.8213122,-0.1776278867,-0.08011290272,0.09433505833,0.9990935483,1.295347656,0.4239261481,0.4843804974,1.249672509,0.980423144,1.258661257,1.095207972,0.7689507446,0.5951690821,1.024613117,1.237101449,0.8161906091,1.361337442,0.8285287195,1.307866288,0.7366999171,0.7415862613,0.9572247846,1.321295438,0.9111080556,1.055363266,1.115515568,0.8787143251,1.08998115,1.108303255,0.9649527905,0.9901672174,0.2364748214,0.1161568039,0.8208949336,0.1110709264,0.0,0.6855703213,0.0,0.0,0.0,0.0,0.0,3.277053125,0.0,2.156663832,0.5126984127,0.0,0.0,0.7787878788,0.0227994228,3.752600468,1.291793651,0.6746867426,29.96628288,4.983978521,0.0,6.066367068,21.4210879,0.0,19.93591408,0.0,21.95893118,19.93591408,0.0,13.8474744,0.0,38.99396439,4.699919916,3.973463276,0.0,1.499561742,54.46,0.5258956916,0.2395833333,0.04252873563,22.4351938,22.38909565,-4.565095883,-0.4387439456,-0.2175322567,0.1221352753,0.1041704129,1363.706046,1.45,0.00697,-5.73,2.597850078,4.101665835,1.26119403,-13.83767361,11.16728167,72.82102943,-0.3860697834,0.1572707599,-0.05661729883,0.8128885896,1.188467447,1.385646218,1.169289244,1.137579186,1.012467805,1.149255504,0.3863274904,0.991510793,6.002808208,0.1466088019,1.229032715,0.7194749337,0.423750376,6.542281956,0.0,0.1731802327,0.0,9.67224571,0.0,0.62,0.2419431816,0.889479317,4.398802147,44.2804485,9.665781456,0.0,0.0,11.1645023,5.917906046,12.13273414,10.08266033,14.61084548,0.0,10.00980201,2.833333333,1.278611111,0.3797004913,0.096875,0.0826873385,0.03118563686,0.03896814881,105.2326043,0.5408248503,-2.326330623,0.3945932708,0.0256806776,-0.4857751605,4.05,4.26,-4.83,0.005,8.28e-05
4.848604167,3.390909091,2.801690821,2.878185525,145.817401,151.454821,156.37978,158.4971748,159.5717647,56.6336,-31.4544,9.9336,-8.894,48.00479604,0.03947820925,-0.09407240204,-0.02998873392,1.193766716,0.8665076443,0.9730941466,0.4979332692,1.103095554,1.044833316,0.9733196061,1.108686691,1.028422971,0.6667444211,1.146201083,1.137795025,0.639184295,0.763072638,1.028728037,0.603465499,0.8296626622,0.8657354966,1.006796422,0.9415522302,0.9762147202,1.169962633,1.106385139,1.006789333,1.146620997,1.171247205,0.9506436683,1.054031506,0.1689938919,0.08598838109,0.7589589384,0.06263564417,0.0,0.6841461785,0.0,0.0,0.0,10.98149734,0.0,0.0,0.0,1.982741402,0.4731182796,0.01612903226,0.02688172043,0.7828282828,0.0311502118,3.682055263,1.961800927,0.919483369,30.3948269,19.77449303,5.261891555,6.066367068,35.25921319,9.473725908,14.95193556,0.0,40.21348046,21.74487787,6.544756406,18.25485007,5.687386275,45.60046608,0.0,2.688647868,0.0,1.629104529,95.85,0.5723809524,0.5755385488,0.04273901809,151.4360865,30.81824387,-2.924066127,-1.877329191,-0.5710128707,0.4713133612,-0.4117141428,2576.189981,1.29,0.00417,-5.51,2.597850078,4.101665835,1.26119403,-13.83767361,11.16728167,72.82102943,-0.3860697834,0.1572707599,-0.05661729883,0.8128885896,1.188467447,1.385646218,1.169289244,1.137579186,1.012467805,1.149255504,0.3863274904,0.991510793,6.002808208,0.1466088019,1.229032715,0.7194749337,0.423750376,6.542281956,0.0,0.1731802327,0.0,9.67224571,0.0,0.62,0.2419431816,0.889479317,4.398802147,44.2804485,9.665781456,0.0,0.0,11.1645023,5.917906046,12.13273414,10.08266033,14.61084548,0.0,10.00980201,2.833333333,1.278611111,0.3797004913,0.096875,0.0826873385,0.03118563686,0.03896814881,105.2326043,0.5408248503,-2.326330623,0.3945932708,0.0256806776,-0.4857751605,4.05,4.26,-4.83,0.005,8.28e-05
4.848683342,3.324786325,2.633242999,2.739921337,148.3230437,153.6196862,158.2335831,159.0367467,161.5850396,65.47633136,-25.18786982,12.0,-3.5625,48.96478823,-0.0650879799,0.01834894948,0.0631322927,1.14261408,1.056694826,1.063615802,0.5037471091,1.114508656,1.029734892,0.9905473011,1.027032773,1.032676137,0.6428571429,1.139717425,1.128205128,0.7953667954,1.051190186,1.067098576,1.093573869,0.8585909922,0.900011591,1.043999223,0.9497406268,0.9047231493,1.238129516,1.191183018,0.9893753369,1.106422981,1.143922242,0.9426768748,1.047450283,0.1554784522,0.09093358166,0.7694695736,0.06365387513,0.0,0.6841461785,0.9374637514,0.0,0.0,0.0,0.0,0.0,0.0,2.054083455,0.4774193548,0.01612903226,0.02258064516,0.7606060606,0.02971652004,3.568001683,2.132438035,0.8456570856,28.45934377,10.30076712,5.425791397,36.9300771,23.62654039,0.0,25.38663948,4.992404733,11.38785599,26.29938345,6.544756406,13.08951281,5.687386275,51.58983439,0.0,6.3612173,0.0,1.612747941,83.3,0.614829932,0.5130385488,0.04176767677,32.88446216,30.16194004,-2.914043676,-1.855129128,-0.2290486959,0.4462532875,-0.2151664385,1978.727963,2.38,0.0115,-4.58,2.597850078,4.101665835,1.26119403,-13.83767361,11.16728167,72.82102943,-0.3860697834,0.1572707599,-0.05661729883,0.8128885896,1.188467447,1.385646218,1.169289244,1.137579186,1.012467805,1.149255504,0.3863274904,0.991510793,6.002808208,0.1466088019,1.229032715,0.7194749337,0.423750376,6.542281956,0.0,0.1731802327,0.0,9.67224571,0.0,0.62,0.2419431816,0.889479317,4.398802147,44.2804485,9.665781456,0.0,0.0,11.1645023,5.917906046,12.13273414,10.08266033,14.61084548,0.0,10.00980201,2.833333333,1.278611111,0.3797004913,0.096875,0.0826873385,0.03118563686,0.03896814881,105.2326043,0.5408248503,-2.326330623,0.3945932708,0.0256806776,-0.4857751605,4.05,4.26,-4.83,0.005,8.28e-05
5.006229029,3.172131148,2.529392765,2.49870801,144.1317178,150.6909405,151.30043,160.8580615,150.8226569,76.25333333,-43.30666667,16.64592593,-19.9362963,51.69127177,-0.05079685259,-0.04012927864,-0.09966269817,1.23783485,0.9140068045,1.005345059,0.4318467337,0.9100683598,0.9743463695,1.228364042,0.9962603716,1.028397803,0.7241924157,1.464937801,1.179602597,0.4547948313,0.5890807537,0.6806217052,0.8634210964,0.9165081855,0.7857167175,0.7065690325,1.172647092,1.333426757,1.09643337,0.9903265774,1.198465298,1.01203861,0.8068454077,1.219763578,1.045609261,0.1944231464,0.07395948859,1.676147384,0.489065941,0.1020620726,0.7041633411,0.0,0.0,0.0,0.0,0.0,0.0,0.0,2.022203326,0.484,0.0,0.016,0.764,0.0,3.446539763,2.045313334,1.11198,27.92704578,0.0,10.36057336,38.9703128,17.3266008,0.0,14.76446326,5.414990469,28.45350378,14.76446326,6.544756406,16.74610334,0.0,28.92903888,5.693927995,7.720865772,0.0,1.735377145,54.5,0.7552834467,0.5260416667,0.04186507937,3.080868168,13.94363753,-2.286157193,-0.7564583901,-0.163705367,0.2886096115,-0.06481507017,1588.803392,2.5,0.0088,-4.52,2.597850078,4.101665835,1.26119403,-13.83767361,11.16728167,72.82102943,-0.3860697834,0.1572707599,-0.05661729883,0.8128885896,1.188467447,1.385646218,1.169289244,1.137579186,1.012467805,1.149255504,0.3863274904,0.991510793,6.002808208,0.1466088019,1.229032715,0.7194749337,0.423750376,6.542281956,0.0,0.1731802327,0.0,9.67224571,0.0,0.62,0.2419431816,0.889479317,4.398802147,44.2804485,9.665781456,0.0,0.0,11.1645023,5.917906046,12.13273414,10.08266033,14.61084548,0.0,10.00980201,2.833333333,1.278611111,0.3797004913,0.096875,0.0826873385,0.03118563686,0.03896814881,105.2326043,0.5408248503,-2.326330623,0.3945932708,0.0256806776,-0.4857751605,4.05,4.26,-4.83,0.005,8.28e-05
4.84878054,3.467889908,2.822416552,2.890273451,148.0103313,152.3722909,154.4269117,157.515908,158.6717354,55.63018497,-2.323379897,10.85274894,-6.093425606,48.38728898,-0.0674455178,-0.08773079389,0.05935970433,0.8104667601,0.9755157886,0.6649973381,0.5078511369,1.089866148,1.032431477,1.01916061,1.087785984,0.9409478723,0.6826911885,1.109748378,1.123295234,0.5446149243,0.9689674695,1.020690408,1.078624449,0.7856332165,0.8393745447,1.239492011,1.351042941,0.9435333642,1.110554208,1.064475138,1.139410328,1.011680714,1.177260175,0.966006522,0.9986526776,0.1373791195,0.09326709456,0.9984880308,0.1269440053,0.0,0.6899617195,0.4731742973,5.397661056,11.46331847,0.0,0.0,1.531695746,0.0,1.990290858,0.4833333333,0.015625,0.01666666667,0.7752380952,0.04455357143,3.913553022,1.75887232,0.809494363,30.95894759,11.05045608,5.425791397,35.61190719,16.26500318,4.794537184,20.40266096,10.72607221,10.57107519,27.22258466,6.544756406,13.08951281,5.13155848,44.39282129,17.67532124,2.479594771,0.0,1.512636097,110.6,0.614829932,0.5755385488,0.04256038647,133.4514031,30.0460976,-5.389817459,-1.673764192,-0.2951343705,0.1437584533,0.1172464586,2650.995469,2.06,0.0221,-5.01,2.597850078,4.101665835,1.26119403,-13.83767361,11.16728167,72.82102943,-0.3860697834,0.1572707599,-0.05661729883,0.8128885896,1.188467447,1.385646218,1.169289244,1.137579186,1.012467805,1.149255504,0.3863274904,0.991510793,6.002808208,0.1466088019,1.229032715,0.7194749337,0.423750376,6.542281956,0.0,0.1731802327,0.0,9.67224571,0.0,0.62,0.2419431816,0.889479317,4.398802147,44.2804485,9.665781456,0.0,0.0,11.1645023,5.917906046,12.13273414,10.08266033,14.61084548,0.0,10.00980201,2.833333333,1.278611111,0.3797004913,0.096875,0.0826873385,0.03118563686,0.03896814881,105.2326043,0.5408248503,-2.326330623,0.3945932708,0.0256806776,-0.4857751605,4.05,4.26,-4.83,0.005,8.28e-05
4.8884035,3.685714286,2.659451998,2.451205173,144.3174032,148.2158062,155.5005704,160.1483726,150.6606291,25.58788518,-1.629665702,4.756026297,-9.604821037,48.70120046,-0.08592558512,-0.08702436199,0.0002973963039,0.8817985326,1.403654175,0.4955967438,0.5698652577,0.9912602227,1.127954012,1.165705981,1.023766761,0.9505280413,0.7089972527,1.103610675,1.254631083,0.869590542,1.003693386,1.164775022,0.9397280068,0.7501828975,0.929009831,0.650734107,0.9815847903,1.084202037,1.132512957,1.140049471,1.228018363,1.046167488,0.8716138248,1.040063116,0.9511288463,0.2216261846,0.1305005678,0.5982691087,0.05143799709,0.0,0.681465016,0.6545581381,0.0,0.0,0.0,0.0,0.0,0.0,2.004462449,0.4922619048,0.04166666667,0.007738095238,0.7754285714,0.01980952381,3.040836313,2.168617053,1.005926512,29.99218522,5.316788604,0.0,29.8000411,5.687386275,0.0,10.30076712,4.992404733,0.0,10.81959831,0.0,6.165775612,11.37477255,28.66745114,0.0,0.0,0.0,1.668598938,51.38,0.3844897959,0.2725694444,0.0375,29.63332311,21.92741253,-3.326694307,-1.232877387,-0.44083332,0.4441419449,-0.1631997952,1372.303956,3.58,0.00759,-4.26,2.597850078,4.101665835,1.26119403,-13.83767361,11.16728167,72.82102943,-0.3860697834,0.1572707599,-0.05661729883,0.8128885896,1.188467447,1.385646218,1.169289244,1.137579186,1.012467805,1.149255504,0.3863274904,0.991510793,6.002808208,0.1466088019,1.229032715,0.7194749337,0.423750376,6.542281956,0.0,0.1731802327,0.0,9.67224571,0.0,0.62,0.2419431816,0.889479317,4.398802147,44.2804485,9.665781456,0.0,0.0,11.1645023,5.917906046,12.13273414,10.08266033,14.61084548,0.0,10.00980201,2.833333333,1.278611111,0.3797004913,0.096875,0.0826873385,0.03118563686,0.03896814881,105.2326043,0.5408248503,-2.326330623,0.3945932708,0.0256806776,-0.4857751605,4.05,4.26,-4.83,0.005,8.28e-05
4.848957738,3.495145631,2.949449449,2.887270766,149.7946163,155.2232052,161.5337457,162.7564201,162.6691366,59.44444444,-1.888888889,9.715277778,-5.932291667,46.83435575,0.1186795255,-0.05564743422,0.001308756523,1.164451458,0.9567080656,1.001091511,0.4527049508,1.097750865,1.152983613,0.8807808757,1.03951183,0.9130160916,0.6637198622,1.119086918,1.111491088,0.6243708906,0.9392887769,1.211116299,0.5255980233,0.8399818365,0.9079924669,1.025956037,0.9245521587,0.9039894258,1.13746691,1.141041115,0.9765147666,1.08147425,1.075910287,0.8842050004,0.9793040106,0.1537670096,0.09049494295,0.7166344516,0.07940239484,0.0,0.6833808251,0.8747201751,0.0,0.0,0.0,0.0,0.0,0.0,1.958504393,0.4695238095,0.03333333333,0.03047619048,0.7973214286,0.0331547619,3.773554151,1.81140835,0.834147917,30.18565182,10.30076712,5.425791397,24.27512131,29.31392667,4.390415048,25.38663948,4.992404733,11.38785599,26.29938345,6.544756406,18.90673365,10.07780132,34.51459212,12.40490243,2.284696408,0.0,1.540249265,83.3,0.5331972789,0.5538548753,0.0408994709,40.62400469,29.33314297,-3.616464109,-1.643035383,-0.2715606337,0.2960426579,-0.1066938453,2265.696798,2.4,0.0278,-3.89,2.597850078,4.101665835,1.26119403,-13.83767361,11.16728167,72.82102943,-0.3860697834,0.1572707599,-0.05661729883,0.8128885896,1.188467447,1.385646218,1.169289244,1.137579186,1.012467805,1.149255504,0.3863274904,0.991510793,6.002808208,0.1466088019,1.229032715,0.7194749337,0.423750376,6.542281956,0.0,0.1731802327,0.0,9.67224571,0.0,0.62,0.2419431816,0.889479317,4.398802147,44.2804485,9.665781456,0.0,0.0,11.1645023,5.917906046,12.13273414,10.08266033,14.61084548,0.0,10.00980201,2.833333333,1.278611111,0.3797004913,0.096875,0.0826873385,0.03118563686,0.03896814881,105.2326043,0.5408248503,-2.326330623,0.3945932708,0.0256806776,-0.4857751605,4.05,4.26,-4.83,0.005,8.28e-05
4.817898533,3.141414141,2.587950417,2.725641917,145.3060659,150.536627,155.4378872,152.5198341,159.2498459,42.99112335,-25.07988981,7.6875,-1.375,49.89302047,0.1041346337,0.09534433828,-0.04970975294,1.32162892,1.109659352,1.047577748,0.5389835044,1.144177349,1.065819581,0.9031135833,0.9168741958,1.111016793,0.6373416208,1.055292726,0.9760526614,1.058251962,1.09059253,0.974167798,0.8107369257,0.8176181131,0.9498956353,0.9310344298,0.9851201698,1.048258938,1.078834063,1.13643675,0.9165013551,1.204108586,1.09810322,1.012336858,1.132074456,0.2549245197,0.09803129249,0.4918779764,0.0761440227,0.0,0.684314101,0.0,0.0,0.0,5.521680599,0.0,0.0,0.0,2.047539761,0.4869488536,0.01851851852,0.01305114638,0.7947278912,0.01832325523,3.452527925,2.006903694,0.7393028412,27.73185171,4.736862954,5.098681808,6.066367068,17.26785943,4.736862954,20.16532066,0.0,39.52165029,32.65220607,0.0,0.0,0.0,39.52165029,0.0,0.4914931722,0.0,1.633045039,63.69,0.399047619,0.2951743197,0.02398860399,58.45783306,21.94890216,-3.451564021,-1.278169321,-0.1985229533,0.2738299012,-0.3028221479,1545.703886,2.01,0.00767,-4.65,2.597850078,4.101665835,1.26119403,-13.83767361,11.16728167,72.82102943,-0.3860697834,0.1572707599,-0.05661729883,0.8128885896,1.188467447,1.385646218,1.169289244,1.137579186,1.012467805,1.149255504,0.3863274904,0.991510793,6.002808208,0.1466088019,1.229032715,0.7194749337,0.423750376,6.542281956,0.0,0.1731802327,0.0,9.67224571,0.0,0.62,0.2419431816,0.889479317,4.398802147,44.2804485,9.665781456,0.0,0.0,11.1645023,5.917906046,12.13273414,10.08266033,14.61084548,0.0,10.00980201,2.833333333,1.278611111,0.3797004913,0.096875,0.0826873385,0.03118563686,0.03896814881,105.2326043,0.5408248503,-2.326330623,0.3945932708,0.0256806776,-0.4857751605,4.05,4.26,-4.83,0.005,8.28e-05
4.848683342,3.427272727,2.864942529,2.993569959,145.817401,151.454821,156.37978,158.4776418,159.5420573,56.6336,-22.4928,9.9336,-7.0656,48.00479604,-0.1041976237,-0.05203226847,0.09083916499,1.194764311,0.8824120773,0.941498962,0.4979332692,1.086578615,1.034689303,1.002944024,1.06648165,0.9993731107,0.6667444211,1.1269372,1.145588142,0.6376763403,0.7756154388,1.004462757,0.9369932415,0.8296626622,0.8657354966,1.020508794,0.9589293484,0.9574142706,1.169962633,1.106385139,1.006789333,1.158187527,1.157114002,0.9809719636,0.960657298,0.1687985428,0.0858889825,0.7589589384,0.06263564417,0.0,0.6841461785,0.0,0.0,0.0,10.98059471,0.0,0.0,0.0,1.97940729,0.4731182796,0.01612903226,0.02688172043,0.7828282828,0.0311502118,3.682055263,1.961800927,0.959483369,31.26935238,19.77449303,5.261891555,12.13273414,35.25921319,9.473725908,14.95193556,0.0,40.21348046,21.74487787,6.544756406,18.25485007,5.687386275,45.60046608,0.0,2.658324812,0.0,1.629061707,95.85,0.614829932,0.5130385488,0.04176767677,152.9772102,28.84626541,-3.322802922,-1.754984888,-0.4622425229,0.5825388497,-0.4711483017,2452.50927,1.29,0.00417,-5.51,2.597850078,4.101665835,1.26119403,-13.83767361,11.16728167,72.82102943,-0.3860697834,0.1572707599,-0.05661729883,0.8128885896,1.188467447,1.385646218,1.169289244,1.137579186,1.012467805,1.149255504,0.3863274904,0.991510793,6.002808208,0.1466088019,1.229032715,0.7194749337,0.423750376,6.542281956,0.0,0.1731802327,0.0,9.67224571,0.0,0.62,0.2419431816,0.889479317,4.398802147,44.2804485,9.665781456,0.0,0.0,11.1645023,5.917906046,12.13273414,10.08266033,14.61084548,0.0,10.00980201,2.833333333,1.278611111,0.3797004913,0.096875,0.0826873385,0.03118563686,0.03896814881,105.2326043,0.5408248503,-2.326330623,0.3945932708,0.0256806776,-0.4857751605,4.05,4.26,-4.83,0.005,8.28e-05
4.90972599,3.204545455,2.924360981,2.519774011,144.6252425,147.4703935,153.5929674,152.4666005,158.5428397,20.89300412,-27.86145405,7.259259259,-5.049382716,51.26066079,0.05753451655,0.0778234517,-0.1865687411,0.8099416975,0.9793066176,1.156366118,0.6279884018,1.117177656,1.066953661,1.03942159,1.047897528,1.135178568,0.7100591716,1.0546875,1.121066434,0.9177053744,0.9101022896,1.074253422,1.12347592,0.7551895461,0.9548308776,1.14065945,1.165639571,1.000927053,1.007313194,1.136143654,0.9597849765,1.094180032,1.049792322,1.004972536,0.8666418206,0.1959327131,0.1140791687,0.7313610662,0.1665042816,0.0,0.6791339464,0.0,6.003839601,0.0,0.0,1.596391723,0.0,0.0,2.099423658,0.496969697,0.0,0.00303030303,0.7444444444,0.0404040404,3.358278308,1.811646693,0.9654135417,29.88755348,0.0,5.316788604,24.26546827,22.50240757,0.0,15.28474565,5.733667477,0.0,9.967957042,0.0,5.497807596,0.0,16.59685293,5.563451492,0.0,0.0,1.639544887,65.9,0.3780498866,0.1770833333,0.03416666667,124.359745,11.36528137,-4.31583401,-0.8783368353,0.01906417934,0.2406349677,-0.009328250805,1302.496189,1.52,0.154,-3.07,2.597850078,4.101665835,1.26119403,-13.83767361,11.16728167,72.82102943,-0.3860697834,0.1572707599,-0.05661729883,0.8128885896,1.188467447,1.385646218,1.169289244,1.137579186,1.012467805,1.149255504,0.3863274904,0.991510793,6.002808208,0.1466088019,1.229032715,0.7194749337,0.423750376,6.542281956,0.0,0.1731802327,0.0,9.67224571,0.0,0.62,0.2419431816,0.889479317,4.398802147,44.2804485,9.665781456,0.0,0.0,11.1645023,5.917906046,12.13273414,10.08266033,14.61084548,0.0,10.00980201,2.833333333,1.278611111,0.3797004913,0.096875,0.0826873385,0.03118563686,0.03896814881,105.2326043,0.5408248503,-2.326330623,0.3945932708,0.0256806776,-0.4857751605,4.05,4.26,-4.83,0.005,8.28e-05
4.858476049,3.762711864,3.022092268,2.872962963,145.965132,148.7197258,156.2312563,153.4077307,156.927851,24.59014386,5.312723192,6.887052342,-4.085399449,47.44714678,-0.1978008921,-0.074507349,0.132535663,0.8193750239,0.9897271524,0.754210114,0.5423185858,1.032053912,1.146320962,1.17883387,0.9949820346,0.9758640492,0.6090808416,0.9084005695,1.263584661,0.8915563402,0.9338551708,0.9701733084,1.374195297,0.7039576171,0.864309327,1.145186648,1.276874688,1.106021644,1.04927032,1.200461358,0.9692374843,1.092060965,0.9571189891,1.063535324,0.8469217936,0.2183749109,0.1052572446,0.6253075811,0.104861554,0.0,0.6791339464,0.0,5.906248583,0.0,0.0,0.0,1.414607663,0.0,1.954145881,0.4924242424,0.02272727273,0.007575757576,0.7611111111,0.04191919192,2.978308984,2.066085135,1.042617332,33.1876727,5.733667477,0.0,17.40315295,27.29840462,0.0,19.93591408,0.0,21.95893118,19.93591408,0.0,0.0,5.13155848,32.99233261,11.33678588,0.0,0.0,1.544872639,77.58,0.3257142857,0.2951743197,0.04279569892,98.84426499,21.21627301,-3.710514406,-0.8750101132,0.01203561213,0.1600318658,0.2848917983,1287.918955,0.8,0.0601,-4.08,2.597850078,4.101665835,1.26119403,-13.83767361,11.16728167,72.82102943,-0.3860697834,0.1572707599,-0.05661729883,0.8128885896,1.188467447,1.385646218,1.169289244,1.137579186,1.012467805,1.149255504,0.3863274904,0.991510793,6.002808208,0.1466088019,1.229032715,0.7194749337,0.423750376,6.542281956,0.0,0.1731802327,0.0,9.67224571,0.0,0.62,0.2419431816,0.889479317,4.398802147,44.2804485,9.665781456,0.0,0.0,11.1645023,5.917906046,12.13273414,10.08266033,14.61084548,0.0,10.00980201,2.833333333,1.278611111,0.3797004913,0.096875,0.0826873385,0.03118563686,0.03896814881,105.2326043,0.5408248503,-2.326330623,0.3945932708,0.0256806776,-0.4857751605,4.05,4.26,-4.83,0.005,8.28e-05
4.848604167,3.390909091,2.957093254,2.795616718,145.817401,151.6956697,154.9312634,159.4511839,159.8611656,56.6336,-32.0544,9.9336,-8.3792,48.00479604,-0.04874419023,-0.08189938511,0.002947625096,1.052138131,0.9569433776,0.9595148514,0.4979332692,1.066522332,1.036704142,1.035630388,1.128239643,1.01336723,0.6667444211,1.146201083,1.153381258,0.6188269067,0.7522544724,1.034024883,0.6974253849,0.8296626622,0.8543536252,0.9536000239,0.9276053034,0.9602099302,1.169962633,0.9637660562,1.163531034,1.152525708,1.131815708,0.8948269672,0.983333486,0.1684908076,0.08573239903,0.7703214932,0.06263564417,0.0,0.6841461785,0.0,0.0,0.0,10.97587234,0.0,0.0,0.0,1.977958239,0.4731182796,0.01612903226,0.02688172043,0.7828282828,0.0311502118,3.722055263,1.921800927,0.919483369,30.3948269,19.77449303,5.261891555,18.19910121,23.02052879,9.473725908,14.95193556,0.0,40.21348046,21.74487787,6.544756406,18.25485007,5.948339281,39.6521268,0.0,2.757644992,0.0,1.62882504,95.85,0.5723809524,0.5755385488,0.04273901809,153.256611,31.32674132,-2.745339574,-1.684852272,-0.411534874,0.4527151931,-0.2987425721,3436.069107,1.7,0.00274,-5.81,2.597850078,4.101665835,1.26119403,-13.83767361,11.16728167,72.82102943,-0.3860697834,0.1572707599,-0.05661729883,0.8128885896,1.188467447,1.385646218,1.169289244,1.137579186,1.012467805,1.149255504,0.3863274904,0.991510793,6.002808208,0.1466088019,1.229032715,0.7194749337,0.423750376,6.542281956,0.0,0.1731802327,0.0,9.67224571,0.0,0.62,0.2419431816,0.889479317,4.398802147,44.2804485,9.665781456,0.0,0.0,11.1645023,5.917906046,12.13273414,10.08266033,14.61084548,0.0,10.00980201,2.833333333,1.278611111,0.3797004913,0.096875,0.0826873385,0.03118563686,0.03896814881,105.2326043,0.5408248503,-2.326330623,0.3945932708,0.0256806776,-0.4857751605,4.05,4.26,-4.83,0.005,8.28e-05
4.84886367,3.553398058,3.353853854,3.257281553,150.6227588,156.2364618,163.3449994,163.4525293,164.4285678,58.5,-7.75,7.703125,-5.22265625,45.31563466,-0.1237997762,0.1377172351,-0.05519198601,1.051252339,1.157188033,1.016191495,0.4239468864,1.116874711,0.8878481581,1.020054945,0.8740669241,0.9245723532,0.7400360833,1.103524395,1.120831349,0.562934599,1.076103525,0.504034136,0.8679392472,0.8323516745,0.8946434032,1.018994129,0.9199051196,0.8922500697,1.066141587,1.095035408,0.9983393525,0.8528479536,0.9836531333,0.6555403972,0.987788197,0.1523272844,0.08912626148,0.7992326864,0.06365387513,0.0,0.6894086529,0.8292649282,0.0,0.0,0.0,0.0,0.0,0.0,1.926934145,0.46359447,0.04838709677,0.03640552995,0.8281385281,0.03407345343,3.843633148,1.741329353,0.7240601563,30.43903568,10.30076712,5.425791397,12.14238718,23.62654039,8.780830095,25.38663948,4.992404733,11.38785599,26.29938345,6.544756406,24.72395449,14.46821637,34.8870312,18.4712695,2.161954189,0.0,1.493656184,83.3,0.696462585,0.5130385488,0.04419753086,30.05378148,29.32968931,-3.09886858,-1.755738297,0.1233723003,0.3863099827,-0.05888017382,2306.778916,2.78,0.0201,-3.99,2.597850078,4.101665835,1.26119403,-13.83767361,11.16728167,72.82102943,-0.3860697834,0.1572707599,-0.05661729883,0.8128885896,1.188467447,1.385646218,1.169289244,1.137579186,1.012467805,1.149255504,0.3863274904,0.991510793,6.002808208,0.1466088019,1.229032715,0.7194749337,0.423750376,6.542281956,0.0,0.1731802327,0.0,9.67224571,0.0,0.62,0.2419431816,0.889479317,4.398802147,44.2804485,9.665781456,0.0,0.0,11.1645023,5.917906046,12.13273414,10.08266033,14.61084548,0.0,10.00980201,2.833333333,1.278611111,0.3797004913,0.096875,0.0826873385,0.03118563686,0.03896814881,105.2326043,0.5408248503,-2.326330623,0.3945932708,0.0256806776,-0.4857751605,4.05,4.26,-4.83,0.005,8.28e-05
4.876664293,3.446428571,2.713833492,2.589976983,145.560325,150.7520497,156.5390026,155.8494569,157.8136342,56.75805391,0.8027613412,9.136094675,-6.461538462,50.40263578,-0.03525356625,0.09928470844,-0.0421398553,1.307613246,1.182502241,1.179218062,0.5338529013,1.102882377,1.046089306,1.07260214,1.033053036,0.9775824878,0.7010103383,1.131203008,1.113827538,0.8845624423,1.21797018,0.9211550059,1.058993957,0.8105966151,0.8869107625,1.108727882,0.9473605507,0.9889785624,1.106744432,1.255474299,0.9948518972,1.041741393,1.142098622,0.9807791387,1.024371889,0.1626234389,0.0779721243,0.915641771,0.07129411522,0.0,0.6848636974,0.6790551438,0.0,0.0,0.0,0.0,0.0,0.0,2.03988502,0.4916666667,0.015625,0.008333333333,0.7686868687,0.01464646465,3.475031166,2.225408552,1.169396833,36.57587505,5.316788604,5.098681808,42.54970879,23.27208584,0.0,24.73242031,0.0,22.51475897,29.72092241,6.544756406,6.9237372,5.687386275,44.92947468,0.0,2.431664893,0.0,1.63637924,68.52,0.7413151927,0.474029195,0.0381678487,21.57365644,28.00048187,-3.436424346,-1.251029408,-0.348939037,0.5026020939,-0.3174309568,3201.186331,2.13,0.00305,-5.59,2.597850078,4.101665835,1.26119403,-13.83767361,11.16728167,72.82102943,-0.3860697834,0.1572707599,-0.05661729883,0.8128885896,1.188467447,1.385646218,1.169289244,1.137579186,1.012467805,1.149255504,0.3863274904,0.991510793,6.002808208,0.1466088019,1.229032715,0.7194749337,0.423750376,6.542281956,0.0,0.1731802327,0.0,9.67224571,0.0,0.62,0.2419431816,0.889479317,4.398802147,44.2804485,9.665781456,0.0,0.0,11.1645023,5.917906046,12.13273414,10.08266033,14.61084548,0.0,10.00980201,2.833333333,1.278611111,0.3797004913,0.096875,0.0826873385,0.03118563686,0.03896814881,105.2326043,0.5408248503,-2.326330623,0.3945932708,0.0256806776,-0.4857751605,4.05,4.26,-4.83,0.005,8.28e-05
4.832276594,3.161764706,2.650879297,2.412470024,144.7680142,150.4389202,156.0683138,155.6795945,154.9829748,71.95005945,15.45422117,12.16646849,-7.663495838,50.43102803,-0.1277507076,-0.1488620233,0.008210506092,1.279293738,1.336051257,0.6386113515,0.5290962746,1.156406583,0.9981005603,1.208969805,1.085982714,0.887397536,0.6694428793,1.218094978,1.074789687,0.8642353936,1.195015165,0.9160080046,1.176446598,0.8862713143,0.9136421318,0.9023790653,1.009444288,1.07735736,1.239575284,1.250106768,1.000537192,1.018772124,0.9423487783,1.00656217,0.9683847604,0.1808437435,0.06412910753,0.8192972001,0.1170048358,0.0,0.6861721141,0.0,0.0,0.0,11.4329758,0.0,0.0,0.0,2.069405377,0.4784313725,0.02941176471,0.02156862745,0.7780952381,0.01406162465,3.327445119,2.530535876,1.298003664,35.31202653,19.69042424,0.0,18.19910121,5.693927995,9.473725908,9.967957042,0.0,22.88687966,9.967957042,4.736862954,13.8474744,17.06215882,39.7073943,0.0,4.021741318,0.0,1.711287884,59.51,0.7665306122,0.4305555556,0.02920634921,134.2115193,31.06062996,-4.526956905,-2.150020148,-0.5937147029,0.547376715,-0.2506254467,1933.406554,2.52,0.000357,-6.32,2.597850078,4.101665835,1.26119403,-13.83767361,11.16728167,72.82102943,-0.3860697834,0.1572707599,-0.05661729883,0.8128885896,1.188467447,1.385646218,1.169289244,1.137579186,1.012467805,1.149255504,0.3863274904,0.991510793,6.002808208,0.1466088019,1.229032715,0.7194749337,0.423750376,6.542281956,0.0,0.1731802327,0.0,9.67224571,0.0,0.62,0.2419431816,0.889479317,4.398802147,44.2804485,9.665781456,0.0,0.0,11.1645023,5.917906046,12.13273414,10.08266033,14.61084548,0.0,10.00980201,2.833333333,1.278611111,0.3797004913,0.096875,0.0826873385,0.03118563686,0.03896814881,105.2326043,0.5408248503,-2.326330623,0.3945932708,0.0256806776,-0.4857751605,4.05,4.26,-4.83,0.005,8.28e-05
4.84862861,3.292682927,2.714285714,2.789990421,150.1287662,155.577371,160.8336168,160.1316994,162.70947,75.49586777,-30.43801653,11.33190083,-7.836033058,47.59726111,-0.06916580264,0.03184452403,-0.01353165484,0.9914120486,1.168480885,0.8860151522,0.4701755915,1.19744908,0.9728418609,0.9851563148,1.02001469,0.9872794965,0.7054229688,1.158493597,1.076028109,0.5717072487,1.302360769,0.6744874859,0.8858995568,0.871503092,0.9051268693,1.105722788,0.9531900847,0.8993950898,1.310822657,1.247799371,0.9763069501,1.060873201,1.137021822,0.919064009,1.021017094,0.134539768,0.07868413042,0.8586399347,0.06365387513,0.0,0.6904812668,0.8135728293,0.0,11.20180083,0.0,0.0,0.0,0.0,1.98359253,0.4707070707,0.0303030303,0.02929292929,0.7768518519,0.04335016835,3.765946344,2.01541337,0.9461654549,30.46303494,15.61755573,5.425791397,12.14238718,23.62654039,4.794537184,25.38663948,4.992404733,11.38785599,32.20656318,11.33929359,13.08951281,11.37477255,51.71376917,13.26227256,3.944364098,0.0,1.520040716,112.4,0.6931972789,0.6067885488,0.04250591017,33.07316149,31.70917809,-3.795521347,-1.560207532,-0.2816104061,0.3924517219,-0.1512194368,2114.754709,1.49,0.0997,-3.54,2.597850078,4.101665835,1.26119403,-13.83767361,11.16728167,72.82102943,-0.3860697834,0.1572707599,-0.05661729883,0.8128885896,1.188467447,1.385646218,1.169289244,1.137579186,1.012467805,1.149255504,0.3863274904,0.991510793,6.002808208,0.1466088019,1.229032715,0.7194749337,0.423750376,6.542281956,0.0,0.1731802327,0.0,9.67224571,0.0,0.62,0.2419431816,0.889479317,4.398802147,44.2804485,9.665781456,0.0,0.0,11.1645023,5.917906046,12.13273414,10.08266033,14.61084548,0.0,10.00980201,2.833333333,1.278611111,0.3797004913,0.096875,0.0826873385,0.03118563686,0.03896814881,105.2326043,0.5408248503,-2.326330623,0.3945932708,0.0256806776,-0.4857751605,4.05,4.26,-4.83,0.005,8.28e-05
4.886982113,3.123809524,3.002777778,3.195876289,144.8696093,149.3817323,153.342874,160.951404,158.2377984,56.1837037,-45.88987654,12.68,-9.022222222,49.74457372,-0.1200301474,0.0001753766073,-0.1383046605,0.7902216974,1.211084638,1.089477894,0.474816451,1.001907234,1.044922847,1.149825784,1.033611249,1.159562895,0.6524884259,1.214387464,1.091269841,0.5806023064,0.9388500824,0.9644851598,1.196611396,0.8235378385,0.8444741236,0.9576344103,0.9973742888,1.12850209,0.9674286216,1.042684476,1.239221963,0.9231420304,0.9803891751,1.058263246,0.9259644187,0.2553800312,0.1476026446,0.8382142248,0.1263661433,0.0,0.7024404018,0.0,0.0,0.0,0.0,0.0,0.0,0.0,1.840467164,0.4747795414,0.05555555556,0.02522045855,0.7786535304,0.03545581707,3.653429631,1.838423466,0.9224394445,28.03580746,10.423316,0.0,17.69618563,22.2842392,9.496942443,9.967957042,0.0,17.00689132,15.07448444,0.0,19.66469524,15.7651876,22.50167553,6.066367068,3.844370475,0.0,1.69984788,58.04,0.6514285714,0.4149305556,0.04227642276,71.23895027,23.84488667,-3.57313188,-1.82399534,-0.3260188385,0.3162115104,-0.346321809,1504.043571,3.21,0.00114,-5.75,2.597850078,4.101665835,1.26119403,-13.83767361,11.16728167,72.82102943,-0.3860697834,0.1572707599,-0.05661729883,0.8128885896,1.188467447,1.385646218,1.169289244,1.137579186,1.012467805,1.149255504,0.3863274904,0.991510793,6.002808208,0.1466088019,1.229032715,0.7194749337,0.423750376,6.542281956,0.0,0.1731802327,0.0,9.67224571,0.0,0.62,0.2419431816,0.889479317,4.398802147,44.2804485,9.665781456,0.0,0.0,11.1645023,5.917906046,12.13273414,10.08266033,14.61084548,0.0,10.00980201,2.833333333,1.278611111,0.3797004913,0.096875,0.0826873385,0.03118563686,0.03896814881,105.2326043,0.5408248503,-2.326330623,0.3945932708,0.0256806776,-0.4857751605,4.05,4.26,-4.83,0.005,8.28e-05
4.874959471,3.341463415,2.80839895,3.054613936,148.1175792,151.9245659,158.2982398,158.696275,161.1531869,58.86419753,5.827160494,11.32441701,-3.121056241,47.983974,-0.1184005841,-0.05952935236,0.1569820465,0.955881863,0.9643030855,0.6810049159,0.4928064814,1.151037647,1.066814244,1.04828938,1.015392516,0.9283487331,0.688132401,1.158783241,1.122177974,0.5353549235,0.9824538378,1.013548257,0.9170307425,0.808654492,0.9098394126,1.045308634,0.9447017455,0.9154061091,1.186259354,1.227336624,0.9725137957,1.143224984,1.111315097,0.9664313761,0.9440686449,0.1360091594,0.08937926059,0.8291328182,0.08505527698,0.0,0.6904812668,-0.4665311897,5.391845875,11.46922204,0.0,0.0,0.0,0.0,1.986135868,0.4737373737,0.01515151515,0.02626262626,0.7531531532,0.05492765493,3.632603077,2.122284425,0.9624846009,32.00740331,16.0344346,0.0,18.19910121,34.65994183,4.794537184,24.9198926,5.733667477,22.64523548,30.82707233,6.544756406,6.9237372,5.687386275,50.88435568,0.0,2.382704181,0.0,1.598107469,122.47,0.6156462585,0.6198625283,0.0446875,32.24398834,28.93837283,-4.334610185,-1.809740532,-0.1644850658,0.3809179098,-0.3172304735,2131.473555,0.81,0.0228,-4.64,2.597850078,4.101665835,1.26119403,-13.83767361,11.16728167,72.82102943,-0.3860697834,0.1572707599,-0.05661729883,0.8128885896,1.188467447,1.385646218,1.169289244,1.137579186,1.012467805,1.149255504,0.3863274904,0.991510793,6.002808208,0.1466088019,1.229032715,0.7194749337,0.423750376,6.542281956,0.0,0.1731802327,0.0,9.67224571,0.0,0.62,0.2419431816,0.889479317,4.398802147,44.2804485,9.665781456,0.0,0.0,11.1645023,5.917906046,12.13273414,10.08266033,14.61084548,0.0,10.00980201,2.833333333,1.278611111,0.3797004913,0.096875,0.0826873385,0.03118563686,0.03896814881,105.2326043,0.5408248503,-2.326330623,0.3945932708,0.0256806776,-0.4857751605,4.05,4.26,-4.83,0.005,8.28e-05
4.877336081,3.371900826,2.744929453,2.780939476,146.1247147,151.1860971,158.7179693,158.6785616,159.4257582,64.76680384,-53.96707819,11.32441701,-8.49382716,48.76662659,0.04574526033,-0.08135202692,-0.02560021309,1.15952663,0.9908573102,0.9957910982,0.4684334539,1.08262818,1.136644661,1.001028816,1.110977255,1.090981533,0.6424311093,1.120631709,1.158449171,0.5735563184,0.7354402211,1.106012103,0.6014069537,0.8329574266,0.9297753277,1.046671151,0.979257006,0.9256106712,1.193380188,1.21712373,0.9367748703,1.095910684,1.129738505,0.9470969825,0.9988111824,0.1593193784,0.0708162659,0.7323949012,0.06541342195,0.0,0.6855377302,0.0,0.0,0.0,0.0,0.0,0.0,0.0,2.026312773,0.4787878788,0.01515151515,0.02121212121,0.7571428571,0.02770562771,3.631828189,2.123059313,0.9254475639,30.95983989,10.30076712,5.261891555,19.05647134,46.29261463,0.0,24.9198926,0.0,28.71445679,24.9198926,12.96557803,11.33111287,5.687386275,57.3051773,0.0,2.591937797,0.0,1.654040529,103.17,0.5731972789,0.6606788549,0.04393617021,26.0493072,31.66904098,-2.969454678,-1.710474999,-0.3975811033,0.4440482265,-0.2810697766,3358.107916,1.13,0.0038,-5.56,2.597850078,4.101665835,1.26119403,-13.83767361,11.16728167,72.82102943,-0.3860697834,0.1572707599,-0.05661729883,0.8128885896,1.188467447,1.385646218,1.169289244,1.137579186,1.012467805,1.149255504,0.3863274904,0.991510793,6.002808208,0.1466088019,1.229032715,0.7194749337,0.423750376,6.542281956,0.0,0.1731802327,0.0,9.67224571,0.0,0.62,0.2419431816,0.889479317,4.398802147,44.2804485,9.665781456,0.0,0.0,11.1645023,5.917906046,12.13273414,10.08266033,14.61084548,0.0,10.00980201,2.833333333,1.278611111,0.3797004913,0.096875,0.0826873385,0.03118563686,0.03896814881,105.2326043,0.5408248503,-2.326330623,0.3945932708,0.0256806776,-0.4857751605,4.05,4.26,-4.83,0.005,8.28e-05
4.865265677,3.53271028,3.143637227,3.385135135,151.5397617,157.5474193,163.9182458,164.7179547,165.1169809,53.6384,-30.0544,8.5936,-11.4772,46.38335578,0.06624173245,-0.02694792288,-0.06311020323,1.175789659,1.004889248,0.9752887061,0.4694502873,1.080961164,1.054019491,0.8885699107,1.047397192,1.006720808,0.7566673934,1.139452075,1.10068275,0.5823498062,0.9626907703,0.914501734,0.6829368466,0.8474360554,0.9144217359,1.040100864,0.9266635793,0.9385948302,1.083167515,1.097325073,0.9860373438,1.017239667,1.073344015,0.9223260991,1.007875642,0.1391792811,0.07010002312,0.8053607425,0.08374028396,0.0,0.6894086529,0.806811067,0.0,0.0,0.0,0.0,0.0,0.0,1.752997727,0.46359447,0.04838709677,0.03640552995,0.812605042,0.04960693955,3.981147632,1.662708558,0.6081274391,29.32088182,10.30076712,0.0,18.20875424,29.31392667,8.780830095,25.38663948,4.992404733,11.38785599,32.46515906,6.544756406,18.55817888,14.46821637,5.57310453,18.19910121,1.992124129,0.0,1.493241297,81.23,0.7112018141,0.6163548753,0.04241975309,36.58182932,30.56534244,-3.910720297,-1.724644867,-0.1041850566,0.3323877145,-0.1540221275,2853.022347,2.78,0.0196,-4.25,2.597850078,4.101665835,1.26119403,-13.83767361,11.16728167,72.82102943,-0.3860697834,0.1572707599,-0.05661729883,0.8128885896,1.188467447,1.385646218,1.169289244,1.137579186,1.012467805,1.149255504,0.3863274904,0.991510793,6.002808208,0.1466088019,1.229032715,0.7194749337,0.423750376,6.542281956,0.0,0.1731802327,0.0,9.67224571,0.0,0.62,0.2419431816,0.889479317,4.398802147,44.2804485,9.665781456,0.0,0.0,11.1645023,5.917906046,12.13273414,10.08266033,14.61084548,0.0,10.00980201,2.833333333,1.278611111,0.3797004913,0.096875,0.0826873385,0.03118563686,0.03896814881,105.2326043,0.5408248503,-2.326330623,0.3945932708,0.0256806776,-0.4857751605,4.05,4.26,-4.83,0.005,8.28e-05
4.848604167,3.369369369,2.820304818,2.793756146,145.6756489,152.3692317,156.7243031,158.5660927,159.4311695,59.6336,-1.5408,9.9336,-10.1108,48.00479604,-0.01323283817,-0.06183612388,0.001028379954,1.263143658,0.9479241672,0.89754036,0.4928543905,1.104689293,1.034176102,1.086820551,1.022812614,0.9796886227,0.6667444211,1.146201083,1.127544619,0.6367795801,0.7493841166,0.9985451631,0.6671579862,0.8579165357,0.8542836326,0.9749229542,0.8720432635,1.135496843,1.253901445,1.126765514,1.036446104,1.105811125,1.119860331,1.096381135,0.9783350062,0.1732788131,0.08816961431,0.7585393788,0.06274916425,0.0,0.6841461785,0.0,0.0,0.0,10.9890741,0.0,0.0,0.0,1.993581034,0.4731182796,0.01612903226,0.02688172043,0.7979166667,0.01606182796,3.665365926,1.978490264,0.959483369,31.26935238,14.79051451,5.261891555,6.066367068,29.55874348,9.473725908,14.53505669,0.0,34.77396375,21.327999,6.544756406,18.25485007,5.687386275,40.03047287,0.0,2.72396651,0.0,1.622721684,84.99,0.5723809524,0.5755385488,0.04273901809,148.1751399,28.28848451,-3.062389242,-1.966806931,-0.6798670227,0.7196377646,-0.3665019633,1801.206755,1.56,0.00449,-5.23,2.597850078,4.101665835,1.26119403,-13.83767361,11.16728167,72.82102943,-0.3860697834,0.1572707599,-0.05661729883,0.8128885896,1.188467447,1.385646218,1.169289244,1.137579186,1.012467805,1.149255504,0.3863274904,0.991510793,6.002808208,0.1466088019,1.229032715,0.7194749337,0.423750376,6.542281956,0.0,0.1731802327,0.0,9.67224571,0.0,0.62,0.2419431816,0.889479317,4.398802147,44.2804485,9.665781456,0.0,0.0,11.1645023,5.917906046,12.13273414,10.08266033,14.61084548,0.0,10.00980201,2.833333333,1.278611111,0.3797004913,0.096875,0.0826873385,0.03118563686,0.03896814881,105.2326043,0.5408248503,-2.326330623,0.3945932708,0.0256806776,-0.4857751605,4.05,4.26,-4.83,0.005,8.28e-05
5.000147947,3.865979381,2.356688122,2.087254445,144.0134583,150.126197,156.8461685,153.5723163,156.7137158,67.91639792,-38.35570779,12.73336939,-20.64196863,51.04803271,-0.1398244797,-0.1165371515,-0.1514373106,1.314057055,1.162451852,0.7989429637,0.4318447912,1.122979597,1.142759713,1.240392507,1.226162045,1.006643446,0.5602350279,0.9656629185,1.277430991,0.802777227,1.07024599,1.104286557,1.264429857,0.8150876153,0.8248936248,0.9894774431,0.9625365914,1.045596152,1.098254068,1.20195393,0.9005178782,1.026477864,1.254770926,1.006670644,0.9886050964,0.1910926599,0.08464523789,0.8170731478,0.2038753515,0.0,0.679730678,0.0,0.0,0.0,0.0,0.0,0.0,0.0,2.125990226,0.4928571429,0.01923076923,0.007142857143,0.7879120879,0.0,3.544039244,1.882225511,0.7536365571,27.68479521,0.0,5.098681808,29.8000411,21.92719002,0.0,19.74844179,0.0,22.51475897,19.74844179,12.96557803,6.9237372,0.0,47.37110857,16.82083098,2.883960967,0.0,1.710001269,43.6,0.6131972789,0.4288548753,0.04044973545,9.627587987,20.78246748,-2.909144122,-1.147689069,-0.4462850492,0.3119019792,-0.02368572528,2177.837598,3.15,0.00255,-4.76,2.597850078,4.101665835,1.26119403,-13.83767361,11.16728167,72.82102943,-0.3860697834,0.1572707599,-0.05661729883,0.8128885896,1.188467447,1.385646218,1.169289244,1.137579186,1.012467805,1.149255504,0.3863274904,0.991510793,6.002808208,0.1466088019,1.229032715,0.7194749337,0.423750376,6.542281956,0.0,0.1731802327,0.0,9.67224571,0.0,0.62,0.2419431816,0.889479317,4.398802147,44.2804485,9.665781456,0.0,0.0,11.1645023,5.917906046,12.13273414,10.08266033,14.61084548,0.0,10.00980201,2.833333333,1.278611111,0.3797004913,0.096875,0.0826873385,0.03118563686,0.03896814881,105.2326043,0.5408248503,-2.326330623,0.3945932708,0.0256806776,-0.4857751605,4.05,4.26,-4.83,0.005,8.28e-05
4.831551496,3.412371134,2.789948692,2.688571257,146.5993687,154.1669417,159.7211343,160.2334063,157.6714408,75.11964444,26.19964444,11.87,-5.64,51.66154758,-0.1033774514,-0.1345191316,0.08512529267,0.8909175888,1.07023076,0.8003754203,0.4779477044,1.034606877,1.101335129,1.173792156,1.065235378,0.8960468008,0.6650115856,0.9456140351,1.107795261,0.5603797909,0.915101555,1.376825005,1.392880882,0.8749425937,0.8701675144,0.827745925,1.15118977,0.8922866148,1.228012266,1.106504655,0.8681295929,1.058849269,1.006497601,1.038845107,1.050911894,0.1756174026,0.1589936585,0.8298151429,0.1110709264,0.0,0.6971368173,-0.4359976129,0.0,11.85223036,5.145563254,0.0,3.1530174,0.0,2.097914513,0.4942528736,0.0,0.005747126437,0.8053763441,0.03485354097,3.995408502,1.648447688,0.5652932501,29.79848615,15.03763008,0.0,19.41092589,34.57272627,9.531400138,25.25270269,0.0,21.95893118,32.63603612,11.28161936,6.9237372,4.794537184,50.71112305,0.0,4.691401677,0.0,1.431447135,92.79,0.6370068027,0.4930909864,0.03995833333,36.04326419,28.99992128,-5.985861375,-0.7117091594,-0.09575072774,0.2428381953,0.2028940593,2421.485615,1.34,0.00457,-6.95,2.597850078,4.101665835,1.26119403,-13.83767361,11.16728167,72.82102943,-0.3860697834,0.1572707599,-0.05661729883,0.8128885896,1.188467447,1.385646218,1.169289244,1.137579186,1.012467805,1.149255504,0.3863274904,0.991510793,6.002808208,0.1466088019,1.229032715,0.7194749337,0.423750376,6.542281956,0.0,0.1731802327,0.0,9.67224571,0.0,0.62,0.2419431816,0.889479317,4.398802147,44.2804485,9.665781456,0.0,0.0,11.1645023,5.917906046,12.13273414,10.08266033,14.61084548,0.0,10.00980201,2.833333333,1.278611111,0.3797004913,0.096875,0.0826873385,0.03118563686,0.03896814881,105.2326043,0.5408248503,-2.326330623,0.3945932708,0.0256806776,-0.4857751605,4.05,4.26,-4.83,0.005,8.28e-05
4.84872166,3.341463415,2.748106061,2.791894353,150.1287662,155.577371,160.8336168,160.1387595,162.5521344,75.49586777,-2.421487603,11.33190083,-3.483636364,47.59726111,0.02791545152,-0.06188380767,-0.06019558339,0.9983987644,1.185920903,1.1312054,0.4701755915,1.182222662,0.9728418609,0.9583467224,1.052699229,0.9470689873,0.7054229688,1.141330729,1.109865471,0.5704406583,1.312861561,0.6390663656,0.7748292652,0.871503092,0.9051268693,1.094277983,0.9608184825,0.9262473304,1.310822657,1.247799371,0.9763069501,1.056870471,1.169295384,0.8864739701,1.061783366,0.1343410739,0.07858035979,0.8586399347,0.06365387513,0.0,0.6904812668,0.7953104794,0.0,11.33939598,0.0,0.0,0.0,0.0,1.980502618,0.4707070707,0.0303030303,0.02929292929,0.7768518519,0.04335016835,3.765946344,2.01541337,0.9098018185,29.638011,15.61755573,5.425791397,18.20875424,23.62654039,4.794537184,25.38663948,4.992404733,11.38785599,32.20656318,11.33929359,13.08951281,11.37477255,51.71376917,13.26227256,3.918105847,0.0,1.519969228,112.4,0.7356462585,0.5130385488,0.0399537037,33.44055909,31.04069865,-3.435346892,-1.670162037,-0.2684374989,0.3533697405,-0.2098917096,2410.562961,1.49,0.0997,-3.54,2.597850078,4.101665835,1.26119403,-13.83767361,11.16728167,72.82102943,-0.3860697834,0.1572707599,-0.05661729883,0.8128885896,1.188467447,1.385646218,1.169289244,1.137579186,1.012467805,1.149255504,0.3863274904,0.991510793,6.002808208,0.1466088019,1.229032715,0.7194749337,0.423750376,6.542281956,0.0,0.1731802327,0.0,9.67224571,0.0,0.62,0.2419431816,0.889479317,4.398802147,44.2804485,9.665781456,0.0,0.0,11.1645023,5.917906046,12.13273414,10.08266033,14.61084548,0.0,10.00980201,2.833333333,1.278611111,0.3797004913,0.096875,0.0826873385,0.03118563686,0.03896814881,105.2326043,0.5408248503,-2.326330623,0.3945932708,0.0256806776,-0.4857751605,4.05,4.26,-4.83,0.005,8.28e-05
4.850608614,3.7,4.12394412,5.584929757,145.2099007,150.9997198,159.6007726,160.6028503,160.1861851,35.08,-28.30567901,5.32,-6.591111111,47.18135908,-0.05662620013,-0.1550138167,0.1450244576,0.9658537332,0.8583093994,0.7148405057,0.4082961782,0.8446876528,1.115985009,1.218909838,1.20279857,1.410596581,0.6997198007,1.020738204,1.355650685,0.5995147277,0.7924413668,0.9613873454,1.075988583,0.7736881998,0.9814459381,1.054480569,1.092971536,1.281192165,0.891441957,1.17065636,0.9941708864,0.9669628592,0.9082043996,1.068597897,0.9389262985,0.2122845906,0.1526629909,0.7417047715,0.1539444827,0.0,0.6844934983,0.0,0.0,11.36712758,0.0,0.0,1.523836425,0.0,1.621602104,0.4826190476,0.025,0.01738095238,0.8673809524,0.0,3.799581231,1.107309365,0.6,27.16226232,0.0,9.614079702,11.33678588,0.0,9.184952232,14.59805822,0.0,11.25737949,20.88421875,0.0,5.817220841,4.390415048,29.69887896,23.46952001,0.0,0.0,1.460883267,47.26,0.3673015873,0.3359552154,0.04452674897,208.8221789,19.17433041,-3.185761506,-0.8106417495,0.09260569599,0.02337361608,0.06641800929,539.8377532,2.25,0.0436,-4.23,2.597850078,4.101665835,1.26119403,-13.83767361,11.16728167,72.82102943,-0.3860697834,0.1572707599,-0.05661729883,0.8128885896,1.188467447,1.385646218,1.169289244,1.137579186,1.012467805,1.149255504,0.3863274904,0.991510793,6.002808208,0.1466088019,1.229032715,0.7194749337,0.423750376,6.542281956,0.0,0.1731802327,0.0,9.67224571,0.0,0.62,0.2419431816,0.889479317,4.398802147,44.2804485,9.665781456,0.0,0.0,11.1645023,5.917906046,12.13273414,10.08266033,14.61084548,0.0,10.00980201,2.833333333,1.278611111,0.3797004913,0.096875,0.0826873385,0.03118563686,0.03896814881,105.2326043,0.5408248503,-2.326330623,0.3945932708,0.0256806776,-0.4857751605,4.05,4.26,-4.83,0.005,8.28e-05
4.998950662,3.634782609,2.343209877,2.098566308,144.1851809,150.8419307,157.1409259,157.1307331,156.3895983,84.22907122,-138.755935,15.6122449,-22.40816327,52.07746353,-0.0723920825,-0.1537992578,-0.1695336829,1.291044865,1.145307783,1.07729835,0.4237798681,1.048971596,1.191190135,1.223242147,1.309652846,1.242377808,0.5886792453,1.006451613,1.32173913,0.7820508886,0.977530557,1.294388551,1.169309747,0.9097212439,0.8877379939,1.07607442,1.069253308,1.01391603,1.131625525,1.189452481,0.9769784468,0.9299587479,1.228789108,0.9765857501,0.9516078848,0.1811246968,0.08022885623,0.9048170651,0.2052184453,0.0,0.6807446078,0.0,0.0,0.0,0.0,0.0,0.0,0.0,2.151216564,0.4851851852,0.0,0.01481481481,0.7592592593,0.0,3.34144599,2.273263854,1.066625765,29.28526947,0.0,5.098681808,38.11294267,11.21062871,0.0,19.74844179,0.0,22.51475897,19.74844179,12.96557803,0.0,0.0,41.98488435,22.20705519,5.33564435,0.0,1.785102788,43.6,0.5251247166,0.4453656463,0.03528395062,10.62986842,14.69025353,-4.575509382,-1.338907896,-0.1111993468,0.2818209518,0.04606378681,2086.58422,3.09,0.00274,-4.91,2.597850078,4.101665835,1.26119403,-13.83767361,11.16728167,72.82102943,-0.3860697834,0.1572707599,-0.05661729883,0.8128885896,1.188467447,1.385646218,1.169289244,1.137579186,1.012467805,1.149255504,0.3863274904,0.991510793,6.002808208,0.1466088019,1.229032715,0.7194749337,0.423750376,6.542281956,0.0,0.1731802327,0.0,9.67224571,0.0,0.62,0.2419431816,0.889479317,4.398802147,44.2804485,9.665781456,0.0,0.0,11.1645023,5.917906046,12.13273414,10.08266033,14.61084548,0.0,10.00980201,2.833333333,1.278611111,0.3797004913,0.096875,0.0826873385,0.03118563686,0.03896814881,105.2326043,0.5408248503,-2.326330623,0.3945932708,0.0256806776,-0.4857751605,4.05,4.26,-4.83,0.005,8.28e-05
4.877473763,3.355555556,3.605429293,3.680365297,151.5257649,157.2635962,163.5218903,164.3794591,161.3458172,49.0,36.77777778,9.346938776,3.859410431,43.49756155,-0.05537400896,-0.06680925073,-0.06967460441,0.9874788557,1.11485472,0.9810562833,0.4052873563,1.012147335,1.090129795,1.027356322,1.054320141,0.9005668399,0.6710431655,1.032374101,1.109802158,0.5953059769,0.9977456833,1.131097181,0.8326726416,0.8267878547,0.8556774354,0.9731562305,1.13426717,0.945896658,1.054130241,1.072343379,1.026409886,1.029778526,0.8093704142,0.8210777852,0.8904870432,0.1524828092,0.1475073878,0.6258641428,0.08765981412,0.0,0.7026070582,-0.4136118403,0.0,12.0483115,0.0,0.0,0.0,0.0,1.686829229,0.4573129252,0.05357142857,0.04268707483,0.8531746032,0.03951247166,3.766037363,1.62628006,0.8337988097,33.15383706,10.63357721,9.780484743,0.0,17.57815784,13.57536728,25.06523039,0.0,11.25737949,32.82722828,0.0,11.63444168,24.95013983,18.19910121,24.12316206,0.0,1.501980667,1.426901074,84.73,0.5968253968,0.3211805556,0.03952020202,14.02949913,16.17687259,-2.922220665,-1.904626993,-0.1552706544,0.3627522401,-0.09845408509,1859.334395,2.75,0.0316,-4.06,2.597850078,4.101665835,1.26119403,-13.83767361,11.16728167,72.82102943,-0.3860697834,0.1572707599,-0.05661729883,0.8128885896,1.188467447,1.385646218,1.169289244,1.137579186,1.012467805,1.149255504,0.3863274904,0.991510793,6.002808208,0.1466088019,1.229032715,0.7194749337,0.423750376,6.542281956,0.0,0.1731802327,0.0,9.67224571,0.0,0.62,0.2419431816,0.889479317,4.398802147,44.2804485,9.665781456,0.0,0.0,11.1645023,5.917906046,12.13273414,10.08266033,14.61084548,0.0,10.00980201,2.833333333,1.278611111,0.3797004913,0.096875,0.0826873385,0.03118563686,0.03896814881,105.2326043,0.5408248503,-2.326330623,0.3945932708,0.0256806776,-0.4857751605,4.05,4.26,-4.83,0.005,8.28e-05
4.853464981,4.1,5.453186535,4.534979424,147.4612651,157.7221058,159.9476082,159.1225334,162.9607215,40.2265075,-81.96755433,3.752066116,-11.12396694,43.86052541,-0.02532760127,-0.2289025083,-0.337053202,1.066337923,0.6916775797,0.8996855229,0.3964611406,0.7824128347,0.8466251836,1.087901579,1.329232471,1.56203012,0.9346405229,0.9322033898,1.175490196,0.3591895554,0.4570906609,0.8341697233,1.049784255,0.7117645346,0.7793836392,0.9520079746,1.339381988,0.9366503436,0.8505278771,0.7492637709,0.5185500431,0.9734528773,0.9434064182,1.424684863,1.45619129,0.1746651557,0.2350145504,0.8991335537,0.1350287976,0.003018408053,0.7040406978,0.0,0.0,0.0,0.0,0.0,2.703659126,0.0,1.810150227,0.4843253968,0.0,0.01567460317,0.903047619,0.02512698413,3.995024711,1.049369409,0.4928685608,36.71808007,4.983978521,13.17124514,6.066367068,21.4210879,13.17124514,19.93591408,0.0,21.95893118,19.93591408,6.176298517,6.9237372,13.17124514,15.91054863,22.67357176,1.792035689,0.0,1.332445565,54.46,0.7413151927,0.5721017574,0.05052380952,31.96666154,30.5186832,-6.198717848,-0.5802035465,-0.309865363,0.155164361,0.1592967637,2275.114305,2.09,0.00251,-6.27,2.597850078,4.101665835,1.26119403,-13.83767361,11.16728167,72.82102943,-0.3860697834,0.1572707599,-0.05661729883,0.8128885896,1.188467447,1.385646218,1.169289244,1.137579186,1.012467805,1.149255504,0.3863274904,0.991510793,6.002808208,0.1466088019,1.229032715,0.7194749337,0.423750376,6.542281956,0.0,0.1731802327,0.0,9.67224571,0.0,0.62,0.2419431816,0.889479317,4.398802147,44.2804485,9.665781456,0.0,0.0,11.1645023,5.917906046,12.13273414,10.08266033,14.61084548,0.0,10.00980201,2.833333333,1.278611111,0.3797004913,0.096875,0.0826873385,0.03118563686,0.03896814881,105.2326043,0.5408248503,-2.326330623,0.3945932708,0.0256806776,-0.4857751605,4.05,4.26,-4.83,0.005,8.28e-05
4.874762888,3.428571429,2.784425451,2.87962963,146.2217091,150.9941239,157.9963401,158.5402442,159.9072869,55.5171088,-23.45905421,9.852748943,-7.83160323,47.91974111,0.03965672389,-0.08469110507,-0.0283177358,1.161434476,1.029803856,0.9587730547,0.4816028966,1.128865679,1.08711971,1.017586478,1.112031134,1.008931429,0.6668742217,1.167654302,1.138392857,0.565111774,0.7913171568,1.048155457,0.6112380475,0.8091796514,0.9053723345,1.04259701,0.945187391,0.956465875,1.182217953,1.209208366,0.9438083753,1.101271972,1.132323358,0.9473387046,1.040676543,0.1627685423,0.07234939331,0.7702072531,0.06541342195,0.0,0.6848636974,0.0,0.0,0.0,0.0,0.0,0.0,0.0,2.004272784,0.478125,0.015625,0.021875,0.7588235294,0.02867647059,3.518533745,2.153891597,0.9798856559,32.01951086,10.30076712,5.261891555,12.13273414,46.29261463,0.0,24.9198926,0.0,28.71445679,24.9198926,6.544756406,18.25485007,5.687386275,50.88435568,0.0,2.468875052,0.0,1.643342141,103.17,0.5731972789,0.6198625283,0.045,26.81160078,31.05677271,-3.032394041,-1.691975118,-0.296404184,0.4181105421,-0.3103246066,2240.776417,0.92,0.00688,-5.11,2.597850078,4.101665835,1.26119403,-13.83767361,11.16728167,72.82102943,-0.3860697834,0.1572707599,-0.05661729883,0.8128885896,1.188467447,1.385646218,1.169289244,1.137579186,1.012467805,1.149255504,0.3863274904,0.991510793,6.002808208,0.1466088019,1.229032715,0.7194749337,0.423750376,6.542281956,0.0,0.1731802327,0.0,9.67224571,0.0,0.62,0.2419431816,0.889479317,4.398802147,44.2804485,9.665781456,0.0,0.0,11.1645023,5.917906046,12.13273414,10.08266033,14.61084548,0.0,10.00980201,2.833333333,1.278611111,0.3797004913,0.096875,0.0826873385,0.03118563686,0.03896814881,105.2326043,0.5408248503,-2.326330623,0.3945932708,0.0256806776,-0.4857751605,4.05,4.26,-4.83,0.005,8.28e-05
4.99633447,3.066666667,2.466666667,2.283702409,145.045857,151.7808163,154.5847109,162.0658088,153.7869852,91.43252595,-111.1868512,18.88696655,-25.21607074,52.22564214,-0.09577186839,-0.004723994585,-0.001318857314,0.8204296587,0.923798806,0.9197600469,0.4745684031,1.043212565,1.08311348,1.36831172,1.206264518,1.110483351,0.7604015041,1.435418941,1.159934498,0.5303073254,0.8992749702,0.7568720209,0.7937709652,0.9811979846,0.847892995,0.8060504642,1.15128987,1.17929948,1.151053834,1.150658022,1.213894295,0.9923983499,0.9381128886,1.083114681,0.9984535941,0.2926393097,0.168850319,1.762182231,0.4665289338,0.1020620726,0.7105510391,0.0,0.0,0.0,0.0,0.0,0.0,0.0,2.055152759,0.4820512821,0.01923076923,0.01794871795,0.7580246914,0.01761633428,3.303997161,2.368428181,1.346490872,28.37327328,5.106527395,5.098681808,45.89405,11.38785599,5.106527395,14.76446326,5.414990469,28.26427081,19.87099066,12.96557803,5.414990469,0.0,41.174265,5.693927995,9.890925645,0.0,1.737281155,50.94,0.8785034014,0.6823270975,0.04949864499,124.1941533,18.79239773,-3.597444181,-1.302169865,-0.04458693,0.1663626326,0.09362744359,1856.890625,3.06,0.0027,-5.28,2.597850078,4.101665835,1.26119403,-13.83767361,11.16728167,72.82102943,-0.3860697834,0.1572707599,-0.05661729883,0.8128885896,1.188467447,1.385646218,1.169289244,1.137579186,1.012467805,1.149255504,0.3863274904,0.991510793,6.002808208,0.1466088019,1.229032715,0.7194749337,0.423750376,6.542281956,0.0,0.1731802327,0.0,9.67224571,0.0,0.62,0.2419431816,0.889479317,4.398802147,44.2804485,9.665781456,0.0,0.0,11.1645023,5.917906046,12.13273414,10.08266033,14.61084548,0.0,10.00980201,2.833333333,1.278611111,0.3797004913,0.096875,0.0826873385,0.03118563686,0.03896814881,105.2326043,0.5408248503,-2.326330623,0.3945932708,0.0256806776,-0.4857751605,4.05,4.26,-4.83,0.005,8.28e-05
4.83287049,3.280898876,2.793103448,2.854642314,149.6517217,156.7887235,165.1300249,161.1284905,163.1065269,74.27852893,75.41319632,11.26608978,1.135208221,47.50931806,-0.1940148838,-0.08331887009,0.08640454012,1.31642711,1.322431658,1.016702807,0.3869798971,1.039052346,1.026194743,1.266190829,0.9712334693,0.7252172632,0.6450498108,1.044650369,1.297543257,0.6101764648,0.9604706502,0.9095742073,1.485893777,0.9001993602,0.853075442,1.036944541,1.049558482,1.070124523,1.170095256,1.250283439,0.8916500422,1.005423611,1.067359088,0.9758674735,0.8242227403,0.1832797149,0.08637282833,0.6617085363,0.05720369498,0.0,0.6959864369,0.0,0.0,0.0,0.0,0.0,0.0,0.0,1.907275554,0.4686813187,0.03846153846,0.03131868132,0.8153439153,0.01982091982,3.743368755,1.682895999,0.7237073367,28.33828488,5.316788604,5.098681808,0.0,17.57815784,4.390415048,24.73242031,0.0,11.38785599,24.73242031,6.544756406,12.74095804,15.7651876,34.64685839,6.066367068,4.618875901,0.0,1.51914289,68.52,0.5111564626,0.2803996599,0.04253753754,32.21497008,24.2729562,-2.989518449,-1.516796498,-0.1333143151,0.3854469559,-0.08393550899,1305.357101,1.75,0.0436,-3.57,2.597850078,4.101665835,1.26119403,-13.83767361,11.16728167,72.82102943,-0.3860697834,0.1572707599,-0.05661729883,0.8128885896,1.188467447,1.385646218,1.169289244,1.137579186,1.012467805,1.149255504,0.3863274904,0.991510793,6.002808208,0.1466088019,1.229032715,0.7194749337,0.423750376,6.542281956,0.0,0.1731802327,0.0,9.67224571,0.0,0.62,0.2419431816,0.889479317,4.398802147,44.2804485,9.665781456,0.0,0.0,11.1645023,5.917906046,12.13273414,10.08266033,14.61084548,0.0,10.00980201,2.833333333,1.278611111,0.3797004913,0.096875,0.0826873385,0.03118563686,0.03896814881,105.2326043,0.5408248503,-2.326330623,0.3945932708,0.0256806776,-0.4857751605,4.05,4.26,-4.83,0.005,8.28e-05
4.808350992,3.307692308,2.595588235,2.598870056,144.7629259,147.7589175,153.50475,153.9041889,157.9388272,26.51862673,-0.1607012418,6.734842951,-1.685902118,49.22976446,-0.1005165051,0.09118856424,0.07486897859,1.233316744,0.8490926167,0.9127689359,0.563096817,1.017292389,1.040318302,1.090552143,0.9179279139,1.025513645,0.5911242604,1.079036348,1.086253983,1.03106203,0.8978491903,0.9035789474,1.115573061,0.7846235028,0.9533476093,0.9340563371,1.007845284,1.090007646,0.97878136,1.152129437,0.975662232,1.155467498,1.053043714,0.9989757454,1.077909055,0.1934537568,0.1287815026,0.4238365946,0.0761440227,0.0,0.6732572563,0.0,0.0,0.0,0.0,0.0,0.0,0.0,2.076018519,0.4826086957,0.0,0.01739130435,0.75,0.01956521739,2.774861885,2.434591481,1.11403462,30.60576651,0.0,5.098681808,36.39820241,11.38785599,0.0,20.16532066,0.0,33.77213846,20.16532066,0.0,0.0,0.0,33.77213846,0.0,0.0,0.0,1.735372024,54.46,0.2586394558,0.1962159864,0.02134680135,53.96419523,20.9493021,-2.789726047,-1.178525788,-0.09450641028,0.3661234005,-0.2843668516,1329.437404,1.91,0.0207,-3.87,2.597850078,4.101665835,1.26119403,-13.83767361,11.16728167,72.82102943,-0.3860697834,0.1572707599,-0.05661729883,0.8128885896,1.188467447,1.385646218,1.169289244,1.137579186,1.012467805,1.149255504,0.3863274904,0.991510793,6.002808208,0.1466088019,1.229032715,0.7194749337,0.423750376,6.542281956,0.0,0.1731802327,0.0,9.67224571,0.0,0.62,0.2419431816,0.889479317,4.398802147,44.2804485,9.665781456,0.0,0.0,11.1645023,5.917906046,12.13273414,10.08266033,14.61084548,0.0,10.00980201,2.833333333,1.278611111,0.3797004913,0.096875,0.0826873385,0.03118563686,0.03896814881,105.2326043,0.5408248503,-2.326330623,0.3945932708,0.0256806776,-0.4857751605,4.05,4.26,-4.83,0.005,8.28e-05
4.814805348,3.534883721,3.873677249,3.404320988,144.7227279,147.4050701,155.2240072,159.9378992,154.4561001,25.69303986,26.10826889,6.431290898,-7.850684117,46.23770573,0.0584850184,0.08927022399,-0.03699110817,0.7177619018,0.7433106859,0.8252219138,0.495530168,1.036737698,1.161312321,0.9090909091,0.8598944628,0.8661781211,0.7253674469,1.150452718,1.094322982,0.4825250131,0.8028411052,0.9775436168,0.41702611,0.7567441633,0.9711726078,0.7845234312,0.9408536473,1.074461045,0.9275797067,1.073783433,1.104481501,1.004902277,0.7977153753,0.8818053521,0.9201523475,0.2140199639,0.1501865618,0.5974907466,0.08259517058,0.0,0.6963983015,-0.9841012049,0.0,11.04215076,0.0,0.0,0.0,0.0,1.873950546,0.4686067019,0.01851851852,0.03139329806,0.805090312,0.03741409718,3.166620655,2.190931349,1.160085922,33.70273077,10.09050592,0.0,18.19910121,22.64523548,14.29147963,14.95193556,0.0,34.03309147,26.02776825,0.0,5.817220841,4.390415048,11.12690298,24.26546827,0.0,0.0,1.639376376,78.87,0.4570521542,0.2795493197,0.03757834758,133.7769021,25.04206361,-3.050304278,-1.346285933,-0.239957759,0.343601045,-0.205236377,1771.427832,2.78,0.00673,-4.98,2.597850078,4.101665835,1.26119403,-13.83767361,11.16728167,72.82102943,-0.3860697834,0.1572707599,-0.05661729883,0.8128885896,1.188467447,1.385646218,1.169289244,1.137579186,1.012467805,1.149255504,0.3863274904,0.991510793,6.002808208,0.1466088019,1.229032715,0.7194749337,0.423750376,6.542281956,0.0,0.1731802327,0.0,9.67224571,0.0,0.62,0.2419431816,0.889479317,4.398802147,44.2804485,9.665781456,0.0,0.0,11.1645023,5.917906046,12.13273414,10.08266033,14.61084548,0.0,10.00980201,2.833333333,1.278611111,0.3797004913,0.096875,0.0826873385,0.03118563686,0.03896814881,105.2326043,0.5408248503,-2.326330623,0.3945932708,0.0256806776,-0.4857751605,4.05,4.26,-4.83,0.005,8.28e-05
4.773957061,3.465517241,2.506858711,2.574133074,142.568784,147.0264186,150.228361,156.1724908,159.8089967,37.25823401,-42.15075398,6.387543253,-10.49134948,51.19414657,-0.1232475129,-0.06048862328,-0.3969541693,1.054521134,0.9514008569,0.7659585896,0.5496909568,0.9484975008,0.9355006689,1.28728987,1.498679609,1.328864352,0.702740662,1.076825843,1.046033514,0.9764116598,1.01926616,1.03888694,1.590509625,0.7324090131,0.7950806361,0.8949825732,1.429588173,1.141796019,0.9601897125,1.168403169,1.072127304,1.140327832,1.156503074,0.9274549705,0.7764336092,0.1752600273,0.1713114299,0.9040054457,0.09878289721,0.0,0.6865492513,0.0,0.0,0.0,0.0,0.0,1.592402954,0.0,2.137281307,0.5112554113,0.02272727273,0.0,0.7978354978,0.0,3.343809532,1.743653309,0.9045555148,29.43827486,0.0,5.098681808,58.8330126,11.89077157,0.0,14.59805822,0.0,21.82845468,14.59805822,0.0,6.9237372,0.0,31.81196091,5.563451492,2.084179544,0.0,1.613859381,30.19,0.3788208617,0.3411635488,0.04555555556,98.50396462,23.86903746,-4.431175036,-0.4233779371,-0.2706113907,0.3611107697,-0.1605658084,390.8279117,4.07,0.000727,-6.13,2.597850078,4.101665835,1.26119403,-13.83767361,11.16728167,72.82102943,-0.3860697834,0.1572707599,-0.05661729883,0.8128885896,1.188467447,1.385646218,1.169289244,1.137579186,1.012467805,1.149255504,0.3863274904,0.991510793,6.002808208,0.1466088019,1.229032715,0.7194749337,0.423750376,6.542281956,0.0,0.1731802327,0.0,9.67224571,0.0,0.62,0.2419431816,0.889479317,4.398802147,44.2804485,9.665781456,0.0,0.0,11.1645023,5.917906046,12.13273414,10.08266033,14.61084548,0.0,10.00980201,2.833333333,1.278611111,0.3797004913,0.096875,0.0826873385,0.03118563686,0.03896814881,105.2326043,0.5408248503,-2.326330623,0.3945932708,0.0256806776,-0.4857751605,4.05,4.26,-4.83,0.005,8.28e-05
4.84886367,3.345132743,2.631858711,2.624958292,145.9770422,152.953981,152.6842497,157.4450447,164.3073057,79.47213322,-37.51675171,13.71306515,-8.124599502,51.38666017,-0.009400924818,0.204855339,-0.001069349544,1.005233256,1.119522259,1.156194186,0.4977187343,1.033742759,1.029176312,0.8970563132,0.9653634742,1.080027722,0.663694868,1.126869159,0.9829832107,0.786586176,1.13598634,0.9583783785,1.173372775,0.8593066484,0.7802333168,1.32374746,0.8180613897,1.260601618,1.160368181,1.018835717,1.129072193,1.079834249,1.329678525,1.146837014,1.020986166,0.1655533624,0.1023502624,1.189562466,0.1146045727,0.0,0.6894086529,1.035422336,0.0,0.0,0.0,0.0,1.628356245,0.0,2.204546418,0.4913978495,0.01612903226,0.008602150538,0.7708333333,0.01518817204,3.623435714,2.104484741,1.194041746,33.67938053,5.316788604,5.425791397,52.80517724,10.57107519,0.0,20.40266096,4.992404733,11.38785599,21.31540493,6.544756406,26.93698721,5.13155848,45.37412621,16.69035448,6.966363136,0.0,1.606975805,67.51,0.696462585,0.5130385488,0.04419753086,24.93919058,26.14319643,-4.681897176,-1.321207125,-0.3160646832,0.214884952,0.2585630642,2128.759623,3.25,0.00148,-6.04,2.597850078,4.101665835,1.26119403,-13.83767361,11.16728167,72.82102943,-0.3860697834,0.1572707599,-0.05661729883,0.8128885896,1.188467447,1.385646218,1.169289244,1.137579186,1.012467805,1.149255504,0.3863274904,0.991510793,6.002808208,0.1466088019,1.229032715,0.7194749337,0.423750376,6.542281956,0.0,0.1731802327,0.0,9.67224571,0.0,0.62,0.2419431816,0.889479317,4.398802147,44.2804485,9.665781456,0.0,0.0,11.1645023,5.917906046,12.13273414,10.08266033,14.61084548,0.0,10.00980201,2.833333333,1.278611111,0.3797004913,0.096875,0.0826873385,0.03118563686,0.03896814881,105.2326043,0.5408248503,-2.326330623,0.3945932708,0.0256806776,-0.4857751605,4.05,4.26,-4.83,0.005,8.28e-05
4.903407469,3.638554217,2.775983348,2.513594118,143.9205754,148.497033,155.7072841,157.6903983,156.1471078,47.5648778,-49.07432603,8.611111111,-11.11111111,49.36971113,-0.3256048181,0.007166955336,-0.2231714005,0.928830155,1.359112878,0.8892957006,0.4925806497,1.046212291,1.096330246,1.262825586,1.087030257,1.06378838,0.6357555488,1.046116046,1.09849187,0.806176138,1.059650804,1.134986036,1.36756626,0.7586816813,0.8736319481,0.9087220074,0.7062011674,0.9363242298,1.097914098,1.162316982,1.069299139,1.153244123,1.001694662,0.9636005185,0.945521376,0.1884334693,0.1109721935,0.7609291239,0.09332482137,0.0,0.6747025075,0.6099706843,0.0,0.0,0.0,0.0,1.623420283,0.0,2.091736636,0.4938271605,0.01851851852,0.006172839506,0.7666666667,0.01728395062,3.421298286,1.971019137,1.017358475,31.3110809,5.316788604,0.0,24.26546827,21.41454618,0.0,15.28474565,4.992404733,0.0,15.80357683,0.0,13.08951281,11.37477255,44.70847628,0.0,1.966259719,0.0,1.645994822,64.27,0.4734240363,0.3871527778,0.03834795322,20.66219208,30.25372769,-4.349804826,-1.364894195,-0.2638964467,0.3145197949,-0.1177401881,2341.143937,2.83,0.00211,-5.7,2.597850078,4.101665835,1.26119403,-13.83767361,11.16728167,72.82102943,-0.3860697834,0.1572707599,-0.05661729883,0.8128885896,1.188467447,1.385646218,1.169289244,1.137579186,1.012467805,1.149255504,0.3863274904,0.991510793,6.002808208,0.1466088019,1.229032715,0.7194749337,0.423750376,6.542281956,0.0,0.1731802327,0.0,9.67224571,0.0,0.62,0.2419431816,0.889479317,4.398802147,44.2804485,9.665781456,0.0,0.0,11.1645023,5.917906046,12.13273414,10.08266033,14.61084548,0.0,10.00980201,2.833333333,1.278611111,0.3797004913,0.096875,0.0826873385,0.03118563686,0.03896814881,105.2326043,0.5408248503,-2.326330623,0.3945932708,0.0256806776,-0.4857751605,4.05,4.26,-4.83,0.005,8.28e-05
4.91143227,3.472727273,3.905328798,3.804257529,147.1889596,150.5716193,153.3000036,156.5291915,157.0717226,39.74102079,-35.96030246,10.59924386,-11.68809074,45.48331132,-0.0008832956259,0.005339956495,0.08903173059,1.060415245,0.7549113867,0.922099812,0.4916131253,1.000354625,1.047029998,0.9582893529,0.9766345731,1.03765017,0.6291793313,1.077760892,1.029566179,0.5904261633,0.8753185132,1.101000288,1.008770503,0.7707667714,0.8555152636,0.8821284576,0.8639818236,1.070424328,1.035286165,1.106167404,1.142212589,1.19186736,0.9991903616,0.9850828399,0.9372538201,0.1536183472,0.09459016054,0.7090739295,0.1275821809,0.0,0.6888187153,-0.5318461614,5.31165637,24.77564615,10.84841365,0.0,0.0,0.0,1.850266211,0.4644444444,0.01666666667,0.03555555556,0.8050505051,0.05050505051,3.506544483,2.017017473,0.9830278467,33.15744284,15.20739338,0.0,12.13273414,22.63869376,14.26826309,14.76446326,5.733667477,39.70116891,27.4645853,0.0,0.0,0.0,0.0,4.681802935,0.1482791863,0.0,1.557441303,112.23,0.6815419501,0.454010771,0.04024305556,166.0474505,28.59171415,-3.363356727,-1.700926633,-0.4891252624,0.2840054021,-0.4165042679,2079.53101,1.9,0.0292,-4.4,2.597850078,4.101665835,1.26119403,-13.83767361,11.16728167,72.82102943,-0.3860697834,0.1572707599,-0.05661729883,0.8128885896,1.188467447,1.385646218,1.169289244,1.137579186,1.012467805,1.149255504,0.3863274904,0.991510793,6.002808208,0.1466088019,1.229032715,0.7194749337,0.423750376,6.542281956,0.0,0.1731802327,0.0,9.67224571,0.0,0.62,0.2419431816,0.889479317,4.398802147,44.2804485,9.665781456,0.0,0.0,11.1645023,5.917906046,12.13273414,10.08266033,14.61084548,0.0,10.00980201,2.833333333,1.278611111,0.3797004913,0.096875,0.0826873385,0.03118563686,0.03896814881,105.2326043,0.5408248503,-2.326330623,0.3945932708,0.0256806776,-0.4857751605,4.05,4.26,-4.83,0.005,8.28e-05
4.88992845,3.753846154,2.794797178,2.942307692,144.1027622,150.3402747,157.2832898,158.2228931,154.7643358,38.23385369,35.15559637,6.644628099,-3.049586777,50.02006968,-0.02647993937,0.0763616943,-0.01540645135,1.176492564,1.021465435,0.3819553817,0.449132869,1.051293869,1.258961491,1.02689219,0.8366360391,0.9559527936,0.6111111111,0.9166666667,1.379881657,0.5735961645,0.9090066247,0.9275138058,0.6093650198,0.7963795128,0.9313135829,0.8808674439,1.207712225,1.335756738,0.9994501054,1.080802063,0.9801829355,0.8785771904,0.8789046908,0.999384296,1.171450206,0.2313117594,0.1229123691,0.5242119621,0.1086331621,0.0,0.6778019067,0.0,0.0,0.0,0.0,1.745355463,0.0,0.0,1.954116119,0.49138322,0.02380952381,0.008616780045,0.8229024943,0.0,3.3579855,1.68640862,0.7167116501,26.16116463,4.567099648,0.0,17.82825202,11.38785599,4.390415048,14.53505669,0.0,22.64523548,20.2879103,6.544756406,5.817220841,4.390415048,40.09928197,12.13273414,0.9231580688,0.0,1.606288741,30.71,0.2719274376,0.2777777778,0.04094444444,4.069284137,19.98217491,-3.695747383,-0.7633718554,0.00284819115,0.07937513201,0.00896802514,1654.378846,2.52,0.0287,-3.8,2.597850078,4.101665835,1.26119403,-13.83767361,11.16728167,72.82102943,-0.3860697834,0.1572707599,-0.05661729883,0.8128885896,1.188467447,1.385646218,1.169289244,1.137579186,1.012467805,1.149255504,0.3863274904,0.991510793,6.002808208,0.1466088019,1.229032715,0.7194749337,0.423750376,6.542281956,0.0,0.1731802327,0.0,9.67224571,0.0,0.62,0.2419431816,0.889479317,4.398802147,44.2804485,9.665781456,0.0,0.0,11.1645023,5.917906046,12.13273414,10.08266033,14.61084548,0.0,10.00980201,2.833333333,1.278611111,0.3797004913,0.096875,0.0826873385,0.03118563686,0.03896814881,105.2326043,0.5408248503,-2.326330623,0.3945932708,0.0256806776,-0.4857751605,4.05,4.26,-4.83,0.005,8.28e-05
4.821864782,3.0234375,2.528490028,2.638383838,146.3467283,151.2254929,157.186806,159.0318735,156.633458,50.20297521,43.61818182,8.479338843,1.247933884,49.47834402,-0.07109127655,0.0355086687,0.144729708,1.098436452,1.016168077,0.7786952573,0.5436466395,1.043135494,1.043135494,0.9738463563,0.777126301,0.8916458408,0.7281739687,1.186132075,0.9923349057,0.7414861039,1.053732652,1.393481191,0.8417966211,0.8795727074,0.9889053603,0.8184946154,1.048252812,1.146973605,1.131669773,1.171715426,1.015878179,1.08278471,0.8995710157,1.089856057,1.026381936,0.1606741544,0.09569664158,0.7104330604,0.1056068053,0.0,0.6797656753,0.0585009185,0.0,12.45432442,5.337351856,0.0,0.0,0.0,2.034631883,0.4739583333,0.015625,0.02604166667,0.7803921569,0.0300245098,3.693485395,2.087874319,0.8823513639,29.45497848,10.05365156,5.098681808,18.19910121,11.38785599,9.531400138,20.16532066,5.917906046,33.77213846,39.28626432,9.531400138,5.917906046,5.687386275,52.30116798,0.0,1.301084642,0.0,1.646727263,92.79,0.3786394558,0.3785076531,0.02737588652,142.3191854,29.60938638,-4.556060394,-1.438365411,-0.2568511041,0.2918328058,-0.2183428283,1432.418675,1.37,0.0256,-4.15,2.597850078,4.101665835,1.26119403,-13.83767361,11.16728167,72.82102943,-0.3860697834,0.1572707599,-0.05661729883,0.8128885896,1.188467447,1.385646218,1.169289244,1.137579186,1.012467805,1.149255504,0.3863274904,0.991510793,6.002808208,0.1466088019,1.229032715,0.7194749337,0.423750376,6.542281956,0.0,0.1731802327,0.0,9.67224571,0.0,0.62,0.2419431816,0.889479317,4.398802147,44.2804485,9.665781456,0.0,0.0,11.1645023,5.917906046,12.13273414,10.08266033,14.61084548,0.0,10.00980201,2.833333333,1.278611111,0.3797004913,0.096875,0.0826873385,0.03118563686,0.03896814881,105.2326043,0.5408248503,-2.326330623,0.3945932708,0.0256806776,-0.4857751605,4.05,4.26,-4.83,0.005,8.28e-05
